Molecule ChEMBL ID,Smiles,Standard Value
CHEMBL1170860,C[C@H](NP(=O)(OC[C@H]1O[C@@H](n2cnc3c(=O)[nH]c(N)nc32)[C@](C)(O)[C@@H]1O)Oc1cccc2ccccc12)C(=O)O[C@@H](C)c1ccccc1,100000.0
CHEMBL1235569,O=Cc1ccc2ccccc2n1,100000.0
CHEMBL125,CCCCCCCCCCCCCCCCOP(=O)([O-])OCC[N+](C)(C)C,81810.0
CHEMBL1319750,Cc1cccc(-c2oc3ccc(-c4ccc5c(c4)OCO5)cc3c2C#Cc2cncn2C)c1,50000.0
CHEMBL1335010,O=C(CSc1nnc(-c2ccncc2)s1)Nc1ccccc1,15210.0
CHEMBL1401,CC(=O)Oc1ccccc1C(=O)Nc1ncc([N+](=O)[O-])s1,40000.0
CHEMBL141,Nc1ccn([C@@H]2CS[C@H](CO)O2)c(=O)n1,500000.0
CHEMBL1422182,Cc1cc(Br)ccc1NC(=O)c1cnc(N2CCN(c3ccccn3)CC2)c2ccccc12,50000.0
CHEMBL1433,C[C@H]1c2cccc(O)c2C(=O)C2=C(O)[C@]3(O)C(=O)C(C(N)=O)=C(O)[C@@H](N(C)C)[C@@H]3[C@@H](O)[C@@H]21,20000.0
CHEMBL1441801,c1ccc(Sc2cnc3ccccc3n2)cc1,50000.0
CHEMBL1447249,Cc1ccc2cc([N+](=O)[O-])ccc2n1,100000.0
CHEMBL14474,c1ccc2ncccc2c1,100000.0
CHEMBL1450,O=C1C(O)=C([C@H]2CC[C@H](c3ccc(Cl)cc3)CC2)C(=O)c2ccccc21,15600.0
CHEMBL1510023,Nc1c(C(=O)NC2CCCCC2)nsc1C(=O)OCC(=O)NC1CCCCC1,50000.0
CHEMBL1531829,O=[N+]([O-])c1cnc2ccccn12,100000.0
CHEMBL1569917,O=C(/C=C/c1cccs1)N1CCN(Cc2ccc3c(c2)OCO3)CC1,140000.0
CHEMBL15750,O=[N+]([O-])c1ccccc1,100000.0
CHEMBL1631694,CSc1ccc(OCc2ncc([N+](=O)[O-])n2C)cc1,200000.0
CHEMBL164449,O=[N+]([O-])c1cccc2ncccc12,100000.0
CHEMBL167727,O=[N+]([O-])c1cccc2cccnc12,100000.0
CHEMBL167800,Cc1ccc2cccc([N+](=O)[O-])c2n1,100000.0
CHEMBL1683948,CC1(C)C=Cc2c(ccc3c2C(=O)C=C(O)C3=O)O1,25000.0
CHEMBL169,C[C@H]1[C@H](C)CC[C@]2(C(=O)O)CC[C@]3(C)C(=CC[C@@H]4[C@@]5(C)CC[C@H](O)C(C)(C)[C@@H]5CC[C@]43C)[C@H]12,113620.0
CHEMBL172,O[C@@H](c1cc(C(F)(F)F)nc2c(C(F)(F)F)cccc12)[C@H]1CCCCN1,11800.0
CHEMBL1821734,ClC(Cl)(Cl)c1nc(Oc2cccc3ccccc23)c2ccccc2n1,2400.0
CHEMBL1822418,Oc1nc(C(Cl)(Cl)Cl)nc2ccccc12,21000.0
CHEMBL1822419,ClC(Cl)(Cl)c1nc(Oc2ccccc2)c2ccccc2n1,50000.0
CHEMBL1822420,ClC(Cl)(Cl)c1nc(Oc2ccc3ccccc3c2)c2ccccc2n1,3600.0
CHEMBL1822421,Cc1ccc(Oc2nc(C(Cl)(Cl)Cl)nc3ccccc23)cc1C,29000.0
CHEMBL1822422,Clc1ccc(Oc2nc(C(Cl)(Cl)Cl)nc3ccccc23)cc1,50000.0
CHEMBL1822423,Clc1cccc(Oc2nc(C(Cl)(Cl)Cl)nc3ccccc23)c1,26100.0
CHEMBL1822424,Clc1ccccc1Oc1nc(C(Cl)(Cl)Cl)nc2ccccc12,33600.0
CHEMBL1822425,Fc1ccc(Oc2nc(C(Cl)(Cl)Cl)nc3ccccc23)cc1,29500.0
CHEMBL1822426,Fc1cccc(Oc2nc(C(Cl)(Cl)Cl)nc3ccccc23)c1,41700.0
CHEMBL1822427,Fc1ccccc1Oc1nc(C(Cl)(Cl)Cl)nc2ccccc12,38300.0
CHEMBL1822428,FC(F)(F)c1ccc(Oc2nc(C(Cl)(Cl)Cl)nc3ccccc23)cc1,29600.0
CHEMBL1822429,FC(F)(F)c1cccc(Oc2nc(C(Cl)(Cl)Cl)nc3ccccc23)c1,25100.0
CHEMBL1822430,FC(F)(F)c1ccccc1Oc1nc(C(Cl)(Cl)Cl)nc2ccccc12,34900.0
CHEMBL1822431,O=[N+]([O-])c1ccc(Oc2nc(C(Cl)(Cl)Cl)nc3ccccc23)cc1,16000.0
CHEMBL1822432,O=[N+]([O-])c1cccc(Oc2nc(C(Cl)(Cl)Cl)nc3ccccc23)c1,36300.0
CHEMBL1822433,O=[N+]([O-])c1ccccc1Oc1nc(C(Cl)(Cl)Cl)nc2ccccc12,8000.0
CHEMBL1822434,Cc1ccc(Oc2nc(C(Cl)(Cl)Cl)nc3ccccc23)cc1,42800.0
CHEMBL1822435,Cc1cccc(Oc2nc(C(Cl)(Cl)Cl)nc3ccccc23)c1,7600.0
CHEMBL1822436,Cc1ccccc1Oc1nc(C(Cl)(Cl)Cl)nc2ccccc12,25100.0
CHEMBL1822437,COc1ccc(Oc2nc(C(Cl)(Cl)Cl)nc3ccccc23)cc1,34100.0
CHEMBL1822438,COc1cccc(Oc2nc(C(Cl)(Cl)Cl)nc3ccccc23)c1,550.0
CHEMBL1822439,COc1ccccc1Oc1nc(C(Cl)(Cl)Cl)nc2ccccc12,6700.0
CHEMBL1822440,Cc1nc(Oc2ccc(Cl)cc2)c2ccccc2n1,26000.0
CHEMBL1822441,FC(F)(F)c1nc(Oc2ccc(Cl)cc2)c2ccccc2n1,72000.0
CHEMBL186422,O=c1ccc2ccccc2[nH]1,100000.0
CHEMBL194931,Cc1ccc2ccccc2n1,300000.0
CHEMBL1956285,Cc1cc(Nc2ccc(S(F)(F)(F)(F)F)cc2)n2nc(C(C)(F)F)nc2n1,30000.0
CHEMBL1964398,Cc1ccc(C(=O)N/N=C(/CC(=O)c2cccs2)C(F)(F)F)cc1,50000.0
CHEMBL1984677,Cc1cc(C)n2nc(N)c(/N=N/c3ccccc3)c2n1,50000.0
CHEMBL2040868,O=C(O)c1ccc2cccc([N+](=O)[O-])c2n1,100000.0
CHEMBL2041763,ClC(Cl)(Cl)c1nc(Sc2ccccc2)c2ccccc2n1,35000.0
CHEMBL2041764,Clc1ccccc1Sc1nc(C(Cl)(Cl)Cl)nc2ccccc12,26000.0
CHEMBL2041765,Clc1cccc(Sc2nc(C(Cl)(Cl)Cl)nc3ccccc23)c1,16000.0
CHEMBL2041766,Clc1ccc(Sc2nc(C(Cl)(Cl)Cl)nc3ccccc23)cc1,25000.0
CHEMBL2041767,Fc1ccccc1Sc1nc(C(Cl)(Cl)Cl)nc2ccccc12,28000.0
CHEMBL2041768,Fc1cccc(Sc2nc(C(Cl)(Cl)Cl)nc3ccccc23)c1,15500.0
CHEMBL2041769,Fc1ccc(Sc2nc(C(Cl)(Cl)Cl)nc3ccccc23)cc1,30000.0
CHEMBL2041770,FC(F)(F)c1ccccc1Sc1nc(C(Cl)(Cl)Cl)nc2ccccc12,28000.0
CHEMBL2041945,FC(F)(F)c1cccc(Sc2nc(C(Cl)(Cl)Cl)nc3ccccc23)c1,17500.0
CHEMBL2041946,FC(F)(F)c1ccc(Sc2nc(C(Cl)(Cl)Cl)nc3ccccc23)cc1,13000.0
CHEMBL2041947,Cc1ccccc1Sc1nc(C(Cl)(Cl)Cl)nc2ccccc12,52000.0
CHEMBL2041948,Cc1cccc(Sc2nc(C(Cl)(Cl)Cl)nc3ccccc23)c1,35000.0
CHEMBL2041949,Cc1ccc(Sc2nc(C(Cl)(Cl)Cl)nc3ccccc23)cc1,30000.0
CHEMBL2041950,COc1ccccc1Sc1nc(C(Cl)(Cl)Cl)nc2ccccc12,32000.0
CHEMBL2041951,COc1cccc(Sc2nc(C(Cl)(Cl)Cl)nc3ccccc23)c1,12000.0
CHEMBL2041952,COc1ccc(Sc2nc(C(Cl)(Cl)Cl)nc3ccccc23)cc1,8000.0
CHEMBL2041953,Clc1ccc(Sc2nc(C(Cl)(Cl)Cl)nc3ccccc23)c(Cl)c1,18200.0
CHEMBL2041954,Clc1ccc(Sc2ncnc3ccccc23)cc1,16700.0
CHEMBL2041955,FC(F)(F)c1nc(Sc2ccc(Cl)cc2)c2ccccc2n1,15000.0
CHEMBL2042557,ClC(Cl)(Cl)c1ccc2ccccc2n1,112500.0
CHEMBL2042558,O=[N+]([O-])c1cccc2ccc(C(Cl)(Cl)Cl)nc12,25000.0
CHEMBL2042559,O=[N+]([O-])c1cccc2nc(C(Cl)(Cl)Cl)ccc12,10000.0
CHEMBL2042560,O=[N+]([O-])c1cccc2ccc(CCl)nc12,18300.0
CHEMBL2042561,O=[N+]([O-])c1cccc2ccc(C(Cl)Cl)nc12,21500.0
CHEMBL2042562,CC(C)=Cc1ccc2cccc([N+](=O)[O-])c2n1,100000.0
CHEMBL2042563,C/C=C/c1ccc2cccc([N+](=O)[O-])c2n1,12000.0
CHEMBL2042564,CC/C=C/c1ccc2cccc([N+](=O)[O-])c2n1,10000.0
CHEMBL2042565,CCC/C=C/c1ccc2cccc([N+](=O)[O-])c2n1,16000.0
CHEMBL2042566,O=[N+]([O-])c1cccc2ccc(C(Br)Br)nc12,1200.0
CHEMBL2042567,O=[N+]([O-])c1cccc2ccc(C(Br)(Br)Br)nc12,100.0
CHEMBL2042568,O=[N+]([O-])c1ccc2nc(C(Cl)(Cl)Cl)ccc2c1,10000.0
CHEMBL2042569,CC(C)=C(Cl)c1ccc2cc([N+](=O)[O-])ccc2n1,25000.0
CHEMBL2042570,O=[N+]([O-])c1ccc2nc(C(Cl)Cl)ccc2c1,5600.0
CHEMBL2042571,CC(C)=Cc1ccc2cc([N+](=O)[O-])ccc2n1,100000.0
CHEMBL2042572,CC(C)=C(Cl)c1ccc2cccc([N+](=O)[O-])c2n1,100000.0
CHEMBL2042573,O=[N+]([O-])c1cccc2ccc(O)nc12,145150.0
CHEMBL2042574,COc1ccc2cccc([N+](=O)[O-])c2n1,75000.0
CHEMBL2042575,CNC(=O)c1ccc2cccc([N+](=O)[O-])c2n1,100000.0
CHEMBL2042576,CC(C)NC(=O)c1ccc2cccc([N+](=O)[O-])c2n1,100000.0
CHEMBL2042577,O=C(c1ccc2cccc([N+](=O)[O-])c2n1)N1CCCC1,100000.0
CHEMBL2042578,O=Cc1ccc2cccc([N+](=O)[O-])c2n1,40600.0
CHEMBL2042579,O=Cc1ccc2c([N+](=O)[O-])cccc2n1,92000.0
CHEMBL2042580,Clc1ccc2ccccc2n1,100000.0
CHEMBL2042581,O=[N+]([O-])c1cccc2ccc(Cl)nc12,100000.0
CHEMBL2042582,O=[N+]([O-])c1cccc2nc(Cl)ccc12,100000.0
CHEMBL2042583,Nc1ccc2cccc([N+](=O)[O-])c2n1,47900.0
CHEMBL2042584,O=[N+]([O-])c1cccc2nc(O)ccc12,100000.0
CHEMBL2042585,O=[N+]([O-])c1ccc2nc(O)ccc2c1,100000.0
CHEMBL2043025,COc1ccc2c(c1)C=C1Cn3c-2c(C2CCCCC2)c2ccc(cc23)C(=O)NS(=O)(=O)N(C)CCOCCN(C)C1=O,50000.0
CHEMBL2063962,Cc1ccc(S(=O)(=O)c2cc3ccccc3c3sc(C)nc23)cc1,2200.0
CHEMBL2063963,Cc1ccc(S(=O)(=O)c2cc3ccc(C)cc3c3sc(C)nc23)cc1,25000.0
CHEMBL2063964,Cc1ccc(S(=O)(=O)c2cc3cc(F)ccc3c3sc(C)nc23)cc1,3100.0
CHEMBL2063965,COc1cc2cc(S(=O)(=O)c3ccc(C)cc3)c3nc(C)sc3c2cc1OC,125000.0
CHEMBL2063966,Cc1ccc(S(=O)(=O)c2c(N)c3ccccc3c3sc(C)nc23)cc1,200.0
CHEMBL2063967,Cc1ccc(S(=O)(=O)c2c(N)c3cc(F)ccc3c3sc(C)nc23)cc1,200.0
CHEMBL2063968,Cc1nc2c(S(=O)(=O)c3ccccc3)cc3ccccc3c2s1,11300.0
CHEMBL2063969,Cc1ccc2cc(S(=O)(=O)c3ccccc3)c3nc(C)sc3c2c1,125000.0
CHEMBL2063970,Cc1nc2c(S(=O)(=O)c3ccccc3)cc3cc(F)ccc3c2s1,26000.0
CHEMBL2063971,COc1cc2cc(S(=O)(=O)c3ccccc3)c3nc(C)sc3c2cc1OC,125000.0
CHEMBL2063972,Cc1nc2c(S(=O)(=O)c3ccccc3)c(N)c3ccccc3c2s1,500000.0
CHEMBL2063973,Cc1nc2c(S(=O)(=O)c3ccccc3)c(N)c3cc(F)ccc3c2s1,500000.0
CHEMBL2063974,Cc1nc2c(S(=O)(=O)c3ccc(Cl)cc3)cc3ccccc3c2s1,6000.0
CHEMBL2063975,Cc1nc2c(S(=O)(=O)c3ccc(Cl)cc3)cc3cc(F)ccc3c2s1,3400.0
CHEMBL2063976,COc1cc2cc(S(=O)(=O)c3ccc(Cl)cc3)c3nc(C)sc3c2cc1OC,31200.0
CHEMBL2063977,Cc1nc2c(S(=O)(=O)c3ccc(Cl)cc3)c(N)c3ccccc3c2s1,1000.0
CHEMBL2063978,Cc1nc2c(S(=O)(=O)c3ccc(Cl)cc3)c(N)c3cc(F)ccc3c2s1,500.0
CHEMBL2147682,CC(=O)O[C@H]1CC[C@]2(C)[C@H]3CC=C4[C@@H]5[C@@H](C)[C@H](C)CC[C@]5(C(=O)n5ccnc5)CC[C@@]4(C)[C@]3(C)CC[C@H]2C1(C)C,400000.0
CHEMBL2147688,C[C@H]1[C@H](C)CC[C@]2(C(=O)n3ccnc3)CC[C@]3(C)C(=CC[C@@H]4[C@@]5(C)CCC(=O)C(C)(C)[C@@H]5CC[C@]43C)[C@H]12,400000.0
CHEMBL2158040,COc1ccc2nccc([C@H](O)CC[C@@H]3CCN(CCSc4ccc[se]4)C[C@@H]3C(=O)O)c2c1,100000.0
CHEMBL2158041,COc1ccc2nccc([C@@H](O)CC[C@@H]3CCN(CCSc4ccc[se]4)C[C@@H]3C(=O)O)c2c1,100000.0
CHEMBL2158130,COc1cc(/C=N/NC(=O)c2nc(-c3ccc(C)cc3)no2)ccc1O,46600.0
CHEMBL2158133,COc1cc(/C=N/NC(=O)c2nc(-c3ccc(Br)cc3)no2)ccc1O,16900.0
CHEMBL2158134,COc1cc(/C=N/NC(=O)c2nc(-c3ccc([N+](=O)[O-])cc3)no2)ccc1O,14800.0
CHEMBL2158135,COc1cc(/C=N/NC(=O)c2nc(-c3ccc(O)cc3)no2)ccc1O,200000.0
CHEMBL2158236,O=C(N/N=C/c1ccc2c(c1)OCO2)c1nc(-c2ccc(O)cc2)no1,200000.0
CHEMBL2159973,COc1ccc2nccc([C@H](O)CC[C@@H]3CCN(CCSc4ccco4)C[C@@H]3C(=O)O)c2c1,100000.0
CHEMBL2159974,COc1ccc2nccc([C@@H](O)CC[C@@H]3CCN(CCSc4ccco4)C[C@@H]3C(=O)O)c2c1,100000.0
CHEMBL2159975,COc1ccc2nccc([C@H](O)CC[C@@H]3CCN(CCSc4cccs4)C[C@@H]3C(=O)O)c2c1,100000.0
CHEMBL2159976,COc1ccc2nccc([C@@H](O)CC[C@@H]3CCN(CCSc4cccs4)C[C@@H]3C(=O)O)c2c1,100000.0
CHEMBL216146,Cn1c(=O)ccc2ccccc21,100000.0
CHEMBL219216,COc1c(-c2ccc3c(c2)CNC3)c(F)cc2c(=O)c3c(=O)[nH]sc3n(C3CC3)c12,35000.0
CHEMBL219534,COc1c(-c2ccnc(C)c2)c(F)cc2c(=O)c3c(=O)[nH]sc3n(C3CC3)c12,100000.0
CHEMBL220656,COc1c(-c2cc(C)nc(C)c2)c(F)cc2c(=O)c3c(=O)[nH]sc3n(C3CC3)c12,65000.0
CHEMBL222838,NCCC[C@](N)(C(=O)O)C(F)F,100000.0
CHEMBL2420465,N#Cc1ccc2cc3c(=O)[nH]c(=O)nc-3n(-c3ccc(O)cc3)c2c1,100000.0
CHEMBL2420480,N#Cc1ccc2cc3c(=O)[nH]c(=O)nc-3n(-c3cccc(-c4nnn[nH]4)c3)c2c1,100000.0
CHEMBL2420506,N#Cc1ccc2cc3c(=O)[nH]c(=O)nc-3n(-c3ccccc3)c2c1,100000.0
CHEMBL2420507,N#Cc1ccc2cc3c(=O)[nH]c(=O)nc-3n(-c3cccc(O)c3)c2c1,100000.0
CHEMBL2440136,Cc1ccc(S(=O)(=O)Cc2nc3ccc(I)cn3c2[N+](=O)[O-])cc1,50000.0
CHEMBL2441873,Cc1nc2ccccn2c1[N+](=O)[O-],100000.0
CHEMBL2441874,ClCc1cn2ccccc2n1,100000.0
CHEMBL2441875,O=S(=O)(Cc1cn2ccccc2n1)c1ccccc1,100000.0
CHEMBL2441876,O=[N+]([O-])c1c(CCl)nc2ccccn12,8700.0
CHEMBL2441877,O=[N+]([O-])c1c(CS(=O)(=O)c2ccccc2)nc2ccccn12,62500.0
CHEMBL2441878,O=S(=O)(Cc1cn2cc(I)ccc2n1)c1ccccc1,5000.0
CHEMBL2441879,Cc1ccc(S(=O)(=O)Cc2cn3cc(I)ccc3n2)cc1,12500.0
CHEMBL2441880,O=S(=O)(Cc1cn2cc(I)ccc2n1)c1ccc(Cl)cc1,39100.0
CHEMBL2441881,O=[N+]([O-])c1c(CS(=O)(=O)c2ccccc2)nc2ccc(I)cn12,100000.0
CHEMBL2441882,O=[N+]([O-])c1c(CS(=O)(=O)c2ccc(Cl)cc2)nc2ccc(I)cn12,50000.0
CHEMBL2441883,O=S(=O)(Cc1cn2cc(Cl)ccc2n1)c1ccccc1,16500.0
CHEMBL2441884,Cc1ccc(S(=O)(=O)Cc2cn3cc(Cl)ccc3n2)cc1,68300.0
CHEMBL2441885,O=S(=O)(Cc1cn2cc(Cl)ccc2n1)c1ccc(Cl)cc1,71500.0
CHEMBL2441886,O=[N+]([O-])c1c(CS(=O)(=O)c2ccccc2)nc2ccc(Cl)cn12,100000.0
CHEMBL2441887,Cc1ccc(S(=O)(=O)Cc2nc3ccc(Cl)cn3c2[N+](=O)[O-])cc1,100000.0
CHEMBL2441888,O=[N+]([O-])c1c(CS(=O)(=O)c2ccc(Cl)cc2)nc2ccc(Cl)cn12,25000.0
CHEMBL2441889,ClCc1cn2cc(Br)ccc2n1,100000.0
CHEMBL2441890,O=S(=O)(Cc1cn2cc(Br)ccc2n1)c1ccccc1,7300.0
CHEMBL2441891,Cc1ccc(S(=O)(=O)Cc2cn3cc(Br)ccc3n2)cc1,28900.0
CHEMBL2441892,O=S(=O)(Cc1cn2cc(Br)ccc2n1)c1ccc(Cl)cc1,23000.0
CHEMBL2441893,O=[N+]([O-])c1c(CCl)nc2ccc(Br)cn12,15600.0
CHEMBL2441894,O=[N+]([O-])c1c(CS(=O)(=O)c2ccccc2)nc2ccc(Br)cn12,100000.0
CHEMBL2441895,Cc1ccc(S(=O)(=O)Cc2nc3ccc(Br)cn3c2[N+](=O)[O-])cc1,5900.0
CHEMBL2441896,O=[N+]([O-])c1c(CS(=O)(=O)c2ccc(Cl)cc2)nc2ccc(Br)cn12,5500.0
CHEMBL2441897,O=[N+]([O-])c1c(CS(=O)(=O)c2ccc(Br)cc2)nc2ccc(Br)cn12,39000.0
CHEMBL2441898,O=[N+]([O-])c1c(CS(=O)(=O)c2ccc(I)cc2)nc2ccc(Br)cn12,20300.0
CHEMBL2441899,O=[N+]([O-])c1c(CS(=O)(=O)c2ccc(F)cc2)nc2ccc(Br)cn12,100000.0
CHEMBL2441900,O=[N+]([O-])c1c(CS(=O)(=O)c2ccc(C(F)(F)F)cc2)nc2ccc(Br)cn12,31700.0
CHEMBL2441901,COc1ccc(S(=O)(=O)Cc2nc3ccc(Br)cn3c2[N+](=O)[O-])cc1,100000.0
CHEMBL2441902,CS(=O)(=O)Cc1nc2ccc(Br)cn2c1[N+](=O)[O-],100000.0
CHEMBL2441903,O=[N+]([O-])c1c(CS(=O)(=O)c2ccc(-c3ccccc3)cc2)nc2ccc(Br)cn12,100000.0
CHEMBL2441904,O=[N+]([O-])c1c(CSc2ccccc2)nc2ccc(Br)cn12,530.0
CHEMBL2441905,Cc1ccccc1-c1ccc2nc(CS(=O)(=O)c3ccccc3)c([N+](=O)[O-])n2c1,9400.0
CHEMBL2441908,COc1cc(-c2ccc3nc(CS(=O)(=O)c4ccccc4)c([N+](=O)[O-])n3c2)cc(OC)c1OC,34700.0
CHEMBL2441910,O=[N+]([O-])c1c(CS(=O)(=O)c2ccccc2)nc2c(Br)cc(Br)cn12,31000.0
CHEMBL267345,C[C@@H]1[C@H](O)[C@@H](C)/C=C/C=C/C=C/C=C/C=C/C=C/C=C/[C@H](O[C@@H]2O[C@H](C)[C@@H](O)[C@H](N)[C@@H]2O)C[C@@H]2O[C@](O)(C[C@@H](O)C[C@@H](O)[C@H](O)CC[C@@H](O)C[C@@H](O)CC(=O)O[C@H]1C)C[C@H](O)[C@H]2C(=O)O,8800.0
CHEMBL269277,C=C(C)[C@@H]1CC[C@]2(C(=O)O)CC[C@]3(C)[C@H](CC[C@@H]4[C@@]5(C)CC[C@H](O)C(C)(C)[C@@H]5CC[C@]43C)[C@@H]12,400000.0
CHEMBL269671,C[C@@H]1CC[C@H]2[C@@H](C)C(=O)O[C@@H]3O[C@@]4(C)CC[C@@H]1[C@]32OO4,30000.0
CHEMBL271646,Clc1nc(C(Cl)(Cl)Cl)nc2ccccc12,125000.0
CHEMBL272089,ClC(Cl)(Cl)c1nc(-c2ccccc2)c2ccccc2n1,125000.0
CHEMBL290960,CC1CS(=O)(=O)CCN1/N=C/c1ccc([N+](=O)[O-])o1,45200.0
CHEMBL299872,Nc1ccn([C@@H]2CC[C@H](CO)O2)c(=O)n1,85000.0
CHEMBL3040216,CC1=CCC(C(=O)/N=C2\CC=C(S(=O)(=O)O)c3cc(S(=O)(=O)O)cc(S(=O)(=O)O)c32)=C/C1=N/C(=O)C1=CC=C/C(=N\C(=O)/N=C2\C=CC=C(C(=O)/N=C3/CC(C(=O)/N=C4\CC=C(S(=O)(=O)O)c5cc(S(=O)(=O)O)cc(S(=O)(=O)O)c54)=CC=C3C)C2)C1,100000.0
CHEMBL3109445,C/C=C(\C)C(=O)O[C@H]1[C@H](O)[C@@H](C(=O)OC)O[C@@H]2C[C@H]3O[C@@H](n4cnc5c(N)ncnc54)[C@H](O)[C@H]3O[C@]21O,40000.0
CHEMBL3109447,COC(=O)[C@H]1O[C@@H]2C[C@H]3O[C@@H](n4cnc5c(N)ncnc54)[C@H](OC)[C@H]3O[C@@]2(O)[C@H](O)[C@@H]1O,40000.0
CHEMBL3109448,C/C=C(\CO)C(=O)O[C@H]1[C@H](O)[C@@H](C(=O)OC)O[C@@H]2C[C@H]3O[C@@H](n4cnc5c(N)ncnc54)[C@H](OC)[C@H]3O[C@]21O,40000.0
CHEMBL3109449,COC(=O)[C@H]1O[C@@H]2C[C@H]3O[C@@H](n4cnc5c(N)ncnc54)[C@H](OC)[C@H]3O[C@@]2(O)[C@@H](O)[C@@H]1O,40000.0
CHEMBL312687,C=C(C)[C@@H]1CC[C@]2(C(=O)O)CC[C@]3(C)[C@H](CC[C@@H]4[C@@]5(C)CC[C@H](OC(C)=O)C(C)(C)[C@@H]5CC[C@]43C)[C@@H]12,400000.0
CHEMBL32,COc1c(N2C[C@@H]3CCCN[C@@H]3C2)c(F)cc2c(=O)c(C(=O)O)cn(C3CC3)c12,100000.0
CHEMBL3260206,C/C=C/C=C/c1nc2ccccc2n2cccc12,10300.0
CHEMBL3260207,C/C=C/C=C/c1nc2cc(OC)ccc2n2cccc12,5800.0
CHEMBL3260208,C/C=C/C=C/c1nc2ccc(OC)cc2n2cccc12,8700.0
CHEMBL3260209,C/C=C/C=C/c1nc2cccc(OC)c2n2cccc12,6500.0
CHEMBL3260210,CCC/C=C/C=C/c1nc2ccccc2n2cccc12,9300.0
CHEMBL3260211,CCC/C=C/C=C/c1nc2cc(OC)ccc2n2cccc12,8800.0
CHEMBL3260212,CCC/C=C/C=C/c1nc2ccc(OC)cc2n2cccc12,20100.0
CHEMBL3260213,CCC/C=C/C=C/c1nc2cccc(OC)c2n2cccc12,17400.0
CHEMBL3260214,CCCC/C=C/C=C/c1nc2ccccc2n2cccc12,8200.0
CHEMBL3260215,CCCC/C=C/C=C/c1nc2cc(OC)ccc2n2cccc12,18300.0
CHEMBL3260216,CCCC/C=C/C=C/c1nc2ccc(OC)cc2n2cccc12,22900.0
CHEMBL3260217,CCCC/C=C/C=C/c1nc2cccc(OC)c2n2cccc12,15800.0
CHEMBL3260218,C/C=C/C=C/C=C/c1nc2ccccc2n2cccc12,10600.0
CHEMBL3260219,C/C=C/C=C/c1nc2ccccc2n2ccc(OCC)c12,4500.0
CHEMBL3287978,ClC(Cl)(Cl)c1nccc2ccccc12,180000.0
CHEMBL3287979,ClC(Cl)(Cl)c1ncnc2ccccc12,500000.0
CHEMBL3287980,ClC(Cl)(Cl)c1ncc2ccccc2n1,61000.0
CHEMBL3287981,Cc1ncc2ccccc2n1,350000.0
CHEMBL3287982,ClC(Cl)(Cl)c1cnc2ccccc2n1,3100.0
CHEMBL3287983,Cc1cnc2ccccc2n1,500000.0
CHEMBL3287984,ClC(Cl)c1cnc2ccccc2n1,19300.0
CHEMBL3287985,FC(F)(F)c1cnc2ccccc2n1,500000.0
CHEMBL3287986,ClC(Cl)(Cl)c1nc2ccccc2nc1-c1ccccc1,3500.0
CHEMBL3288189,ClC(Cl)(Cl)c1nc2ccccc2n2cccc12,41200.0
CHEMBL3288190,Fc1ccc2c(c1)nc(C(Cl)(Cl)Cl)c1cccn12,15000.0
CHEMBL3288191,Clc1ccc2c(c1)nc(C(Cl)(Cl)Cl)c1cccn12,9800.0
CHEMBL3288193,ClC(Cl)(Cl)c1nc2cc(I)ccc2n2cccc12,6600.0
CHEMBL3288194,Cc1ccc2c(c1)nc(C(Cl)(Cl)Cl)c1cccn12,53000.0
CHEMBL3288195,COc1ccc2c(c1)nc(C(Cl)(Cl)Cl)c1cccn12,35000.0
CHEMBL3288196,N#Cc1ccc2c(c1)nc(C(Cl)(Cl)Cl)c1cccn12,17000.0
CHEMBL3288198,O=C(O)c1ccc2c(c1)nc(C(Cl)(Cl)Cl)c1cccn12,106000.0
CHEMBL3288199,N/C(=N/O)c1ccc2c(c1)nc(C(Cl)(Cl)Cl)c1cccn12,15000.0
CHEMBL3288200,Cc1nc2ccccc2n2cccc12,120000.0
CHEMBL3288201,Cc1ccc2c(c1)nc(C)c1cccn12,57000.0
CHEMBL3288202,Cc1nc2cc(C#N)ccc2n2cccc12,31500.0
CHEMBL3288203,FC(F)(F)c1nc2ccccc2n2cccc12,160000.0
CHEMBL3323290,S=c1n(CN2CCOCC2)nc(Cc2ccccc2Nc2c(Cl)cccc2Cl)n1/N=C/c1ccccc1,300000.0
CHEMBL3323291,COc1ccc(/C=N/n2c(Cc3ccccc3Nc3c(Cl)cccc3Cl)nn(CN3CCOCC3)c2=S)cc1,300000.0
CHEMBL3323292,COc1ccc(/C=N/n2c(Cc3ccccc3Nc3c(Cl)cccc3Cl)nn(CN3CCOCC3)c2=S)cc1OC,282000.0
CHEMBL3323293,S=c1n(CN2CCOCC2)nc(Cc2ccccc2Nc2c(Cl)cccc2Cl)n1/N=C/c1ccco1,300000.0
CHEMBL3323294,S=c1n(CN2CCOCC2)nc(Cc2ccccc2Nc2c(Cl)cccc2Cl)n1/N=C/c1cccs1,250000.0
CHEMBL3323296,S=c1n(CN2CCCCC2)nc(Cc2ccccc2Nc2c(Cl)cccc2Cl)n1/N=C/c1ccccc1,300000.0
CHEMBL3323299,S=c1n(CN2CCCCC2)nc(Cc2ccccc2Nc2c(Cl)cccc2Cl)n1/N=C/c1ccco1,262000.0
CHEMBL3343719,CC1(Cc2ccccc2)CC(S(=O)(=O)c2ccccc2F)=C(c2ccc(/C(N)=N\O)cc2)O1,61730.0
CHEMBL3343720,CC1(Cc2ccccc2)CC(S(=O)(=O)c2cccc(F)c2)=C(c2ccc(/C(N)=N\O)cc2)O1,59630.0
CHEMBL3343721,CC1(Cc2ccccc2)CC(S(=O)(=O)c2ccccc2C(F)(F)F)=C(c2ccc(/C(N)=N\O)cc2)O1,57470.0
CHEMBL3343722,CC1(Cc2ccccc2)CC(S(=O)(=O)c2cccc(C(F)(F)F)c2)=C(c2ccc(/C(N)=N\O)cc2)O1,33430.0
CHEMBL3343723,CC1(Cc2ccccc2)CC(S(=O)(=O)c2c(F)cccc2F)=C(c2ccc(/C(N)=N\O)cc2)O1,91410.0
CHEMBL3343724,CC1(Cc2ccccc2)CC(S(=O)(=O)c2ccc(F)cc2F)=C(c2ccc(/C(N)=N\O)cc2)O1,90620.0
CHEMBL3343725,N/C(=N/O)c1ccc(C2=C(S(=O)(=O)c3ccc(F)cc3)CC(c3ccccc3)(c3ccccc3)O2)cc1,19180.0
CHEMBL3343726,CC1(c2ccccc2)CC(S(=O)(=O)c2ccc(F)cc2)=C(c2ccc(/C(N)=N\O)cc2)O1,68290.0
CHEMBL3343727,COc1ccc(C2(c3ccccc3)CC(S(=O)(=O)c3ccc(F)cc3)=C(c3ccc(/C(N)=N\O)cc3)O2)cc1,29420.0
CHEMBL3343728,CC1(c2ccc(Br)cc2)CC(S(=O)(=O)c2ccc(F)cc2)=C(c2ccc(/C(N)=N\O)cc2)O1,19190.0
CHEMBL3343729,CCC1(c2ccccc2OC)CC(S(=O)(=O)c2ccc(F)cc2)=C(c2ccc(/C(N)=N\O)cc2)O1,27000.0
CHEMBL3343730,Cc1ccc(-c2ccc(C3(C)CC(S(=O)(=O)c4ccc(F)cc4)=C(c4ccc(/C(N)=N\O)cc4)O3)cc2)cc1,13700.0
CHEMBL3343801,CC1(c2ccc(Cl)cc2)CC(S(=O)(=O)c2ccc(F)cc2)=C(c2ccc(/C(N)=N\O)cc2)O1,61380.0
CHEMBL3343802,CC1(c2ccc(-c3ccc(/C(N)=N\O)cc3)cc2)CC(S(=O)(=O)c2ccc(F)cc2)=C(c2ccc(/C(N)=N\O)cc2)O1,15300.0
CHEMBL3343803,CC1(c2ccc(-c3ccco3)cc2)CC(S(=O)(=O)c2ccc(F)cc2)=C(c2ccc(/C(N)=N\O)cc2)O1,7010.0
CHEMBL3343804,CC1(c2ccc(-c3cccc([N+](=O)[O-])c3)cc2)CC(S(=O)(=O)c2ccc(F)cc2)=C(c2ccc(/C(N)=N\O)cc2)O1,50000.0
CHEMBL3343805,CC1(c2ccc(-c3ccncc3)cc2)CC(S(=O)(=O)c2ccc(F)cc2)=C(c2ccc(/C(N)=N\O)cc2)O1,30300.0
CHEMBL3343806,CC1(c2ccc(-c3ccccc3C#N)cc2)CC(S(=O)(=O)c2ccc(F)cc2)=C(c2ccc(/C(N)=N\O)cc2)O1,58290.0
CHEMBL3343807,CC1(c2ccc(-c3cccc(/C(N)=N\O)c3)cc2)CC(S(=O)(=O)c2ccc(F)cc2)=C(c2ccc(/C(N)=N\O)cc2)O1,19030.0
CHEMBL3343808,COc1cc(-c2ccc(C3(C)CC(S(=O)(=O)c4ccc(F)cc4)=C(c4ccc(/C(N)=N\O)cc4)O3)cc2)cc(OC)c1OC,50000.0
CHEMBL3400167,O=C(CN1CCCCC1)Nc1cc(C(F)(F)F)cc2c1SSSSS2,24400.0
CHEMBL3400773,Nc1cccc2ccc(=O)[nH]c12,100000.0
CHEMBL3400774,O=[N+]([O-])c1cccc2c(Br)cc(Br)nc12,100000.0
CHEMBL3400775,O=c1cc(Br)c2cccc([N+](=O)[O-])c2[nH]1,43550.0
CHEMBL3400776,O=c1cc(C#Cc2ccccc2)c2cccc([N+](=O)[O-])c2[nH]1,11600.0
CHEMBL3400778,COc1cccc(C#Cc2cc(=O)[nH]c3c([N+](=O)[O-])cccc23)c1,10000.0
CHEMBL3400779,O=c1cc(C#CCOc2ccccc2)c2cccc([N+](=O)[O-])c2[nH]1,1800.0
CHEMBL3400780,O=c1cc(C#CCO)c2cccc([N+](=O)[O-])c2[nH]1,2100.0
CHEMBL3400781,O=c1cc(C#CCCO)c2cccc([N+](=O)[O-])c2[nH]1,15900.0
CHEMBL3400782,CCC(O)CC#Cc1cc(=O)[nH]c2c([N+](=O)[O-])cccc12,3800.0
CHEMBL3400783,O=c1cc(-c2ccccc2)c2cccc([N+](=O)[O-])c2[nH]1,31900.0
CHEMBL3400784,O=c1cc(-c2ccco2)c2cccc([N+](=O)[O-])c2[nH]1,31300.0
CHEMBL3400785,Cc1ccc(-c2cc(=O)[nH]c3c([N+](=O)[O-])cccc23)s1,15600.0
CHEMBL3400786,O=c1cc(-c2cccnc2)c2cccc([N+](=O)[O-])c2[nH]1,10100.0
CHEMBL3400787,O=c1cc(-c2ccncc2)c2cccc([N+](=O)[O-])c2[nH]1,15700.0
CHEMBL3400788,O=c1cc(-c2ccc(C(F)(F)F)cc2)c2cccc([N+](=O)[O-])c2[nH]1,42700.0
CHEMBL3400789,O=c1cc(-c2ccc(Cl)cc2)c2cccc([N+](=O)[O-])c2[nH]1,16100.0
CHEMBL3400790,O=c1cc(-c2ccc(Br)cc2)c2cccc([N+](=O)[O-])c2[nH]1,31300.0
CHEMBL3400791,O=c1cc(-c2ccc(F)cc2)c2cccc([N+](=O)[O-])c2[nH]1,36100.0
CHEMBL3400792,Cc1ccc(-c2cc(=O)[nH]c3c([N+](=O)[O-])cccc23)cc1,31000.0
CHEMBL3400793,COc1ccc(-c2cc(=O)[nH]c3c([N+](=O)[O-])cccc23)cc1,37100.0
CHEMBL3400794,O=c1cc(-c2cccc(C(F)(F)F)c2)c2cccc([N+](=O)[O-])c2[nH]1,14700.0
CHEMBL3400795,CC(C)(C)OCc1cc(=O)[nH]c2c([N+](=O)[O-])cccc12,5300.0
CHEMBL3401893,Nc1cc(C(F)(F)F)cc2c1SSSSS2,26600.0
CHEMBL3401896,CCCCN(CCCC)CC(=O)Nc1cc(C(F)(F)F)cc2c1SSSSS2,100000.0
CHEMBL3407525,O=c1cc(Sc2ccccc2Cl)c2cccc([N+](=O)[O-])c2[nH]1,1250.0
CHEMBL3409767,Nc1cc(=O)[nH]c2c([N+](=O)[O-])cccc12,125000.0
CHEMBL3409768,O=c1cc(N2CCOCC2)c2cccc([N+](=O)[O-])c2[nH]1,86200.0
CHEMBL3409769,O=c1cc(N2CCNCC2)c2cccc([N+](=O)[O-])c2[nH]1,2400.0
CHEMBL3409916,CCCCNc1cc(=O)[nH]c2c([N+](=O)[O-])cccc12,12200.0
CHEMBL3409917,CC(C)(C)OC(=O)NCCOCCOCCNc1cc(=O)[nH]c2c([N+](=O)[O-])cccc12,34800.0
CHEMBL3409918,NCCOCCOCCNc1cc(=O)[nH]c2c([N+](=O)[O-])cccc12,122900.0
CHEMBL3409919,O=c1cc(Nc2ccccc2)c2cccc([N+](=O)[O-])c2[nH]1,1800.0
CHEMBL3409920,O=c1cc(Sc2ccccc2)c2cccc([N+](=O)[O-])c2[nH]1,12500.0
CHEMBL3409921,O=c1cc(Oc2ccccc2)c2cccc([N+](=O)[O-])c2[nH]1,12500.0
CHEMBL3409925,O=c1cc(Sc2ccccc2C(F)(F)F)c2cccc([N+](=O)[O-])c2[nH]1,7800.0
CHEMBL3409927,O=c1cc(Sc2ccc(C(F)(F)F)cc2)c2cccc([N+](=O)[O-])c2[nH]1,12500.0
CHEMBL3409930,O=c1cc(Sc2ccc(Cl)cc2Cl)c2cccc([N+](=O)[O-])c2[nH]1,7800.0
CHEMBL3409931,O=c1cc(Sc2ccc(Br)cc2)c2cccc([N+](=O)[O-])c2[nH]1,3900.0
CHEMBL3409941,O=c1cc(Oc2ccccc2C(F)(F)F)c2cccc([N+](=O)[O-])c2[nH]1,15600.0
CHEMBL3409942,O=c1cc(Oc2cccc(C(F)(F)F)c2)c2cccc([N+](=O)[O-])c2[nH]1,7800.0
CHEMBL3409943,O=c1cc(Oc2ccc(C(F)(F)F)cc2)c2cccc([N+](=O)[O-])c2[nH]1,7800.0
CHEMBL3409946,O=c1cc(Oc2ccc(Cl)cc2)c2cccc([N+](=O)[O-])c2[nH]1,3900.0
CHEMBL3409947,O=c1cc(Oc2ccccc2Br)c2cccc([N+](=O)[O-])c2[nH]1,7800.0
CHEMBL3409954,Cc1ccc(Oc2cc(=O)[nH]c3c([N+](=O)[O-])cccc23)cc1,25000.0
CHEMBL3409955,Cc1cc(Oc2cc(=O)[nH]c3c([N+](=O)[O-])cccc23)ccc1Cl,15600.0
CHEMBL3416951,Cc1ccc(-c2cc3nc(NC(C)(C)C)[nH]c(=O)c3s2)cc1,25600.0
CHEMBL3416953,CCCNc1nc2cc(-c3ccc(C)cc3)sc2c(=O)[nH]1,62500.0
CHEMBL3416954,CCCCNc1nc2cc(-c3ccc(C)cc3)sc2c(=O)[nH]1,6000.0
CHEMBL3416955,CCCCCNc1nc2cc(-c3ccc(C)cc3)sc2c(=O)[nH]1,4200.0
CHEMBL3416956,CCCCCCNc1nc2cc(-c3ccc(C)cc3)sc2c(=O)[nH]1,10600.0
CHEMBL3416957,CCCCCCCNc1nc2cc(-c3ccc(C)cc3)sc2c(=O)[nH]1,6800.0
CHEMBL3416958,Cc1ccc(-c2cc3nc(NC(C)C)[nH]c(=O)c3s2)cc1,49400.0
CHEMBL3416959,CCC(CC)Nc1nc2cc(-c3ccc(C)cc3)sc2c(=O)[nH]1,101300.0
CHEMBL3416960,Cc1ccc(-c2cc3nc(NCC(C)C)[nH]c(=O)c3s2)cc1,21600.0
CHEMBL3416961,CCCCCCC(C)Nc1nc2cc(-c3ccc(C)cc3)sc2c(=O)[nH]1,19400.0
CHEMBL3416962,Cc1ccc(-c2cc3nc(NC(C)c4ccccc4)[nH]c(=O)c3s2)cc1,9200.0
CHEMBL3416963,Cc1ccc(-c2cc3nc(NCc4ccccc4Cl)[nH]c(=O)c3s2)cc1,32600.0
CHEMBL3416964,CCCCN(C)c1nc2cc(-c3ccc(C)cc3)sc2c(=O)[nH]1,3000.0
CHEMBL3416969,CC(C)(C)Nc1nc2cc(-c3ccc(Br)cc3)sc2c(=O)[nH]1,1400.0
CHEMBL3416970,CC(C)(C)Nc1nc2cc(-c3ccc(Cl)cc3)sc2c(=O)[nH]1,15000.0
CHEMBL3416971,CC(C)(C)Nc1nc2cc(-c3ccc(F)cc3)sc2c(=O)[nH]1,5100.0
CHEMBL3416972,COc1ccc(-c2cc3nc(NC(C)(C)C)[nH]c(=O)c3s2)cc1,32300.0
CHEMBL3416973,CC(C)Nc1nc2cc(-c3ccc(Br)cc3)sc2c(=O)[nH]1,13400.0
CHEMBL3416974,CC(C)Nc1nc2cc(-c3ccc(Cl)cc3)sc2c(=O)[nH]1,15600.0
CHEMBL3416975,CC(C)Nc1nc2cc(-c3ccc(F)cc3)sc2c(=O)[nH]1,25000.0
CHEMBL3416976,COc1ccc(-c2cc3nc(NC(C)C)[nH]c(=O)c3s2)cc1,27100.0
CHEMBL3416977,CC(C)(C)Nc1nc2cc(-c3ccccc3)sc2c(=O)[nH]1,12500.0
CHEMBL3416978,CC(C)(C)Nc1nc2ccsc2c(=O)[nH]1,8400.0
CHEMBL3416979,CC(C)Nc1nc2ccsc2c(=O)[nH]1,23900.0
CHEMBL3416980,Cc1cccc(-c2cc3nc(NC(C)(C)C)[nH]c(=O)c3s2)c1,14100.0
CHEMBL3416981,Cc1ccccc1-c1cc2nc(NC(C)(C)C)[nH]c(=O)c2s1,4000.0
CHEMBL3416982,Cc1ccc(-c2csc3c(=O)[nH]c(NC(C)(C)C)nc23)cc1,1400.0
CHEMBL3416983,CC(C)(C)Nc1nc2c(-c3ccc(F)cc3)csc2c(=O)[nH]1,2300.0
CHEMBL3416984,Cc1ccc(-c2csc3c(=O)[nH]c(NC(C)C)nc23)cc1,8800.0
CHEMBL3416985,CC(C)Nc1nc2c(-c3ccc(F)cc3)csc2c(=O)[nH]1,15600.0
CHEMBL3416986,CC(C)Nc1nc2c(-c3ccc(Br)cc3)csc2c(=O)[nH]1,6500.0
CHEMBL3416987,CC(C)Nc1nc2c(-c3ccc(Cl)cc3)csc2c(=O)[nH]1,7100.0
CHEMBL3416988,COc1ccc(-c2csc3c(=O)[nH]c(NC(C)C)nc23)cc1,27800.0
CHEMBL3416989,Cc1ccc(-c2ccc3nc(NC(C)(C)C)[nH]c(=O)c3c2)cc1.Cl,490.0
CHEMBL3416990,Cc1ccc(-c2ccc3c(=O)[nH]c(NC(C)(C)C)nc3c2)cc1,980.0
CHEMBL3416991,Cc1ccc(-c2cc3nc(NC(C)(C)C)[nH]c(=O)c3s2)cc1.Cl,83500.0
CHEMBL3416992,Cc1ccc(-c2cc3nc(NC(C)C)[nH]c(=O)c3s2)cc1.O=C(O)/C=C/C(=O)O,68950.0
CHEMBL3416993,CC(C)(C)Nc1nc2cc(-c3ccc(Cl)cc3)sc2c(=O)[nH]1.O=C(O)/C=C/C(=O)O,67800.0
CHEMBL36,CCc1nc(N)nc(N)c1-c1ccc(Cl)cc1,7100.0
CHEMBL3601315,CC(=O)Nc1ccccc1[N+](=O)[O-],100000.0
CHEMBL3617601,O=C(CSc1nnc(-c2ccncc2)s1)NCc1ccccc1,17650.0
CHEMBL3617603,O=C(CSc1nnc(-c2ccncc2)s1)NCc1ccc(Cl)cc1,50000.0
CHEMBL3617604,O=C(CSc1nnc(-c2ccncc2)s1)Nc1ccccc1Cl,50000.0
CHEMBL3617605,O=C(CSc1nnc(-c2ccncc2)s1)Nc1ccc(Cl)cc1,50000.0
CHEMBL3617608,CC(Sc1nnc(-c2ccncc2)s1)C(=O)Nc1ccccc1,50000.0
CHEMBL3617609,CC(Sc1nnc(-c2ccncc2)s1)C(=O)NCc1ccccc1,50000.0
CHEMBL3617610,CC(Sc1nnc(-c2ccncc2)s1)C(=O)NCc1ccccc1Cl,50000.0
CHEMBL3617687,CC(Sc1nnc(-c2ccncc2)s1)C(=O)Nc1ccccc1Cl,50000.0
CHEMBL3617688,CC(Sc1nnc(-c2ccncc2)s1)C(=O)Nc1ccc(Cl)cc1,50000.0
CHEMBL3617689,CC(Sc1nnc(-c2ccncc2)s1)C(=O)Nc1c(Cl)cccc1Cl,50000.0
CHEMBL3617690,CC(Sc1nnc(-c2ccncc2)s1)C(=O)Nc1ccc(Cl)cc1Cl,50000.0
CHEMBL3617691,O=C(CCSc1nnc(-c2ccncc2)s1)Nc1ccccc1,50000.0
CHEMBL3617692,O=C(CCSc1nnc(-c2ccncc2)s1)NCc1ccccc1,13970.0
CHEMBL3617693,O=C(CCSc1nnc(-c2ccncc2)s1)NCc1ccccc1Cl,50000.0
CHEMBL3617694,O=C(CCSc1nnc(-c2ccncc2)s1)NCc1ccc(Cl)cc1,15620.0
CHEMBL3617695,O=C(CCSc1nnc(-c2ccncc2)s1)Nc1ccccc1Cl,50000.0
CHEMBL3617696,O=C(CCSc1nnc(-c2ccncc2)s1)Nc1ccc(Cl)cc1,7260.0
CHEMBL3617697,O=C(CCSc1nnc(-c2ccncc2)s1)Nc1c(Cl)cccc1Cl,12600.0
CHEMBL3617698,O=C(CCSc1nnc(-c2ccncc2)s1)Nc1ccc(Cl)cc1Cl,50000.0
CHEMBL3617699,CC(CSc1nnc(-c2ccncc2)s1)C(=O)Nc1ccccc1,50000.0
CHEMBL3617700,CC(CSc1nnc(-c2ccncc2)s1)C(=O)NCc1ccccc1,50000.0
CHEMBL3617701,CC(CSc1nnc(-c2ccncc2)s1)C(=O)NCc1ccccc1Cl,50000.0
CHEMBL3617703,CC(CSc1nnc(-c2ccncc2)s1)C(=O)Nc1ccccc1Cl,50000.0
CHEMBL3617704,CC(CSc1nnc(-c2ccncc2)s1)C(=O)Nc1ccc(Cl)cc1,50000.0
CHEMBL3617705,CC(CSc1nnc(-c2ccncc2)s1)C(=O)Nc1c(Cl)cccc1Cl,50000.0
CHEMBL3617706,CC(CSc1nnc(-c2ccncc2)s1)C(=O)Nc1ccc(Cl)cc1Cl,50000.0
CHEMBL364698,Cc1nccc2ccccc12,179000.0
CHEMBL376266,C=C(C)[C@@H]1CC[C@]2(C(=O)OC)CC[C@]3(C)[C@H](CC[C@@H]4[C@@]5(C)CCC(=O)C(C)(C)[C@@H]5CC[C@]43C)[C@@H]12,400000.0
CHEMBL3763384,COc1ccc(C(c2c(O)c3ccccc3oc2=O)c2c(O)c3ccccc3oc2=O)cc1CSc1nc2ccccc2s1,42100.0
CHEMBL3763557,COc1ccc(C(c2c(O)c3ccccc3oc2=O)c2c(O)c3ccccc3oc2=O)cc1COc1ccc(NC(C)=O)cc1,162400.0
CHEMBL3763814,CC1(C)CC(=O)C2=C(C1)c1c(ccc3ccccc13)NC2c1ccc(-c2ccc(O)c(C(=O)O)c2)o1,58600.0
CHEMBL377488,c1ccn2ccnc2c1,100000.0
CHEMBL3808628,Clc1ccc(Nc2ncnc3ccccc23)c(Cl)c1,35000.0
CHEMBL3822631,Clc1ccc(Oc2nc(C(Cl)(Cl)Cl)nc3ccccc23)c(Cl)c1,22100.0
CHEMBL3822647,CC(=O)c1ccccc1Oc1nc(C(Cl)(Cl)Cl)nc2ccccc12,40000.0
CHEMBL3822694,Cc1cc(Oc2nc(C(Cl)(Cl)Cl)nc3ccccc23)ccc1Cl,5300.0
CHEMBL3822704,COc1ccc(COc2nc(C(Cl)(Cl)Cl)nc3ccccc23)cc1OC,118400.0
CHEMBL3822713,ClC(Cl)(Cl)c1nc(Oc2c(Br)cc(Br)c3cccnc23)c2ccccc2n1,4900.0
CHEMBL3822821,Cc1ccc(COc2nc(C(Cl)(Cl)Cl)nc3ccccc23)cc1,50900.0
CHEMBL3822853,ClC(Cl)(Cl)c1nc(Oc2cccc(Br)c2)c2ccccc2n1,36700.0
CHEMBL3822924,ClC(Cl)(Cl)c1nc(OCc2cccc(OCc3ccccc3)c2)c2ccccc2n1,62500.0
CHEMBL3823003,ClC(Cl)(Cl)c1nc(Oc2ccccc2Br)c2ccccc2n1,26200.0
CHEMBL3823052,Clc1ccc(COc2nc(C(Cl)(Cl)Cl)nc3ccccc23)cc1,33400.0
CHEMBL3823080,Cc1occc(=O)c1Oc1nc(C(Cl)(Cl)Cl)nc2ccccc12,62700.0
CHEMBL3823158,N#Cc1ccc(Oc2nc(C(Cl)(Cl)Cl)nc3ccccc23)cc1,8000.0
CHEMBL3823159,FC(F)(F)c1ccc(COc2nc(C(Cl)(Cl)Cl)nc3ccccc23)cc1,27800.0
CHEMBL3823202,O=[N+]([O-])c1ccc(COc2nc(C(Cl)(Cl)Cl)nc3ccccc23)cc1,34900.0
CHEMBL3823366,COc1ccc(COc2nc(C(Cl)(Cl)Cl)nc3ccccc23)cc1,90300.0
CHEMBL3823427,O=c1cc(Oc2nc(C(Cl)(Cl)Cl)nc3ccccc23)c2ccccc2o1,59000.0
CHEMBL3823450,ClC(Cl)(Cl)c1nc(Oc2ccc3ccccc3n2)c2ccccc2n1,30300.0
CHEMBL3823472,CC(C)c1ccc(COc2nc(C(Cl)(Cl)Cl)nc3ccccc23)cc1,33300.0
CHEMBL3823594,O=Cc1ccccc1Oc1nc(C(Cl)(Cl)Cl)nc2ccccc12,75000.0
CHEMBL3823631,CC(=O)c1cccc(Oc2nc(C(Cl)(Cl)Cl)nc3ccccc23)c1,1000.0
CHEMBL3823657,O=[N+]([O-])c1cccc(COc2nc(C(Cl)(Cl)Cl)nc3ccccc23)c1,29900.0
CHEMBL3823695,C#CC(Oc1nc(C(Cl)(Cl)Cl)nc2ccccc12)c1ccccc1,24600.0
CHEMBL3823721,Fc1c(F)c(F)c(Oc2nc(C(Cl)(Cl)Cl)nc3ccccc23)c(F)c1F,43700.0
CHEMBL3823785,ClC(Cl)(Cl)c1nc(OCc2ccccc2)c2ccccc2n1,43800.0
CHEMBL3823791,O=[N+]([O-])c1ccccc1COc1nc(C(Cl)(Cl)Cl)nc2ccccc12,10000.0
CHEMBL3823819,CC(=O)c1ccc(Oc2nc(C(Cl)(Cl)Cl)nc3ccccc23)cc1,49500.0
CHEMBL3823825,O=[N+]([O-])c1ccc(/C=C/COc2nc(C(Cl)(Cl)Cl)nc3ccccc23)cc1,31250.0
CHEMBL3823887,O=[N+]([O-])c1cc2c(cc1COc1nc(C(Cl)(Cl)Cl)nc3ccccc13)OCO2,28700.0
CHEMBL3823974,ClC(Cl)(Cl)c1nc(Oc2ccc(Br)cc2)c2ccccc2n1,45000.0
CHEMBL3824032,CC(Oc1nc(C(Cl)(Cl)Cl)nc2ccccc12)c1ccc(Cl)cc1,25100.0
CHEMBL3824169,N#CC(Oc1nc(C(Cl)(Cl)Cl)nc2ccccc12)c1ccccc1,25700.0
CHEMBL3824189,CC(Oc1nc(C(Cl)(Cl)Cl)nc2ccccc12)c1ccccc1,39900.0
CHEMBL3824217,CC(Oc1nc(C(Cl)(Cl)Cl)nc2ccccc12)c1ccc(Cl)cc1Cl,30200.0
CHEMBL3824297,COc1cc(C=O)cc([N+](=O)[O-])c1Oc1nc(C(Cl)(Cl)Cl)nc2ccccc12,57000.0
CHEMBL3890160,FC(F)(F)c1nc(Nc2ccc(Cl)cc2Cl)c2ccccc2n1,50000.0
CHEMBL3890355,FC(F)(F)c1cccc(Nc2cc(C(Cl)(Cl)Cl)nc3ccccc23)c1,6500.0
CHEMBL3891589,Clc1ccc(Oc2nc(C(Cl)(Cl)Cl)nc3ccsc23)cc1,4300.0
CHEMBL3892241,Clc1ccc(Sc2nc(C(Cl)(Cl)Cl)nc3sccc23)cc1,13300.0
CHEMBL3893335,Clc1cc(Br)ccc1Nc1nc(C(Cl)(Cl)Cl)nc2ccccc12,5000.0
CHEMBL3899314,Clc1ccc(Sc2cc(C(Cl)(Cl)Cl)nc3ccccc23)cc1,15600.0
CHEMBL3901662,FC(F)(F)c1cccc(Nc2nc(C(Cl)(Cl)Cl)nc3sccc23)c1,4000.0
CHEMBL3902327,Fc1ccc(Nc2nc(C(Cl)(Cl)Cl)nc3ccccc23)c(F)c1,19600.0
CHEMBL3908366,Clc1ccc(Sc2nc3ccccc3nc2C(Cl)(Cl)Cl)cc1,38600.0
CHEMBL3911173,Clc1nc2ccccc2nc1C(Cl)(Cl)Cl,106100.0
CHEMBL3916455,ClCc1nc(Nc2ccc(Cl)cc2Cl)c2ccccc2n1,500.0
CHEMBL3918399,Clc1ccc(Nc2cc(C(Cl)(Cl)Cl)nc3ccccc23)c(Cl)c1,11700.0
CHEMBL3918955,Clc1ccc(Sc2nc(C(Cl)(Cl)Cl)nc3ccsc23)cc1,6900.0
CHEMBL3925438,FC(F)(Cl)c1nc(Nc2ccc(Cl)cc2Cl)c2ccccc2n1,7000.0
CHEMBL3927353,Clc1ccc(Oc2cc(C(Cl)(Cl)Cl)nc3ccccc23)cc1,31000.0
CHEMBL3930300,CN(c1ccc(Cl)cc1Cl)c1nc(C(Cl)(Cl)Cl)nc2ccccc12,10000.0
CHEMBL3936307,Clc1ccc(Oc2nc3ccccc3nc2C(Cl)(Cl)Cl)cc1,40200.0
CHEMBL39444,c1ccc2nccnc2c1,500000.0
CHEMBL3961818,FC(F)(F)c1cccc(Nc2nc(C(Cl)(Cl)Cl)nc3ccsc23)c1,700.0
CHEMBL3962244,Clc1ccc(Nc2nc(C(Cl)(Cl)Cl)nc3ccsc23)c(Cl)c1,3200.0
CHEMBL3969652,ClC(Cl)(Cl)c1nc(Nc2ccc(Br)cc2Br)c2ccccc2n1,2000.0
CHEMBL3971678,Clc1ccc(Nc2nc(C(Cl)(Cl)Cl)nc3ccccc23)c(Br)c1,2900.0
CHEMBL3980769,Clc1ccc(Nc2nc(C(Cl)(Cl)Cl)nc3sccc23)c(Cl)c1,6200.0
CHEMBL3981194,Clc1cc(C(Cl)(Cl)Cl)nc2ccccc12,70000.0
CHEMBL3986214,Clc1ccc(Nc2nc(C(Cl)Cl)nc3ccccc23)c(Cl)c1,4700.0
CHEMBL4061041,CCc1ccc(-c2ccc(C(=O)N[C@H](C(=O)NO)[C@@H](C)N)cc2)cc1,12780.0
CHEMBL4070478,CC#CCOc1ccc(C(=O)N[C@H](C(=O)NO)[C@@H](C)N)cc1,419000.0
CHEMBL4091408,CCCCc1ccc(C(=O)N[C@H](C(=O)NO)[C@@H](C)N)cc1,125000.0
CHEMBL4097399,CC#CCOc1ccc(C(=O)N[C@H](C(=O)NO)C(C)(C)N)cc1,295000.0
CHEMBL410525,CC(=O)O[C@H]1CC[C@]2(C)[C@H]3CC=C4[C@@H]5[C@@H](C)[C@H](C)CC[C@]5(C(=O)O)CC[C@@]4(C)[C@]3(C)CC[C@H]2C1(C)C,400000.0
CHEMBL4159637,CN(C/C=C/c1ccc(-c2ccccc2)cc1)Cc1ccc2c(c1)OCO2.Cl,53550.0
CHEMBL4159984,Cc1ccc2ccc(=O)[nH]c2c1[N+](=O)[O-],100000.0
CHEMBL4161494,CN(C/C=C/c1ccc2ccccc2c1)Cc1ccc2c(c1)OCO2.Cl,60480.0
CHEMBL4161555,CN(C/C=C/c1ccc(F)cc1C(F)(F)F)Cc1ccc2c(c1)OCO2.Cl,94670.0
CHEMBL4161893,COc1nc2c([N+](=O)[O-])cccc2cc1Br,6200.0
CHEMBL4162120,CN(C/C=C/C=C/c1ccc(C(F)(F)F)cc1F)Cc1ccc2c(c1)OCO2.Cl,90330.0
CHEMBL4162608,CC(C)(C)OC(=O)NCCOCCOCCNCc1cc(=O)[nH]c2c([N+](=O)[O-])cccc12,100000.0
CHEMBL4163006,CN(C/C=C/c1ccc(C(F)F)cc1)Cc1ccc2c(c1)OCO2.Cl,137820.0
CHEMBL4163695,Nc1ccc2cccnc2c1[N+](=O)[O-],100000.0
CHEMBL4165186,COc1ccc2ccc(=O)[nH]c2c1[N+](=O)[O-],100000.0
CHEMBL4166341,CN(C/C=C/c1ccc(Br)cc1)Cc1ccc2c(c1)OCO2.Cl,104400.0
CHEMBL4167144,Cc1cc(=O)[nH]c2c([N+](=O)[O-])cccc12,110000.0
CHEMBL4167821,O=c1cnc2cccc([N+](=O)[O-])c2[nH]1,125000.0
CHEMBL4168605,COc1ccc([N+](=O)[O-])c2[nH]c(=O)ccc12,100000.0
CHEMBL4169157,Nc1cccc2cc(Br)c(=O)[nH]c12,100000.0
CHEMBL4170207,O=c1[nH]c2c([N+](=O)[O-])cccc2cc1Br,92000.0
CHEMBL4170541,O=c1cc(CO)c2cccc([N+](=O)[O-])c2[nH]1,100000.0
CHEMBL4170632,Cc1cc([N+](=O)[O-])c2[nH]c(=O)ccc2c1,100000.0
CHEMBL4170821,CN(C/C=C/c1ccc(C(F)(F)F)cc1)Cc1ccc2c(c1)OCO2.Cl,69230.0
CHEMBL4172543,O=c1[nH]c2c([N+](=O)[O-])cccc2cc1Cl,85000.0
CHEMBL4173976,NCCOCCOCCNCc1cc(=O)[nH]c2c([N+](=O)[O-])cccc12,100000.0
CHEMBL4174247,CN(C/C=C/c1ccc(Cl)cc1)Cc1ccc2c(c1)OCO2.Cl,140510.0
CHEMBL4174366,CC(=O)Nc1ccc2cccnc2c1[N+](=O)[O-],100000.0
CHEMBL4174765,CCOc1ccc(/C=C/CN(C)Cc2ccc3c(c2)OCO3)cc1.Cl,82610.0
CHEMBL4176469,COc1cc([N+](=O)[O-])c2[nH]c(=O)ccc2c1,100000.0
CHEMBL4177010,Cc1ccc([N+](=O)[O-])c2[nH]c(=O)ccc12,100000.0
CHEMBL4177256,COc1ccc(/C=C/CN(C)Cc2ccc3c(c2)OCO3)c(F)c1.Cl,120450.0
CHEMBL4203723,CC(C)C(=O)O[C@H]1CC[C@]2(C)[C@H]3CC=C4[C@@H]5[C@@H](C)[C@H](C)CC[C@]5(C(=O)O)CC[C@@]4(C)[C@]3(C)CC[C@H]2C1(C)C,400000.0
CHEMBL4205923,C=C(C)[C@@H]1CC[C@]2(C(=O)n3ccnc3)CC[C@]3(C)[C@H](CC[C@@H]4[C@@]5(C)CC[C@H](OC(=O)CCC)C(C)(C)[C@@H]5CC[C@]43C)[C@@H]12,400000.0
CHEMBL4208831,C=C(C)[C@@H]1CC[C@]2(C(=O)n3ccnc3)CC[C@]3(C)[C@H](CC[C@@H]4[C@@]5(C)CC[C@H](OC(=O)C(C)C)C(C)(C)[C@@H]5CC[C@]43C)[C@@H]12,400000.0
CHEMBL4209684,CC(C)C(=O)O[C@H]1CC[C@]2(C)[C@H]3CC=C4[C@@H]5[C@@H](C)[C@H](C)CC[C@]5(C(=O)n5ccnc5)CC[C@@]4(C)[C@]3(C)CC[C@H]2C1(C)C,400000.0
CHEMBL4210469,C=C(C)[C@@H]1CC[C@]2(C(=O)n3ccnc3)CC[C@]3(C)[C@H](CC[C@@H]4[C@@]5(C)CC[C@H](OC(C)=O)C(C)(C)[C@@H]5CC[C@]43C)[C@@H]12,400000.0
CHEMBL4212196,COC(=O)[C@]12CC[C@@H](C)[C@H](C)[C@H]1C1=CC[C@@H]3[C@@]4(C)CC[C@H](OC(=O)C(C)C)C(C)(C)[C@@H]4CC[C@@]3(C)[C@]1(C)CC2,400000.0
CHEMBL4213811,C=C(C)[C@@H]1CC[C@]2(C(=O)OC)CC[C@]3(C)[C@H](CC[C@@H]4[C@@]5(C)CC[C@H](OC(=O)C(C)C)C(C)(C)[C@@H]5CC[C@]43C)[C@@H]12,400000.0
CHEMBL4216252,CCCC(=O)O[C@H]1CC[C@]2(C)[C@H]3CC=C4[C@@H]5[C@@H](C)[C@H](C)CC[C@]5(C(=O)OC)CC[C@@]4(C)[C@]3(C)CC[C@H]2C1(C)C,400000.0
CHEMBL4216396,CCCC(=O)O[C@H]1CC[C@]2(C)[C@H]3CC=C4[C@@H]5[C@@H](C)[C@H](C)CC[C@]5(C(=O)n5ccnc5)CC[C@@]4(C)[C@]3(C)CC[C@H]2C1(C)C,400000.0
CHEMBL4216644,C=C(C)[C@@H]1CC[C@]2(C(=O)O)CC[C@]3(C)[C@H](CC[C@@H]4[C@@]5(C)CC[C@H](OC(=O)CCC)C(C)(C)[C@@H]5CC[C@]43C)[C@@H]12,400000.0
CHEMBL4217631,C=C(C)[C@@H]1CC[C@]2(C(=O)OC)CC[C@]3(C)[C@H](CC[C@@H]4[C@@]5(C)CC[C@H](OC(=O)CCC)C(C)(C)[C@@H]5CC[C@]43C)[C@@H]12,400000.0
CHEMBL4218455,COC(=O)[C@]12CC[C@@H](C)[C@H](C)[C@H]1C1=CC[C@@H]3[C@@]4(C)CC[C@H](OC(C)=O)C(C)(C)[C@@H]4CC[C@@]3(C)[C@]1(C)CC2,400000.0
CHEMBL4276734,O=[N+]([O-])c1c(CS(=O)(=O)c2ccccc2)nc2c(-c3ccccc3)cc(Cl)cn12,15600.0
CHEMBL4277324,O=[N+]([O-])c1c(CS(=O)(=O)c2ccccc2)nc2c(-c3ccncc3)cc(Cl)cn12,50000.0
CHEMBL4278089,O=[N+]([O-])c1c(CS(=O)(=O)c2ccccc2)nc2c(-c3cccc(F)c3)cc(Cl)cn12,12500.0
CHEMBL4279623,COC(=O)[C@H]1O[C@@H]2C[C@H]3O[C@@H](n4cnc5c(N)ncnc54)[C@H](O)[C@H]3O[C@@]2(O)[C@@H](O)[C@@H]1O,40000.0
CHEMBL4280160,O=[N+]([O-])c1c(CS(=O)(=O)c2ccccc2)nc2c(-c3ccc(O)cc3)cc(Cl)cn12,12500.0
CHEMBL4280314,O=[N+]([O-])c1c(CS(=O)(=O)c2ccccc2)nc2c(-c3ccco3)cc(Cl)cn12,3900.0
CHEMBL4280330,O=[N+]([O-])c1c(CS(=O)(=O)c2ccccc2)nc2c(-c3ccccc3CO)cc(Cl)cn12,88000.0
CHEMBL4280716,O=[N+]([O-])c1c(CS(=O)(=O)c2ccccc2)nc2c(-c3ccccc3C(F)(F)F)cc(Cl)cn12,22700.0
CHEMBL4281598,C/C=C(\CO)C(=O)O[C@@H]1[C@@H](C(=O)OC)O[C@@H]2C[C@H]3O[C@@H](n4cnc5c(N)ncnc54)[C@H](OC)[C@H]3O[C@@]2(O)[C@@H]1O,24000.0
CHEMBL4282515,O=[N+]([O-])c1c(CS(=O)(=O)c2ccccc2)nc2c(-c3ccc(CO)cc3)cc(Cl)cn12,13100.0
CHEMBL4283615,N#Cc1ccc(-c2cc(Cl)cn3c([N+](=O)[O-])c(CS(=O)(=O)c4ccccc4)nc23)cc1,3900.0
CHEMBL4284036,O=[N+]([O-])c1c(CS(=O)(=O)c2ccccc2)nc2c(-c3ccc(Cl)cc3)cc(Cl)cn12,3900.0
CHEMBL4284423,O=[N+]([O-])c1c(CS(=O)(=O)c2ccccc2)nc2c(-c3ccc(C(F)(F)F)cc3)cc(Cl)cn12,3900.0
CHEMBL4285279,O=[N+]([O-])c1c(CS(=O)(=O)c2ccccc2)nc2c(-c3cccnc3)cc(Cl)cn12,31300.0
CHEMBL4287538,O=[N+]([O-])c1c(CS(=O)(=O)c2ccccc2)nc2c(-c3ccccc3F)cc(Cl)cn12,3900.0
CHEMBL4288408,CN(C/C=C/C=C/c1ccc(C(F)(F)F)cc1)Cc1ccc2c(c1)OCCO2.Cl,67760.0
CHEMBL4288624,O=[N+]([O-])c1c(CS(=O)(=O)c2ccccc2)nc2c(-c3cccc(C(F)(F)F)c3)cc(Cl)cn12,12500.0
CHEMBL4290387,O=[N+]([O-])c1c(CS(=O)(=O)c2ccccc2)nc2c(-c3cccc(CO)c3)cc(Cl)cn12,25000.0
CHEMBL4290803,O=Cc1ccc(-c2cc(Cl)cn3c([N+](=O)[O-])c(CS(=O)(=O)c4ccccc4)nc23)cc1,31200.0
CHEMBL4290949,O=[N+]([O-])c1c(CS(=O)(=O)c2ccccc2)nc2c(-c3cccs3)cc(Cl)cn12,3900.0
CHEMBL4290964,O=[N+]([O-])c1c(CS(=O)(=O)c2ccccc2)nc2c(-c3ccc(F)cc3)cc(Cl)cn12,15600.0
CHEMBL4291889,COc1ccc(-c2cc(Cl)cn3c([N+](=O)[O-])c(CS(=O)(=O)c4ccccc4)nc23)cc1,3900.0
CHEMBL4294199,CCN(CC)c1ccc(-c2cc(Cl)cn3c([N+](=O)[O-])c(CS(=O)(=O)c4ccccc4)nc23)cc1,15600.0
CHEMBL4294726,O=[N+]([O-])c1c(CS(=O)(=O)c2ccccc2)nc2c(-c3ccc(F)cc3F)cc(Cl)cn12,7800.0
CHEMBL430,CO/N=C1\CN(c2nc3c(cc2F)c(=O)c(C(=O)O)cn3C2CC2)CC1CN,35000.0
CHEMBL431525,C=C(C)[C@@H]1CC[C@]2(C(=O)O)CC[C@]3(C)[C@H](CC[C@@H]4[C@@]5(C)CCC(=O)C(C)(C)[C@@H]5CC[C@]43C)[C@@H]12,150500.0
CHEMBL436512,COc1c(-c2ccc3c(c2)CN[C@@H]3C)c(F)cc2c(=O)c3c(=O)[nH]sc3n(C3CC3)c12,14000.0
CHEMBL4434664,N#Cc1ccc2cc3c(=O)[nH]c(=O)nc-3n(-c3ccc(Oc4ccc(Cl)cc4)cc3)c2c1,5300.0
CHEMBL4434868,Cc1ccc(Sc2cc(Cl)cn3c([N+](=O)[O-])c(CS(=O)(=O)c4ccccc4)nc23)cc1,3900.0
CHEMBL4436202,N#Cc1ccc2cc3c(=O)n(-c4ccc(Cl)cc4)c(=O)nc-3n(-c3cccc(O)c3)c2c1,85000.0
CHEMBL4439484,COc1ccc2cc(C(F)(F)F)cc([N+](=O)[O-])c2n1,100000.0
CHEMBL443972,Cc1cn([C@@H]2C[C@@H](O)[C@H](CO)O2)c(=O)nc1N,2000000.0
CHEMBL4440791,O=[N+]([O-])c1ccc2nc(Nc3ccc(C(F)(F)F)cc3)c(Nc3ccc(C(F)(F)F)cc3)nc2c1,80.0
CHEMBL4441013,CS(=O)(=O)Nc1cccc(-n2c3nc(=O)n(-c4ccc(Cl)cc4)c(=O)c-3cc3ccc(C#N)cc32)c1,100000.0
CHEMBL4441137,CCCCNc1ncnc2c1nnn2[C@@H]1O[C@H](CO)[C@@H](O)[C@@]1(C)F,600000.0
CHEMBL444388,Cc1cn([C@@H]2C=C[C@H](CO)O2)c(=O)nc1N,1400000.0
CHEMBL4444838,Cn1c(=O)nc2n(-c3ccc(O)cc3)c3cc(C#N)ccc3cc-2c1=O,100000.0
CHEMBL4445909,O=c1ccc2cc(C(F)(F)F)cc([N+](=O)[O-])c2[nH]1,41300.0
CHEMBL4446037,O=[N+]([O-])c1c(CS(=O)(=O)c2ccccc2)nc2c(Sc3ccccc3F)cc(Cl)cn12,5000.0
CHEMBL4447540,CCOC(=O)NC(=O)c1ccsc1NC(=O)c1nc2cnccc2s1,100000.0
CHEMBL4449643,N#Cc1ccc2cc3c(=O)[nH]c(=O)nc-3n(-c3ccc(OC(F)(F)F)cc3)c2c1,40000.0
CHEMBL4449777,O=c1[nH]c2c([N+](=O)[O-])cc(C#CCCCO)cc2cc1Cl,32700.0
CHEMBL4450630,O=[N+]([O-])c1c(CS(=O)(=O)c2ccccc2)nc2c(Sc3ccc(Br)cc3)cc(Cl)cn12,62500.0
CHEMBL4455073,C[C@@]1(F)[C@H](O)[C@@H](CO)O[C@H]1n1nnc2c(NCc3ccccc3)ncnc21,600000.0
CHEMBL4455249,C[C@@]1(F)[C@H](O)[C@@H](CO)O[C@H]1n1nnc2c(NC3CC3)ncnc21,600000.0
CHEMBL4456648,O=[N+]([O-])c1c(CS(=O)(=O)c2ccccc2)nc2c(Sc3cccc(F)c3)cc(Cl)cn12,3900.0
CHEMBL4457155,N#Cc1ccc2cc3c(=O)n(-c4ccc(Br)cc4)c(=O)nc-3n(-c3ccc(O)cc3)c2c1,49000.0
CHEMBL4459032,C[C@@]1(F)[C@H](O)[C@@H](CO)O[C@H]1n1nnc2c(Nc3ccccc3)ncnc21,501000.0
CHEMBL4460412,Cc1ccccc1Sc1cc(Cl)cn2c([N+](=O)[O-])c(CS(=O)(=O)c3ccccc3)nc12,3900.0
CHEMBL4462553,O=[N+]([O-])c1c(CS(=O)(=O)c2ccccc2)nc2c(Sc3cccc(Cl)c3)cc(Cl)cn12,3900.0
CHEMBL4463501,COc1ccc(/C=N/Nc2nc(-c3ccc(F)cc3)cs2)cc1Br,100000.0
CHEMBL4464179,N#Cc1ccc2cc3c(=O)[nH]c(=O)nc-3n(-c3ccc(OCc4ccccc4)cc3)c2c1,14000.0
CHEMBL4465345,O=[N+]([O-])c1c(CS(=O)(=O)c2ccccc2)nc2c([S+]([O-])c3ccc(Cl)cc3)cc(Cl)cn12,12500.0
CHEMBL4468174,N#Cc1ccc2cc3c(=O)n(-c4ccc(Cl)cc4)c(=O)nc-3n(-c3ccc(O)cc3)c2c1,41000.0
CHEMBL4469686,N#Cc1ccc2cc3c(=O)[nH]c(=O)nc-3n(-c3ccc(Oc4ccc(F)cc4)cc3)c2c1,14000.0
CHEMBL4470162,N#Cc1ccc2cc3c(=O)[nH]c(=O)nc-3n(-c3ccc(OC(F)F)cc3)c2c1,85000.0
CHEMBL4470609,N#Cc1ccc2cc3c(=O)[nH]c(=O)nc-3n(-c3ccc4c(c3)OCO4)c2c1,100000.0
CHEMBL4471861,N#Cc1ccc2cc3c(=O)n(-c4ccc(Cl)cc4)c(=O)nc-3n(-c3ccccc3)c2c1,33000.0
CHEMBL4472057,C[C@@]1(F)[C@H](O)[C@@H](CO)O[C@H]1n1nnc2c(N)ncnc21,600000.0
CHEMBL4472258,O=[N+]([O-])c1c(CS(=O)(=O)c2ccccc2)nc2c(Sc3ccccc3)cc(Cl)cn12,3900.0
CHEMBL4473587,O=[N+]([O-])c1c(CS(=O)(=O)c2ccccc2)nc2c(Sc3cc(Cl)ccc3Cl)cc(Cl)cn12,3900.0
CHEMBL4473717,N#Cc1ccc2cc3c(=O)[nH]c(=O)nc-3n(-c3ccc(OCc4ccc(Br)cc4)cc3)c2c1,17000.0
CHEMBL4473892,N#Cc1ccc2cc3c(=O)[nH]c(=O)nc-3n(-c3ccc(OCc4cccc(Cl)c4)cc3)c2c1,14000.0
CHEMBL4474514,O=C(Nc1nc2cc(-c3ccccc3)ccn2n1)c1cccc(Cl)c1,100000.0
CHEMBL4475668,O=[N+]([O-])c1c(CS(=O)(=O)c2ccccc2)nc2c(Sc3ccccc3Cl)cc(Cl)cn12,5000.0
CHEMBL4476522,O=[N+]([O-])c1c(CS(=O)(=O)c2ccccc2)nc2c(Sc3ccc(F)cc3)cc(Cl)cn12,5000.0
CHEMBL4482886,O=c1[nH]c2c([N+](=O)[O-])cc(Cl)cc2cc1Cl,24300.0
CHEMBL448465,C=C1C[C@H](OC(C)=O)[C@H](OC(C)=O)[C@]2(C)[C@@H](OC(C)=O)/C=C/C(=C)[C@H](Cl)[C@@H]3OC(=O)[C@H](C)[C@@]3(O)[C@@H](OC(C)=O)[C@@H]12,100000.0
CHEMBL450971,O=c1nc(NO)ccn1[C@@H]1CS[C@H](CO)O1,1320000.0
CHEMBL451065,C=C1/C=C\[C@H](OC(=O)COC(=O)CC(C)C)[C@@]2(C)[C@@H](OC(C)=O)CC[C@]3(CO3)[C@@H]2[C@H](OC(C)=O)[C@]2(O)[C@@H](C)C(=O)O[C@H]2[C@H]1Cl,100000.0
CHEMBL4517749,O=C(Nc1nc2cc(-c3cccnc3)ccn2n1)c1cccc(Cl)c1,100000.0
CHEMBL4517971,Cc1cccc(Sc2cc(Cl)cn3c([N+](=O)[O-])c(CS(=O)(=O)c4ccccc4)nc23)c1,5600.0
CHEMBL4518508,N#Cc1ccc2cc3c(=O)[nH]c(=O)nc-3n(-c3ccc(OCc4cccc(C(=O)O)c4)cc3)c2c1,100000.0
CHEMBL4520052,N#Cc1ccc2cc3c(=O)n(-c4cccc(Cl)c4)c(=O)nc-3n(-c3cccc(O)c3)c2c1,82000.0
CHEMBL4521151,COC(=O)c1cccc(-n2c(=O)nc3n(-c4ccc(O)cc4)c4cc(C#N)ccc4cc-3c2=O)c1,100000.0
CHEMBL452128,Cc1cn([C@@H]2CC[C@H](CO)O2)c(=O)nc1N,1550000.0
CHEMBL4525013,N#Cc1ccc2cc3c(=O)[nH]c(=O)nc-3n(-c3ccc(OCc4ccc(Cl)cc4)cc3)c2c1,100000.0
CHEMBL452885,O=c1nc(NO)ccn1[C@@H]1CC[C@H](CO)O1,2250000.0
CHEMBL4529002,O=[N+]([O-])c1c(CS(=O)(=O)c2ccccc2)nc2c(S(=O)(=O)c3ccc(Cl)cc3)cc(Cl)cn12,12500.0
CHEMBL4534157,O=[N+]([O-])c1c(CS(=O)(=O)c2ccccc2)nc2c(Sc3ccc(Cl)cc3)cc(Cl)cn12,100000.0
CHEMBL4534870,O=c1[nH]c2c([N+](=O)[O-])cc(C(F)(F)F)cc2cc1Cl,31400.0
CHEMBL4536546,N#Cc1ccc2cc3c(=O)[nH]c(=O)nc-3n(-c3cccc(Oc4ccccc4)c3)c2c1,9000.0
CHEMBL4537323,O=c1[nH]c2ccc(C(F)(F)F)cc2cc1Cl,100000.0
CHEMBL4538880,O=[N+]([O-])c1c(CS(=O)(=O)c2ccccc2)nc2c(Sc3ccc(C(F)(F)F)cc3)cc(Cl)cn12,3900.0
CHEMBL4540699,O=[N+]([O-])c1c(CS(=O)(=O)c2ccccc2)nc2c(Sc3ccccc3C(F)(F)F)cc(Cl)cn12,4100.0
CHEMBL4543568,O=C(O)Cc1ccc(Sc2cc(Cl)cn3c([N+](=O)[O-])c(CS(=O)(=O)c4ccccc4)nc23)cc1,62500.0
CHEMBL4543711,COc1ccc(Sc2cc(Cl)cn3c([N+](=O)[O-])c(CS(=O)(=O)c4ccccc4)nc23)cc1,62500.0
CHEMBL4546104,N#Cc1ccc2cc3c(=O)n(-c4ccc(F)cc4)c(=O)nc-3n(-c3ccc(O)cc3)c2c1,46000.0
CHEMBL4547155,O=C(O)c1ccc(-c2cc3cccc([N+](=O)[O-])c3[nH]c2=O)cc1,120000.0
CHEMBL4547583,C[C@@]1(F)[C@H](O)[C@@H](CO)O[C@H]1n1nnc2c(Nc3ccc(Cl)cc3F)ncnc21,327000.0
CHEMBL4547753,O=c1ccc2cc(C(F)(F)F)ccc2[nH]1,100000.0
CHEMBL4555612,N#Cc1ccc2cc3c(=O)n(-c4cccc(C(N)=O)c4)c(=O)nc-3n(-c3ccc(O)cc3)c2c1,100000.0
CHEMBL4555847,Nc1c(CS(=O)(=O)c2ccccc2)nc2c(Sc3ccc(Cl)cc3)cc(Cl)cn12,62500.0
CHEMBL4556532,O=c1[nH]c2c([N+](=O)[O-])cc(C(F)(F)F)cc2cc1Br,41300.0
CHEMBL4557001,N#Cc1ccc2cc3c(=O)[nH]c(=O)nc-3n(-c3ccc(Oc4cccc(C(=O)O)c4)cc3)c2c1,100000.0
CHEMBL4557142,CNc1ncnc2c1nnn2[C@@H]1O[C@H](CO)[C@@H](O)[C@@]1(C)F,600000.0
CHEMBL4557913,C[C@@]1(F)[C@H](O)[C@@H](CO)O[C@H]1n1nnc2c(=O)[nH]cnc21,600000.0
CHEMBL4559873,O=C(O)c1ccc(-c2cc3cc(Br)cc([N+](=O)[O-])c3[nH]c2=O)cc1,60400.0
CHEMBL4559890,O=c1[nH]c2c([N+](=O)[O-])cc(C#CCO)cc2cc1Cl,30900.0
CHEMBL4560735,N#Cc1ccc2cc3c(=O)n(-c4ccccc4)c(=O)nc-3n(-c3ccc(O)cc3)c2c1,50000.0
CHEMBL4565434,O=c1[nH]c2c([N+](=O)[O-])cc(Br)cc2cc1Cl,18100.0
CHEMBL4566278,O=c1[nH]c2c([N+](=O)[O-])cc(Br)cc2cc1Br,16600.0
CHEMBL4569720,Nc1cc(C(F)(F)F)cc2cc(Br)c(=O)[nH]c12,100000.0
CHEMBL4572376,CS(=O)(=O)Nc1ccc(-n2c3nc(=O)n(-c4ccc(Cl)cc4)c(=O)c-3cc3ccc(C#N)cc32)cc1,100000.0
CHEMBL4575234,O=c1ccc2cc(Br)cc([N+](=O)[O-])c2[nH]1,27900.0
CHEMBL4576353,COC(=O)c1cccc(COc2ccc(-n3c4nc(=O)[nH]c(=O)c-4cc4ccc(C#N)cc43)cc2)c1,29000.0
CHEMBL4577307,O=[N+]([O-])c1c(CS(=O)(=O)c2ccccc2)nc2c(Sc3ccc(Cl)cc3Cl)cc(Cl)cn12,3900.0
CHEMBL4578653,COc1ccccc1Sc1cc(Cl)cn2c([N+](=O)[O-])c(CS(=O)(=O)c3ccccc3)nc12,50000.0
CHEMBL4578871,COc1cccc(Sc2cc(Cl)cn3c([N+](=O)[O-])c(CS(=O)(=O)c4ccccc4)nc23)c1,15600.0
CHEMBL4581905,N#Cc1ccc2cc3c(=O)[nH]c(=O)nc-3n(-c3ccc4c(c3)OC(F)(F)O4)c2c1,42000.0
CHEMBL4585177,O=[N+]([O-])c1c(CS(=O)(=O)c2ccccc2)nc2c(Sc3cccc(C(F)(F)F)c3)cc(Cl)cn12,3900.0
CHEMBL4585909,O=[N+]([O-])c1c(CS(=O)(=O)c2ccccc2)nc2c(Sc3cccc(Cl)c3Cl)cc(Cl)cn12,25000.0
CHEMBL4585923,COC(=O)c1cccc(Oc2ccc(-n3c4nc(=O)[nH]c(=O)c-4cc4ccc(C#N)cc43)cc2)c1,8700.0
CHEMBL4585941,N#Cc1ccc2cc3c(=O)[nH]c(=O)nc-3n(-c3ccc(Oc4ccccc4)cc3)c2c1,29000.0
CHEMBL4586234,CC(C)c1ccc(Sc2cc(Cl)cn3c([N+](=O)[O-])c(CS(=O)(=O)c4ccccc4)nc23)cc1,25000.0
CHEMBL4587441,N#Cc1ccc2cc3c(=O)n(-c4ccc(Cl)c(Cl)c4)c(=O)nc-3n(-c3cccc(O)c3)c2c1,42000.0
CHEMBL4588561,O=c1[nH]c2ccc(C(F)(F)F)cc2cc1Br,100000.0
CHEMBL4590491,N#Cc1ccc2cc3c(=O)[nH]c(=O)nc-3n(-c3cccc(OCc4ccccc4)c3)c2c1,25000.0
CHEMBL4638269,O=C(O)c1ccc(Br)c(NCc2ccc(Sc3ccc(Cl)c(Cl)c3)c([N+](=O)[O-])c2)c1,92600.0
CHEMBL4638842,O=C(O)c1ccc(Cl)c(NCc2ccc(Sc3ccc(Cl)c(Cl)c3)c([N+](=O)[O-])c2)c1,110300.0
CHEMBL4642081,O=C(O)c1ccccc1C(=O)c1ccc(Sc2ccc(Cl)c(Cl)c2)c([N+](=O)[O-])c1,63800.0
CHEMBL4642366,O=C(O)c1ccc(Cl)cc1NCc1ccc(Sc2ccc(Cl)c(Cl)c2)c([N+](=O)[O-])c1,74400.0
CHEMBL4643573,O=C(O)c1ccccc1NCc1ccc(Sc2ccc(Cl)c(Cl)c2)c([N+](=O)[O-])c1,170100.0
CHEMBL4648868,O=C(O)c1c(Cl)cccc1NCc1ccc(Sc2ccc(Cl)c(Cl)c2)c([N+](=O)[O-])c1,97700.0
CHEMBL466155,C=C1/C=C/[C@H](OC(C)=O)[C@@]2(C)[C@@H](OC(C)=O)CC[C@]3(CO3)[C@@H]2[C@H](OC(C)=O)[C@]2(O)[C@@H](C)C(=O)O[C@H]2[C@H]1Cl,100000.0
CHEMBL469912,COc1ccc(C[C@H](N)C(=O)N[C@H]2[C@@H](O)[C@H](n3cnc4c(N(C)C)ncnc43)O[C@@H]2CO)cc1,830.0
CHEMBL4740129,C=C1[C@H](Cl)[C@@H]2OC(=O)[C@H](C)[C@]23O[C@@H]1[C@@H](OC(C)=O)[C@H](OC(C)=O)[C@@]1(C)[C@@H](OC(C)=O)CC[C@]2(CO2)[C@@H]1[C@@H]3OC(C)=O,100000.0
CHEMBL4740402,C=C1CC[C@H](OC(C)=O)[C@]2(C)[C@@H](OC(C)=O)C[C@@H](OC(C)=O)/C(CCl)=C\[C@@H]3OC(=O)[C@H](C)[C@@]3(O)[C@@H](OC(C)=O)[C@@H]12,100000.0
CHEMBL4740871,C=C1[C@H](Cl)[C@@H]2OC(=O)[C@H](C)[C@]23O[C@@H]1[C@@H](O)[C@H](OC(C)=O)[C@@]1(C)[C@@H](OC(C)=O)CC[C@]2(CO2)[C@@H]1[C@@H]3OC(C)=O,100000.0
CHEMBL4741387,C=C1/C=C\[C@H](OC(C)=O)[C@@]2(C)[C@@H](OC(C)=O)CC[C@]3(CO3)[C@@H]2[C@H](OC(C)=O)[C@]2(O)[C@@H](C)C(=O)O[C@H]2[C@H]1Cl,100000.0
CHEMBL4741517,C=C1[C@@H](OC(C)=O)C[C@H](OC(C)=O)[C@]2(C)[C@@H](OC(C)=O)C[C@@H](OC(C)=O)/C(C)=C\[C@@H]3OC(=O)[C@H](C)[C@@]3(O)[C@@H](OC(C)=O)[C@@H]12,100000.0
CHEMBL4742180,C=C1CC[C@H](OC(C)=O)[C@]2(C)[C@@H](OC(C)=O)C[C@@]3(O)O[C@]4([C@@H](C)C(=O)O[C@H]4[C@@H](Cl)C3=C)[C@@H](OC(C)=O)[C@@H]12,100000.0
CHEMBL4742938,CC(=O)O[C@H]1CC[C@]2(CO2)[C@@H]2[C@H](OC(C)=O)[C@@]3(O)[C@H](/C=C(CCl)\C=C/[C@H](OC(=O)COC(=O)CC(C)C)[C@@]12C)OC(=O)[C@@H]3C,100000.0
CHEMBL4743418,Oc1ccc(CN2CC(CNc3ccccc3)C3(C2)CN(c2ccccc2)C3)cc1,20000.0
CHEMBL4744102,CC(=O)OCC1=C/[C@@H]2OC(=O)[C@H](C)[C@@]2(O)[C@@H](OC(C)=O)[C@H]2[C@]3(CC[C@H](OC(C)=O)[C@]2(C)[C@@H](OC(=O)COC(=O)CC(C)C)\C=C/1)CO3,100000.0
CHEMBL4744613,CC(=O)OCC1=C/[C@@H]2OC(=O)[C@H](C)[C@@]2(O)[C@@H](OC(C)=O)[C@H]2[C@]3(CC[C@H](OC(C)=O)[C@]2(C)[C@@H](OC(C)=O)\C=C/1)CO3,100000.0
CHEMBL4745023,C=C1CC[C@H](OC(C)=O)[C@]2(C)[C@@H](OC(C)=O)/C=C/[C@]3(CO3)[C@H](Cl)[C@@H]3OC(=O)[C@H](C)[C@@]3(O)[C@@H](OC(C)=O)[C@@H]12,100000.0
CHEMBL4745455,O=C(O)c1cc(C(F)(F)F)ccc1Cc1ccc(Sc2ccc(Cl)c(Cl)c2)c([N+](=O)[O-])c1,3410.0
CHEMBL4746039,CC(=O)OC/C1=C/[C@@H]2OC(=O)[C@H](C)[C@@]2(O)[C@@H](OC(C)=O)[C@H]2[C@]3(CC[C@H](OC(C)=O)[C@]2(C)[C@@H](OC(C)=O)C[C@H]1OC(C)=O)CO3,100000.0
CHEMBL4746328,C=C1CC[C@H](OC(C)=O)[C@]2(C)[C@@H](OC(C)=O)C[C@@H](OC(C)=O)/C(C(=O)OC)=C\[C@@H]3OC(=O)[C@H](C)[C@@]3(O)[C@@H](OC(C)=O)[C@@H]12,100000.0
CHEMBL4746551,C=C1/C=C/[C@H](OC(C)=O)[C@@]2(C)[C@@H](OC(C)=O)C[C@H](OC(C)=O)[C@]3(CO3)[C@@H]2[C@H](OC(C)=O)[C@]2(O)[C@@H](C)C(=O)O[C@H]2[C@H]1Cl,100000.0
CHEMBL4747724,C=C1/C=C\[C@H](OC(=O)COC(C)=O)[C@@]2(C)[C@@H](OC(C)=O)CC[C@]3(CO3)[C@@H]2[C@H](OC(C)=O)[C@]2(O)[C@@H](C)C(=O)O[C@H]2[C@H]1Cl,100000.0
CHEMBL4749769,C=C1CC[C@H](OC(=O)CC(C)C)[C@]2(C)[C@@H](OC(C)=O)C[C@@H](OC(C)=O)/C(C)=C\[C@@H]3OC(=O)[C@H](C)[C@@]3(O)[C@@H](OC(C)=O)[C@@H]12,100000.0
CHEMBL4751298,C=C1CC[C@H](OC(C)=O)[C@]2(C)[C@@H](OC(C)=O)C[C@@]3(O)O[C@@]4([C@H](C=C3CO)OC(=O)[C@@H]4C)[C@@H](OC(C)=O)[C@@H]12,100000.0
CHEMBL4751344,COc1ccc2nc(C)cc(OCc3ccc(Cl)c(Cl)c3)c2c1,14650.0
CHEMBL4752261,C=C1CC[C@H](OC(C)=O)[C@]2(C)[C@@H](OC(C)=O)/C=C/C(COC(C)=O)=C\[C@@H]3OC(=O)[C@H](C)[C@@]3(O)[C@@H](OC(C)=O)[C@@H]12,100000.0
CHEMBL4753255,O=C(O)c1ccc(Cl)cc1Cc1ccc(Sc2ccc(Cl)c(Cl)c2)c([N+](=O)[O-])c1,3900.0
CHEMBL4754361,C=C1[C@H](Cl)[C@@H]2OC(=O)[C@H](C)[C@]23O[C@]1(O)C[C@H](OC(C)=O)[C@@]1(C)[C@@H](OC(C)=O)CC[C@]2(CO2)[C@@H]1[C@@H]3OC(C)=O,100000.0
CHEMBL4755640,C=C1/C=C/[C@H](OC(=O)CC)[C@@]2(C)[C@@H](OC(C)=O)[C@@H](OC(C)=O)C[C@]3(CO3)[C@@H]2[C@H](OC(C)=O)[C@]2(O)[C@@H](C)C(=O)O[C@H]2[C@H]1Cl,100000.0
CHEMBL4764101,CC(=O)OCC(=O)O[C@H]1/C=C\C(CCl)=C/[C@@H]2OC(=O)[C@H](C)[C@@]2(O)[C@@H](OC(C)=O)[C@H]2[C@@](O)(CCl)CC[C@H](OC(C)=O)[C@]12C,100000.0
CHEMBL4764195,C=C1CC[C@H](OC(C)=O)[C@]2(C)[C@@H](OC(C)=O)C[C@@H](OC(C)=O)/C(COC(C)=O)=C\[C@@H]3OC(=O)[C@H](C)[C@@]3(O)[C@@H](OC(C)=O)[C@@H]12,100000.0
CHEMBL4764472,C=C1CC[C@H](OC(C)=O)[C@]2(C)[C@@H](OC(C)=O)C[C@@H](O)/C(C)=C\[C@@H]3OC(=O)[C@H](C)[C@@]3(O)[C@@H](OC(C)=O)[C@@H]12,100000.0
CHEMBL4764956,O=C(Cc1ccc(O)cc1)N1CC(CNc2ccccc2)C2(C1)CN(c1ccccc1)C2,20000.0
CHEMBL477003,O=c1nc(NO)c(F)cn1[C@@H]1CS[C@H](CO)O1,855000.0
CHEMBL477505,Cc1cn([C@@H]2C[C@@H](O)[C@H](CO)O2)c(=O)nc1NO,490000.0
CHEMBL4776155,C=C1[C@H](OC(C)=O)C[C@H](OC(C)=O)[C@@]2(C)[C@@H](OC(C)=O)CC[C@]3(CO3)[C@@H]2[C@H](OC(C)=O)[C@]2(O)[C@@H](C)C(=O)O[C@H]2[C@H]1Cl,100000.0
CHEMBL4776430,COc1cccc(C#Cc2cc(Cl)cn3c([N+](=O)[O-])c(CS(=O)(=O)c4ccccc4)nc23)c1,3900.0
CHEMBL4776584,CS(=O)(=O)Cc1nc2c(Br)cc(Cl)cn2c1[N+](=O)[O-],45000.0
CHEMBL4777198,O=[N+]([O-])c1c(CS(=O)(=O)C2CCCCC2)nc2c(Sc3ccc(Cl)cc3)cc(Cl)cn12,31200.0
CHEMBL4777308,Cc1nc2c(Br)cc(Cl)cn2c1[N+](=O)[O-],125000.0
CHEMBL4779309,CC(O)C#Cc1cc(Cl)cn2c([N+](=O)[O-])c(CS(=O)(=O)c3ccccc3)nc12,44200.0
CHEMBL4779456,COc1ccc(C#Cc2cc(Cl)cn3c([N+](=O)[O-])c(CS(=O)(=O)c4ccccc4)nc23)cc1,3900.0
CHEMBL4780415,CCC(O)CC#Cc1cc(Cl)cn2c([N+](=O)[O-])c(CS(=O)(=O)c3ccccc3)nc12,62500.0
CHEMBL4780577,Cc1nc2c(Sc3ccc(Cl)cc3)cc(Cl)cn2c1[N+](=O)[O-],7800.0
CHEMBL4780635,O=[N+]([O-])c1c(CS(=O)(=O)c2ccccc2)nc2c(Br)cc(C(F)(F)F)cn12,15600.0
CHEMBL4780921,C=C1/C=C/[C@H](OC(=O)CC)[C@@]2(C)[C@@H](OC(C)=O)CC[C@]3(CO3)[C@@H]2[C@H](OC(C)=O)[C@]2(O)[C@@H](C)C(=O)O[C@H]2[C@H]1Cl,100000.0
CHEMBL4781050,C=C1[C@H](OC(C)=O)C[C@H](OC(=O)CC)[C@@]2(C)[C@@H](OC(C)=O)CC[C@]3(CO3)[C@@H]2[C@H](OC(C)=O)[C@]2(O)[C@@H](C)C(=O)O[C@H]2[C@H]1Cl,100000.0
CHEMBL4781126,C=C1[C@H](Cl)[C@@H]2OC(=O)[C@H](C)[C@]23O[C@@H]1[C@@H](O)[C@H](OC(C)=O)[C@@]1(C)[C@@H](OC(C)=O)[C@@H](OC(C)=O)C[C@]2(CO2)[C@@H]1[C@@H]3OC(C)=O,100000.0
CHEMBL4781136,O=[N+]([O-])c1c(CS(=O)(=O)c2ccccc2)nc2c(Nc3ccc(Cl)cc3)cc(Cl)cn12,3900.0
CHEMBL4781188,O=[N+]([O-])c1c(CSc2ccccc2)nc2c(Sc3ccc(Cl)cc3)cc(Cl)cn12,15600.0
CHEMBL4781232,O=C(O)c1ccc(C(F)(F)F)cc1Cc1ccc(Sc2ccc(Cl)c(Cl)c2)c([N+](=O)[O-])c1,145000.0
CHEMBL4781286,O=[N+]([O-])c1c(CS(=O)(=O)c2ccccc2)nc2c(C#Cc3ccc(CO)cc3)cc(Cl)cn12,15600.0
CHEMBL4781768,COc1ccc2nc(C)cc(OCC(=O)c3ccccc3)c2c1,20000.0
CHEMBL4782051,O=[N+]([O-])c1c(CS(=O)(=O)c2ccccc2)nc2c(C#CCOc3ccccc3)cc(Cl)cn12,8400.0
CHEMBL4782676,C=C1[C@H]2O[C@H]2[C@H](OC(C)=O)[C@@]2(C)[C@@H](OC(C)=O)CC[C@]3(CO3)[C@@H]2[C@H](OC(C)=O)[C@]2(O)[C@@H](C)C(=O)O[C@H]2[C@H]1Cl,100000.0
CHEMBL4783344,Cc1cc(Sc2ccc(Cl)cc2)c2nc(CS(=O)(=O)c3ccccc3)c([N+](=O)[O-])n2c1,62500.0
CHEMBL4783616,O=[N+]([O-])c1cnc2c(Br)cc(Cl)cn12,16200.0
CHEMBL4783634,O=[N+]([O-])c1c(CO)nc2c(Sc3ccc(Cl)cc3)cc(Cl)cn12,15600.0
CHEMBL4784292,C=C1CC[C@H](OC(C)=O)[C@@]2(C)[C@H]1[C@H](OC(C)=O)[C@@]13O[C@@H](C(=C)[C@H](Cl)[C@@H]1OC(=O)[C@@H]3C)[C@@H](O)[C@@H]2OC(C)=O,100000.0
CHEMBL4784460,O=[N+]([O-])c1c(CS(=O)(=O)c2ccccc2)nc2c(C#Cc3ccccc3)cc(Cl)cn12,3900.0
CHEMBL4784988,Cc1cc(Br)c2nc(CS(=O)(=O)c3ccccc3)c([N+](=O)[O-])n2c1,31200.0
CHEMBL4785404,O=[N+]([O-])c1c(CS(=O)(=O)C2CCCCC2)nc2c(Br)cc(Cl)cn12,15600.0
CHEMBL4785933,O=[N+]([O-])c1c(CS(=O)(=O)c2ccccc2)nc2c(C#Cc3cccs3)cc(Cl)cn12,3900.0
CHEMBL4786115,C=C1CC[C@H](OC(C)=O)[C@]2(C)[C@@H](OC(=O)COC(C)=O)/C=C\C(=C)[C@H](Cl)[C@@H]3OC(=O)[C@H](C)[C@@]3(O)[C@@H](OC(C)=O)[C@@H]12,100000.0
CHEMBL4786392,O=[N+]([O-])c1c(CS(=O)(=O)c2ccccc2)nc2c(C#Cc3cccc(F)c3)cc(Cl)cn12,3900.0
CHEMBL4786409,O=[N+]([O-])c1c(CS(=O)(=O)c2ccccc2)nc2c(C#CCO)cc(Cl)cn12,10100.0
CHEMBL4786627,CC(O)(C#Cc1cc(Cl)cn2c([N+](=O)[O-])c(CS(=O)(=O)c3ccccc3)nc12)c1ccccc1,18800.0
CHEMBL4787217,O=[N+]([O-])c1c(CS(=O)(=O)c2ccccc2)nc2c(C#CCCO)cc(Cl)cn12,125000.0
CHEMBL478730,O=c1nc(NO)ccn1[C@@H]1C[C@@H](O)[C@H](CO)O1,545000.0
CHEMBL478731,O=c1nc(NO)c(F)cn1[C@@H]1C[C@@H](O)[C@H](CO)O1,920000.0
CHEMBL4788481,O=[N+]([O-])c1c(CS(=O)(=O)c2ccccc2)nc2c(C#CC3(O)CCCCC3)cc(Cl)cn12,25000.0
CHEMBL4788930,O=[N+]([O-])c1c(CS(=O)(=O)c2cccnc2)nc2c(Sc3ccc(Cl)cc3)cc(Cl)cn12,31200.0
CHEMBL4789347,O=C(O)c1ccc(C(F)(F)F)cc1C(=O)c1ccc(Sc2ccc(Cl)c(Cl)c2)c([N+](=O)[O-])c1,387000.0
CHEMBL4789812,C=C1CC[C@H](OC(C)=O)[C@@]2(C)[C@H]1[C@H](OC(C)=O)[C@@]13O[C@@H](C(=C)[C@H](Cl)[C@@H]1OC(=O)[C@@H]3C)[C@@H](OC(C)=O)[C@@H]2OC(C)=O,100000.0
CHEMBL4789873,C=C1C[C@H](OC(C)=O)[C@H](OC(C)=O)[C@@]2(C)[C@H]1[C@H](OC(C)=O)[C@@]13O[C@@H](C(=C)[C@H](Cl)[C@@H]1OC(=O)[C@@H]3C)[C@@H](O)[C@@H]2OC(C)=O,100000.0
CHEMBL4789978,CS(=O)(=O)Cc1nc2c(Sc3ccc(Cl)cc3)cc(Cl)cn2c1[N+](=O)[O-],31200.0
CHEMBL4790486,O=[N+]([O-])c1c(CS(=O)(=O)c2ccccc2)nc2c(C#Cc3ccccc3F)cc(Cl)cn12,3900.0
CHEMBL4790879,C=C1CC[C@H](OC(C)=O)[C@]2(C)[C@@H](OC(C)=O)C[C@@H](OC(C)=O)C(=C)[C@H](Cl)[C@@H]3OC(=O)[C@H](C)[C@@]3(O)[C@@H](OC(C)=O)[C@@H]12,100000.0
CHEMBL4791191,O=[N+]([O-])c1c(CSc2ccccc2)nc2c(Br)cc(Cl)cn12,31200.0
CHEMBL4791331,CS(=O)(=O)Cc1nc2c(Br)cc(Cl)cn2c1N,125000.0
CHEMBL4791697,O=[N+]([O-])c1c(CS(=O)(=O)c2ccccc2)nc2c(C#CC3(O)CCCC3)cc(Cl)cn12,31300.0
CHEMBL4792432,O=[N+]([O-])c1c(CS(=O)(=O)c2cccnc2)nc2c(Br)cc(Cl)cn12,62500.0
CHEMBL4792699,COc1ccc(Nc2cc(Cl)cn3c([N+](=O)[O-])c(CS(=O)(=O)c4ccccc4)nc23)cc1,3900.0
CHEMBL4792857,CSCc1nc2c(Br)cc(Cl)cn2c1[N+](=O)[O-],15600.0
CHEMBL4793765,C=C1CC[C@H](OC(C)=O)[C@]2(C)[C@@H](OC(C)=O)/C=C/C(=C)[C@H](Cl)[C@@H]3OC(=O)[C@H](C)[C@@]3(O)[C@@H](OC(C)=O)[C@@H]12,100000.0
CHEMBL4793808,COc1ccc2nc(C)cc(OCC(=O)c3cccc(Cl)c3)c2c1,20000.0
CHEMBL4793961,O=[N+]([O-])c1cnc2c(Sc3ccc(Cl)cc3)cc(Cl)cn12,7800.0
CHEMBL4794043,COc1ccccc1C#Cc1cc(Cl)cn2c([N+](=O)[O-])c(CS(=O)(=O)c3ccccc3)nc12,3900.0
CHEMBL4794493,C[S+]([O-])Cc1nc2c(Br)cc(Cl)cn2c1[N+](=O)[O-],51400.0
CHEMBL4794664,O=[N+]([O-])c1c(CS(=O)(=O)c2ccccc2)nc2c(Nc3ccccc3)cc(Cl)cn12,3900.0
CHEMBL4795526,Nc1c(CS(=O)(=O)c2ccccc2)nc2c(C#CCCO)cc(Cl)cn12,62500.0
CHEMBL4797467,O=[N+]([O-])c1c(CS(=O)(=O)c2ccccc2)nc2c(Sc3ccc(Cl)cc3)cc(C(F)(F)F)cn12,7800.0
CHEMBL4797626,C=C1CC[C@H](OC(C)=O)[C@]2(C)[C@@H](OC(C)=O)C[C@@H](OC(C)=O)/C(C)=C\[C@@H]3OC(=O)[C@H](C)[C@@]3(O)[C@@H](OC(C)=O)[C@@H]12,100000.0
CHEMBL4797689,COc1ccc2nc(C)cc(OCc3ccc(C(C)C)cc3)c2c1,13050.0
CHEMBL4798040,C=C1CC[C@H](OC(C)=O)[C@]2(C)[C@@H](OC(C)=O)C[C@@H](OC(C)=O)/C(CO)=C\[C@@H]3OC(=O)[C@H](C)[C@@]3(O)[C@@H](OC(C)=O)[C@@H]12,100000.0
CHEMBL4798187,O=[N+]([O-])c1c(CS(=O)(=O)c2ccccc2)nc2c([Se]c3ccc(Cl)cc3)cc(Cl)cn12,7800.0
CHEMBL4798329,O=[N+]([O-])c1c(CS(=O)(=O)c2ccccc2)nc2c(C#Cc3ccc(F)cc3)cc(Cl)cn12,3900.0
CHEMBL4798919,CC(C)(O)C#Cc1cc(Cl)cn2c([N+](=O)[O-])c(CS(=O)(=O)c3ccccc3)nc12,62500.0
CHEMBL4799356,O=[N+]([O-])c1c(CO)nc2c(Br)cc(Cl)cn12,125000.0
CHEMBL4799502,Nc1ccc(C#Cc2cc(Cl)cn3c([N+](=O)[O-])c(CS(=O)(=O)c4ccccc4)nc23)cc1,3900.0
CHEMBL4799716,O=[N+]([O-])c1c(CS(=O)(=O)c2ccccc2)nc2c(C#Cc3cccnc3)cc(Cl)cn12,3900.0
CHEMBL4800138,CC(=O)OCC(=O)O[C@H]1/C=C\C(COC(C)=O)=C/[C@@H]2OC(=O)[C@H](C)[C@@]2(O)[C@@H](OC(C)=O)[C@H]2[C@]3(CC[C@H](OC(C)=O)[C@]12C)CO3,100000.0
CHEMBL4846920,Cc1ccc(Sc2nc3ccccc3nc2C(Cl)(Cl)Cl)cc1,69700.0
CHEMBL4848544,NCCCCc1cn(-c2ccc(-c3nc(CCc4ccc(-c5ccccc5)cc4)cs3)c(OCCN3CCNC3=O)c2)nn1.O=C(O)C(F)(F)F,40500.0
CHEMBL4849197,CC(C)OC(=O)[C@H](C)N[P@@](=O)(CO[C@H](C)Cn1cnc2c(N)ncnc21)Oc1ccc(C[C@H](NCCCc2ccccc2)C(=O)OC2CCCC2)cc1,50000.0
CHEMBL4849286,CC(C)OC(=O)[C@H](C)N[P@@](=O)(CO[C@H](C)Cn1cnc2c(N)ncnc21)Oc1ccc(C[C@H](NC(=O)OCc2ccccc2)C(=O)CC2CCCC2)cc1,50000.0
CHEMBL4851495,Clc1ccc(Sc2nc3ccccc3nc2C(Cl)(Cl)Cl)c(Cl)c1,31200.0
CHEMBL4852025,ClC(Cl)(Cl)c1nc2ccccc2nc1Sc1ccccc1,56000.0
CHEMBL4854971,CC(C)OC(=O)[C@H](C)NP(=O)(CO[C@H](C)Cn1cnc2c(N)ncnc21)Oc1ccc(C[C@@H](C(=O)OC2CCCC2)N(CCCc2ccccc2)Cc2ccccc2)cc1,50000.0
CHEMBL4855762,COC(=O)[C@H](Cc1ccc(O[P@](=O)(CO[C@H](C)Cn2cnc3c(N)ncnc32)N[C@@H](C)C(=O)OC(C)C)cc1)NC(C)=O,50000.0
CHEMBL4855770,CCCCCCOC(=O)[C@H](Cc1ccc(OP(=O)(CO[C@H](C)Cn2cnc3c(N)ncnc32)N[C@@H](C)C(=O)OC(C)C)cc1)NC(=O)OCc1ccccc1,50000.0
CHEMBL4855840,NCCCCc1cn(-c2ccc(-c3nc(-c4ccccc4)c(-c4ccccc4)s3)c(OCCN3CCNC3=O)c2)nn1.O=C(O)C(F)(F)F,75000.0
CHEMBL4858258,Cc1nc2ccccc2nc1Sc1ccccc1,25000.0
CHEMBL4859319,COC(=O)[C@H](Cc1ccc(O[P@@](=O)(CO[C@H](C)Cn2cnc3c(N)ncnc32)N[C@@H](C)C(=O)OC(C)C)cc1)NC(=O)C(F)(F)F,50000.0
CHEMBL4859379,FC(F)(F)c1ccc(Sc2nc3ccccc3nc2C(Cl)(Cl)Cl)cc1,29900.0
CHEMBL4859604,CC(C)OC(=O)[C@H](C)NP(=O)(CO[C@H](C)Cn1cnc2c(N)ncnc21)Oc1ccc(C[C@H](NC(=O)OCc2ccccc2)C(=O)OC(C)C)cc1,50000.0
CHEMBL4859916,NCCCc1cn(-c2ccc(-c3nc(CCc4ccc(-c5ccccc5)cc4)cs3)c(OCCN3CCNC3=O)c2)nn1.O=C(O)C(F)(F)F,37300.0
CHEMBL4860914,Clc1cccc(Sc2nc3ccccc3nc2C(Cl)(Cl)Cl)c1,38300.0
CHEMBL4861367,ClC(Cl)(Cl)c1nc2ccccc2nc1Sc1ccc(Br)cc1,42200.0
CHEMBL4861489,FC(F)(F)Oc1ccc(Sc2nc3ccccc3nc2C(Cl)(Cl)Cl)cc1,21000.0
CHEMBL4863123,CC(C)OC(=O)[C@H](C)N[P@](=O)(CO[C@H](C)Cn1cnc2c(N)ncnc21)Oc1ccccc1.O=C(O)/C=C/C(=O)O,50000.0
CHEMBL4863664,COC(=O)[C@H](Cc1ccc(O[P@](=O)(CO[C@H](C)Cn2cnc3c(N)ncnc32)N[C@@H](C)C(=O)OC(C)C)cc1)NC(=O)C(F)(F)F,50000.0
CHEMBL4864042,CCOC(=O)[C@H](Cc1ccc(OP(=O)(CO[C@H](C)Cn2cnc3c(N)ncnc32)N[C@@H](C)C(=O)OC(C)C)cc1)NC(=O)OCc1ccccc1,50000.0
CHEMBL4865455,CC(C)OC(=O)[C@H](C)NP(=O)(CO[C@H](C)Cn1cnc2c(N)ncnc21)Oc1ccc(C[C@@H](C(=O)CC2CCCC2)N(CCCc2ccccc2)Cc2ccccc2)cc1,46000.0
CHEMBL4868959,CC(C)OC(=O)[C@H](C)N[P@@](=O)(CO[C@H](C)Cn1cnc2c(N)ncnc21)Oc1ccc(C[C@H](NC(=O)CCc2ccccc2)C(=O)OC2CCCC2)cc1,50000.0
CHEMBL4869422,CC(C)OC(=O)[C@H](C)NP(=O)(CO[C@H](C)Cn1cnc2c(N)ncnc21)Oc1ccc(C[C@H](NC(=O)OCc2ccccc2)C(=O)OC2CCCC2)cc1,50000.0
CHEMBL4869690,Fc1ccc(Sc2nc3ccccc3nc2C(Cl)(Cl)Cl)cc1,30800.0
CHEMBL4871438,COc1ccc(Cl)c(Sc2nc3ccccc3nc2C(Cl)(Cl)Cl)c1,58400.0
CHEMBL4871483,O=[N+]([O-])c1ccc(Sc2nc3ccccc3nc2C(Cl)(Cl)Cl)cc1,19900.0
CHEMBL4872265,Clc1ccccc1Sc1nc2ccccc2nc1C(Cl)(Cl)Cl,36900.0
CHEMBL4873299,FC(F)(F)c1nc2ccccc2nc1Sc1ccccc1,50000.0
CHEMBL4873511,CC(C)OC(=O)[C@H](C)N[P@](=O)(CO[C@H](C)Cn1cnc2c(N)ncnc21)Oc1ccc(C[C@H](NC(=O)CCc2ccccc2)C(=O)OC2CCCC2)cc1,50000.0
CHEMBL4873809,Fc1ccccc1Sc1nc2ccccc2nc1C(Cl)(Cl)Cl,40500.0
CHEMBL4875146,CC(C)CCOC(=O)[C@H](Cc1ccc(OP(=O)(CO[C@H](C)Cn2cnc3c(N)ncnc32)N[C@@H](C)C(=O)OC(C)C)cc1)NC(=O)OCc1ccccc1,50000.0
CHEMBL4875328,Clc1cccc(Sc2nc3ccccc3nc2C(Cl)(Cl)Cl)c1Cl,34600.0
CHEMBL4875428,COc1ccccc1Sc1nc2ccccc2nc1C(Cl)(Cl)Cl,42600.0
CHEMBL4876961,Fc1cccc(Sc2nc3ccccc3nc2C(Cl)(Cl)Cl)c1,35900.0
CHEMBL4877392,CC(C)OC(=O)[C@H](C)N[P@](=O)(CO[C@H](C)Cn1cnc2c(N)ncnc21)Oc1ccc(C[C@H](NCCCc2ccccc2)C(=O)OC2CCCC2)cc1,50000.0
CHEMBL4877423,COc1ccc(Sc2nc3ccccc3nc2C(Cl)(Cl)Cl)cc1,1900.0
CHEMBL4877554,CC(C)OC(=O)[C@H](C)N[P@](=O)(CO[C@H](C)Cn1cnc2c(N)ncnc21)Oc1ccc(C[C@H](NC(=O)OCc2ccccc2)C(=O)CC2CCCC2)cc1,50000.0
CHEMBL4877971,COC(=O)[C@H](Cc1ccc(O[P@@](=O)(CO[C@H](C)Cn2cnc3c(N)ncnc32)N[C@@H](C)C(=O)OC(C)C)cc1)NC(C)=O,50000.0
CHEMBL4878556,COC(=O)[C@H](Cc1ccc(OP(=O)(CO[C@H](C)Cn2cnc3c(N)ncnc32)N[C@@H](C)C(=O)OC(C)C)cc1)NC(=O)OCc1ccccc1,15000.0
CHEMBL487887,C[C@H]1[C@H](C)CC[C@]2(C(=O)O)CC[C@]3(C)C(=CC[C@@H]4[C@@]5(C)CCC(=O)C(C)(C)[C@@H]5CC[C@]43C)[C@H]12,400000.0
CHEMBL4879323,NCCCCc1cn(-c2ccc(-c3nc(CCc4ccccc4)cs3)c(OCCN3CCNC3=O)c2)nn1.O=C(O)C(F)(F)F,27800.0
CHEMBL488759,Cc1cn([C@H]2OC[C@H](O)[C@H](O)[C@H]2O)c(=O)nc1N,2000000.0
CHEMBL488760,Cc1cn([C@@H]2C[C@@H](N=[N+]=[N-])[C@H](CO)O2)c(=O)nc1N,1750000.0
CHEMBL499112,C=C1/C=C/[C@H](OC(C)=O)[C@@]2(C)[C@@H](OC(C)=O)[C@@H](OC(C)=O)C[C@]3(CO3)[C@@H]2[C@H](OC(C)=O)[C@]2(O)[C@@H](C)C(=O)O[C@H]2[C@H]1Cl,100000.0
CHEMBL501354,O=c1nc(NO)ccn1[C@@H]1CC(F)[C@H](CO)O1,820000.0
CHEMBL501563,O=c1nc(NO)ccn1[C@@H]1C=C[C@H](CO)O1,2500000.0
CHEMBL502640,CC(=O)O[C@H]1CC[C@]2(CO2)[C@@H]2[C@H](OC(C)=O)[C@@]3(O)[C@H](/C=C(/C)[C@H](OC(C)=O)C[C@H](OC(C)=O)[C@@]12C)OC(=O)[C@@H]3C,100000.0
CHEMBL505365,Cc1cn([C@@H]2C[C@@H](F)[C@H](CO)O2)c(=O)nc1N,1800000.0
CHEMBL506,COc1cc(NC(C)CCCN)c2ncccc2c1,6100.0
CHEMBL508907,C=C(C)[C@@H]1CC[C@]2(C(=O)OC)CC[C@]3(C)[C@H](CC[C@@H]4[C@@]5(C)CC[C@H](OC(C)=O)C(C)(C)[C@@H]5CC[C@]43C)[C@@H]12,400000.0
CHEMBL512949,CC(=O)N1c2cccc(O)c2NC2=C(C(=O)CC(C)(C)C2)C1c1ccc(OCc2ccccc2)cc1Cl,28100.0
CHEMBL5169441,O=[N+]([O-])c1ccc2nc(Nc3cc(C(F)(F)F)ccc3F)c(Nc3cc(C(F)(F)F)ccc3F)nc2c1,100.0
CHEMBL5169708,Cc1ccccc1N(C)C(=O)C(c1cccnc1)N(Cc1cc(C(F)(F)F)ccc1F)C1CC1,30000.0
CHEMBL5169789,CCc1ccccc1N(C)C(=O)C(c1cncnc1)N(Cc1cccc(C(F)(F)F)c1)C1CC1,25000.0
CHEMBL5170092,Cc1ccccc1COP(=O)(CO[C@H](C)Cn1cnc2c(N)ncnc21)N[C@@H](C)C(=O)OC1CCCC1,500000.0
CHEMBL5170287,CC(C)OC(=O)[C@H](C)NP(=O)(CO[C@H](C)Cn1cnc2c(N)ncnc21)OCc1cccc(Br)c1,500000.0
CHEMBL5170435,Cc1ncc(C(C(=O)N(C)c2ccccc2C)N(Cc2cccc(C(F)(F)F)c2)C2CC2)cn1,30000.0
CHEMBL5171027,Cc1ccc(COP(=O)(CO[C@H](C)Cn2cnc3c(N)ncnc32)N[C@@H](C)C(=O)OC(C)C)cc1,500000.0
CHEMBL5171179,CC(C)OC(=O)[C@H](C)NP(=O)(CO[C@H](C)Cn1cnc2c(N)ncnc21)OCc1ccc([N+](=O)[O-])cc1,500000.0
CHEMBL5172306,COC(=O)C[C@H](NP(=O)(CO[C@H](C)Cn1cnc2c(N)ncnc21)OCc1ccccc1C)C(=O)OC,500000.0
CHEMBL5172606,CC(=O)Nc1ccc2nc(Nc3ccc(Cl)c(Cl)c3)c(Nc3ccc(Cl)c(Cl)c3)nc2c1,4590.0
CHEMBL5172926,CC(=O)c1ccc(NC(=O)c2ccc(NC(=O)C3COc4ccccc4O3)cc2)cc1,30000.0
CHEMBL5173007,Cc1ccccc1-n1nnnc1C(c1cncnc1)N(Cc1cc(F)cc(C(F)(F)F)c1)C1CC1,30000.0
CHEMBL5173052,O=[N+]([O-])c1ccc2nc(Nc3ccc(Br)cc3)c(Nc3ccc(Br)cc3)nc2c1,3970.0
CHEMBL5173215,O=[N+]([O-])c1ccc2nc(Nc3cccc(Cl)c3)c(Nc3cccc(Cl)c3)nc2c1,580.0
CHEMBL5173264,COc1nc(C(C)C)ccc1-c1cnc2sc(N3CCC(O)(CN)CC3)nn12,6700.0
CHEMBL5173733,CC(C)OC(=O)[C@H](C)NP(=O)(CO[C@H](C)Cn1cnc2c(N)ncnc21)OCc1ccc(Cl)cc1,500000.0
CHEMBL5174213,Cc1ccccc1-n1nnnc1C(c1cccnc1)N(Cc1cccc(C(F)(F)F)c1)C1CC1,15000.0
CHEMBL5174369,Cc1ccc(-c2cc3nc(NC(C)(C)C)[nH]c(=O)c3o2)cc1,10900.0
CHEMBL5175795,Cc1ccccc1COP(=O)(CO[C@H](C)Cn1cnc2c(N)ncnc21)N[C@@H](C)C(=O)OCC(C)(C)C,500000.0
CHEMBL5176841,CC(C)OC(=O)[C@H](C)NP(=O)(CO[C@H](C)Cn1cnc2c(N)ncnc21)OCc1ccccc1[N+](=O)[O-],500000.0
CHEMBL5176865,CCCCCC(=O)Nc1ccc2nc(Nc3ccc(Cl)c(Cl)c3)c(Nc3ccc(Cl)c(Cl)c3)nc2c1,2430.0
CHEMBL5177136,CC(C)OC(=O)[C@H](C)NP(=O)(CO[C@H](C)Cn1cnc2c(N)ncnc21)OCc1cccc(Cl)c1,500000.0
CHEMBL5177171,CC(C)OC(=O)[C@H](C)NP(=O)(CO[C@H](C)Cn1cnc2c(N)ncnc21)OCc1cccc([N+](=O)[O-])c1,500000.0
CHEMBL5177297,O=C(/C=C/c1nccs1)N1CCN(Cc2ccc3c(c2)OCO3)CC1,210000.0
CHEMBL5177324,CC(C)(C)Nc1nc2cc(-c3ccc(F)cc3)oc2c(=O)[nH]1,3125.0
CHEMBL5177458,CC(C)(C)Nc1nc2sc(-c3ccccc3)cc2c(=O)[nH]1,12500.0
CHEMBL5178101,CCc1cc(OCC(=O)Nc2ccc(N3CCCCC3)cc2)c2cc(OC)ccc2n1,20000.0
CHEMBL5178958,CC(C)OC(=O)[C@H](C)NP(=O)(CO[C@H](C)Cn1cnc2c(N)ncnc21)OCc1cccc(F)c1,500000.0
CHEMBL5178961,COc1ccc(COP(=O)(CO[C@H](C)Cn2cnc3c(N)ncnc32)N[C@@H](C)C(=O)OC(C)C)cc1,500000.0
CHEMBL5179153,O=[N+]([O-])c1ccc2nc(Nc3ccc(F)c(C(F)(F)F)c3)c(Nc3ccc(F)c(C(F)(F)F)c3)nc2c1,670.0
CHEMBL5179196,CC(C)OC(=O)[C@H](C)NP(=O)(CO[C@H](C)Cn1cnc2c(N)ncnc21)OCc1ccc(C(F)(F)F)cc1,500000.0
CHEMBL5179322,CC(C)OC(=O)[C@H](C)NP(=O)(CO[C@H](C)Cn1cnc2c(N)ncnc21)OCc1ccccc1F,500000.0
CHEMBL5179988,CC(C)(N)CNc1nn2c(-c3ccc(F)cc3F)cnc2s1,18000.0
CHEMBL5181478,Cc1ccccc1COP(=O)(CO[C@H](C)Cn1cnc2c(N)ncnc21)NCC(=O)OC(C)C,500000.0
CHEMBL5181581,COc1ccc(Br)cc1CN(C)C(c1ccccc1)c1nnnn1-c1ccccc1C,30000.0
CHEMBL5181760,O=C(C(c1cccnc1)N(Cc1cccc(C(F)(F)F)c1)C1CC1)N1CCCCC1,20000.0
CHEMBL5181967,Cc1ccc(-c2cc3nc(NC(C)C)[nH]c(=O)c3o2)cc1,20400.0
CHEMBL5182245,Cc1ccc(-c2cc3nc(NC(C)C)[nH]c(=O)c3[se]2)cc1,25000.0
CHEMBL5182771,CCCCOC(=O)[C@H](C)NP(=O)(CO[C@H](C)Cn1cnc2c(N)ncnc21)OCc1ccccc1C,500000.0
CHEMBL5183141,O=[N+]([O-])c1ccc2nc(NCCc3ccccc3)c(NCCc3ccccc3)nc2c1,4520.0
CHEMBL5183460,Cc1ccccc1COP(=O)(CO[C@H](C)Cn1cnc2c(N)ncnc21)N[C@@H](C)C(=O)OC(C)C,500000.0
CHEMBL5183622,O=C(Nc1ccc2nc(Nc3ccc(Cl)c(Cl)c3)c(Nc3ccc(Cl)c(Cl)c3)nc2c1)c1ccco1,5690.0
CHEMBL5183933,O=[N+]([O-])c1ccc2nc(Nc3ccc(Cl)cc3)c(Nc3ccc(Cl)cc3)nc2c1,130.0
CHEMBL5185231,CCCN(C(c1cncnc1)c1nnnn1-c1ccccc1C)C1(c2cccc(C(F)(F)F)c2)CC1,13000.0
CHEMBL5185599,CC(C)n1cnc(-c2ccccc2Nc2nc(Nc3ccc(N(C)C4CCN(C)CC4)cc3)ncc2Cl)n1,351.9
CHEMBL5185678,Cc1ccccc1-n1nnnc1C(c1cncnc1)N(Cc1cccc(C(F)(F)F)c1)C1CC1,33000.0
CHEMBL5186070,CC(C)OC(=O)[C@H](C)NP(=O)(CO[C@H](C)Cn1cnc2c(N)ncnc21)OCc1ccccc1C(F)(F)F,500000.0
CHEMBL5186287,Cc1ccc(-c2nc3nc(NC(C)(C)C)[nH]c(=O)c3s2)cc1,5000.0
CHEMBL5186711,Cc1ccc(-c2cc3nc(NC(C)(C)C)[nH]c(=O)c3[se]2)cc1,7800.0
CHEMBL5186871,Cc1ccc(-c2cc3nc(NC(C)(C)C)[nH]c(=O)c3[se]2)cc1.Cl,3125.0
CHEMBL5186886,CN(C(=O)C(c1cncnc1)N(Cc1cccc(C(F)(F)F)c1)C1CC1)c1ccccc1,30000.0
CHEMBL5187866,COc1ccc(C(F)(F)F)cc1CN(C1CC1)C(c1cccnc1)c1nnnn1-c1ccccc1C,16000.0
CHEMBL5187890,Cc1cccc(COP(=O)(CO[C@H](C)Cn2cnc3c(N)ncnc32)N[C@@H](C)C(=O)OC(C)C)c1,500000.0
CHEMBL5188104,CCC(C(=O)Nc1cccc(Cl)c1)N1C(=O)C(C)N=C(c2ccccc2)c2ccccc21,30000.0
CHEMBL5188544,CCCOC(=O)[C@H](C)NP(=O)(CO[C@H](C)Cn1cnc2c(N)ncnc21)OCc1ccccc1C,500000.0
CHEMBL5189013,Cc1c(-c2ccc(F)cc2)sc2c(=O)[nH]c(NC(C)C)nc12,19700.0
CHEMBL5189523,COc1cc(F)ccc1-c1cnc2sc(N3CCC(C)(N)CC3)nn12,31000.0
CHEMBL5189580,CCCN(C(C(=O)N(C)c1ccccc1C)c1cccnc1)C1(c2cccc(C(F)(F)F)c2)CC1,15000.0
CHEMBL5190370,COc1ccc(Nc2nc3ccc([N+](=O)[O-])cc3nc2Nc2ccc(OC)c(C(F)(F)F)c2)cc1C(F)(F)F,430.0
CHEMBL5190515,CCS(=O)(=O)N1N=Cc2ccc(Oc3ccc(C(F)(F)F)cc3/C=N/O)cc2B1O,100000.0
CHEMBL5190866,CC(C)(C)Nc1nc2sc(-c3ccc(Cl)cc3)cc2c(=O)[nH]1,21400.0
CHEMBL5190990,COc1ccc(-c2c3c(nc4ccc(OC)cc24)CN(C(C)(C)C(=O)NC(C)(C)C)C3=O)cc1,63710.0
CHEMBL5191101,O=[N+]([O-])c1ccc2nc(NCc3ccccc3)c(NCc3ccccc3)nc2c1,5080.0
CHEMBL5191545,Cc1ccccc1COP(=O)(CO[C@H](C)Cn1cnc2c(N)ncnc21)N[C@@H](Cc1ccccc1)C(=O)OC(C)C,500000.0
CHEMBL5192995,COc1ccccc1COP(=O)(CO[C@H](C)Cn1cnc2c(N)ncnc21)N[C@@H](C)C(=O)OC(C)C,500000.0
CHEMBL5193113,Cc1ccc(-c2cc3nc(NC(C)(C)C)[nH]c(=O)c3o2)cc1.Cl,21700.0
CHEMBL5193646,CC(C)(C)Nc1nc2cc(-c3ccc(Cl)cc3)oc2c(=O)[nH]1,6250.0
CHEMBL5193781,Cc1ccc(-c2cc3nc(NC(C)C)[nH]c(=O)c3[se]2)cc1.Cl,10000.0
CHEMBL5193977,CC(C)OC(=O)[C@H](C)NP(=O)(CO[C@H](C)Cn1cnc2c(N)ncnc21)OCc1ccccc1Br,490000.0
CHEMBL5194081,Cc1ccccc1N(C)C(=O)C(c1cccnc1)N(Cc1cccc(OC(F)(F)F)c1)C1CC1,30000.0
CHEMBL5194461,CC(=O)N(Cc1cc(C(F)(F)F)ccc1F)C(c1cncnc1)c1nnnn1-c1ccccc1C,30000.0
CHEMBL5194547,Cc1ccccc1N(C)C(=O)C(c1cccnc1)N(Cc1cccc(C(F)(F)F)c1)C1CC1,30000.0
CHEMBL5194699,COC(=O)[C@H](C)NP(=O)(CO[C@H](C)Cn1cnc2c(N)ncnc21)OCc1ccccc1C,500000.0
CHEMBL5195559,COc1cccc(COP(=O)(CO[C@H](C)Cn2cnc3c(N)ncnc32)N[C@@H](C)C(=O)OC(C)C)c1,500000.0
CHEMBL5195808,Cc1ccccc1COP(=O)(CO[C@H](C)Cn1cnc2c(N)ncnc21)N[C@@H](C)C(=O)OC1CCCCC1,500000.0
CHEMBL5196943,CCOC(=O)[C@H](C)NP(=O)(CO[C@H](C)Cn1cnc2c(N)ncnc21)OCc1ccccc1C,500000.0
CHEMBL5197645,CC(C)(C)Nc1nc2sc(-c3ccc(F)cc3)cc2c(=O)[nH]1,25000.0
CHEMBL5197774,O=C(Nc1ccc2c3c(cccc13)C(=O)C=C2)c1ccccc1,32000.0
CHEMBL5198081,CC(C)OC(=O)[C@H](C)NP(=O)(CO[C@H](C)Cn1cnc2c(N)ncnc21)OCc1ccc(Br)cc1,500000.0
CHEMBL5198275,Cc1ccccc1COP(=O)(CO[C@H](C)Cn1cnc2c(N)ncnc21)N[C@@H](C)C(=O)OCC(C)C,500000.0
CHEMBL5198668,Cc1ccc(-c2cc3c(=O)[nH]c(NC(C)(C)C)nc3s2)cc1,20500.0
CHEMBL5200014,CC(C)(C)Nc1nc2nc(-c3ccccc3)sc2c(=O)[nH]1,25000.0
CHEMBL5201840,Cc1ncccc1C(c1nnnn1C1CC1)N(C1CC1)C1(c2cccc(C(F)(F)F)c2)CC1,30000.0
CHEMBL5203161,CCOC(=O)c1[nH]c(-c2ccc(C)cc2)c2c(=O)[nH]c(NC(C)(C)C)nc12,7400.0
CHEMBL5203316,Cc1ccccc1N(C)C(=O)C(c1cccnc1)N(Cc1cccc(SC(F)(F)F)c1)C1CC1,30000.0
CHEMBL5203722,COc1ccc2nc(C)cc(OCC(=O)Nc3ccc(N4CCCCC4)cc3)c2c1,20000.0
CHEMBL5204096,CC(C)OC(=O)[C@H](C)NP(=O)(CO[C@H](C)Cn1cnc2c(N)ncnc21)OCc1ccc(F)cc1,500000.0
CHEMBL5204455,CCCN(C(c1cccnc1)c1nnnn1-c1ccccc1C)C1(c2cccc(C(F)(F)F)c2)CC1,10000.0
CHEMBL5204640,Cc1ccccc1N(C)C(=O)C(c1cncnc1)N(Cc1cccc(OC(F)(F)F)c1)C1CC1,30000.0
CHEMBL5205948,CC(C)OC(=O)[C@H](C)NP(=O)(CO[C@H](C)Cn1cnc2c(N)ncnc21)OCc1ccccc1,500000.0
CHEMBL5206430,CCSc1nc(NC)c2ccc(F)c(F)c2n1,153000.0
CHEMBL5207028,Cc1ccccc1N(C)C(=O)C(c1cncnc1)N(Cc1cccc(C(F)(F)F)c1)C1CC1,30000.0
CHEMBL520712,[N-]=[N+]=N[C@@H]1C[C@@H](n2ccc(NO)nc2=O)O[C@H]1CO,1160000.0
CHEMBL5207765,Cc1c(-c2ccc(Cl)cc2)sc2c(=O)[nH]c(NC(C)C)nc12,25000.0
CHEMBL5208452,Cc1ccccc1N(C)C(=O)C(c1cncnc1)N(Cc1cccc(SC(F)(F)F)c1)C1CC1,30000.0
CHEMBL5208580,CCc1ccccc1N(C)C(=O)C(c1cccnc1)N(Cc1cccc(C(F)(F)F)c1)C1CC1,20000.0
CHEMBL5208943,CC(C)OC(=O)[C@H](C)NP(=O)(CO[C@H](C)Cn1cnc2c(N)ncnc21)OCc1ccccc1Cl,500000.0
CHEMBL5209339,CC(C)OC(=O)[C@H](C)NP(=O)(CO[C@H](C)Cn1cnc2c(N)ncnc21)OCc1cccc(C(F)(F)F)c1,500000.0
CHEMBL52609,Cc1cn([C@H]2C[C@H](O)[C@@H](CO)O2)c(=O)[nH]c1=O,2100000.0
CHEMBL5265836,C[n+]1nn(-c2ccc(-c3nc(CCc4ccc5ccccc5c4)cs3)c(OCCN3CCNC3=O)c2)cc1CCCCN.O=C(O)C(F)(F)F.O=S(=O)([O-])C(F)(F)F,75000.0
CHEMBL5269349,C[n+]1nn(-c2ccc(-c3nc(CCc4ccc(-c5ccccc5)cc4)cs3)c(OCCN3CCNC3=O)c2)cc1CCCCN.O=C(O)C(F)(F)F.O=S(=O)([O-])C(F)(F)F,75000.0
CHEMBL5272155,C[n+]1nn(-c2ccc(-c3nc(CCc4ccc(-c5ccccc5)cc4)cs3)c(OCCN3CCNC3=O)c2)cc1CCCN.O=C(O)C(F)(F)F.O=S(=O)([O-])C(F)(F)F,75000.0
CHEMBL5275080,CC[n+]1nn(-c2ccc(-c3nc(CCc4ccc(-c5ccccc5)cc4)cs3)c(OCCN3CCNC3=O)c2)cc1CCCCN.O=C(O)C(F)(F)F.O=S(=O)([O-])C(F)(F)F,63800.0
CHEMBL5276918,C[n+]1nn(-c2ccc(-c3nc(-c4ccc(-c5ccccc5)cc4)c(-c4ccccc4)s3)c(OCCN3CCNC3=O)c2)cc1CCCCN.O=C(O)C(F)(F)F.O=S(=O)([O-])C(F)(F)F,34500.0
CHEMBL5277682,C[n+]1nn(-c2ccc(-c3nc(CCc4ccc(-c5ccccc5)cc4)c(-c4ccccc4)s3)c(OCCN3CCNC3=O)c2)cc1CCCCN.O=C(O)C(F)(F)F.O=S(=O)([O-])C(F)(F)F,54500.0
CHEMBL5278754,C[n+]1nn(-c2ccc(-c3nc(-c4ccccc4)c(-c4ccccc4)s3)c(OCCN3CCNC3=O)c2)cc1CCCCN.O=C(O)C(F)(F)F.O=S(=O)([O-])C(F)(F)F,75000.0
CHEMBL5281063,C[n+]1nn(-c2ccc(-c3nc(-c4ccc(Oc5ccccc5)cc4)c(-c4ccccc4)s3)c(OCCN3CCNC3=O)c2)cc1CCCCN.O=C(O)C(F)(F)F.O=S(=O)([O-])C(F)(F)F,42600.0
CHEMBL528789,O=[N+]([O-])c1ccc2nc(Nc3cccc(C(F)(F)F)c3)c(Nc3cccc(C(F)(F)F)c3)nc2c1,900.0
CHEMBL5287925,NCCCCc1cn(-c2ccc(-c3nc(CCc4cccc5ccccc45)cs3)c(OCCN3CCNC3=O)c2)nn1.O=C(O)C(F)(F)F,29000.0
CHEMBL529407,O=[N+]([O-])c1ccc2nc(Nc3ccc(Cl)c(Cl)c3)c(Nc3ccc(Cl)c(Cl)c3)nc2c1,260.0
CHEMBL53463,COc1cccc2c1C(=O)c1c(O)c3c(c(O)c1C2=O)C[C@@](O)(C(=O)CO)C[C@@H]3O[C@H]1C[C@H](N)[C@H](O)[C@H](C)O1,200.0
CHEMBL537778,Brc1ccc(Nc2nc3ccccc3nc2Nc2ccc(Br)cc2)cc1,4640.0
CHEMBL55,N=C(N)c1ccc(OCCCCCOc2ccc(C(=N)N)cc2)cc1,2300.0
CHEMBL550720,Cc1nc(Nc2ccc(Cl)cc2Cl)c2ccccc2n1,15000.0
CHEMBL561525,Clc1ccc(Nc2nc(C(Cl)(Cl)Cl)nc3ccccc23)c(Cl)c1,16000.0
CHEMBL563578,FC(F)(F)c1cccc(Nc2nc(C(Cl)(Cl)Cl)nc3ccccc23)c1,150000.0
CHEMBL567597,C[C@@H]1CC[C@H]2[C@@H](C)C(=O)O[C@@H]3O[C@]4(C)CC[C@@H]1[C@]32OO4,10000.0
CHEMBL571294,C=C(C)[C@@H]1CC[C@]2(C(=O)O)CC[C@]3(C)[C@H](CC[C@@H]4[C@@]5(C)CC[C@H](OC(=O)C(C)C)C(C)(C)[C@@H]5CC[C@]43C)[C@@H]12,400000.0
CHEMBL596214,S=c1[nH]nc(-c2ccncc2)s1,19700.0
CHEMBL605530,COC(=O)[C@]12CC[C@@H](C)[C@H](C)[C@H]1C1=CC[C@@H]3[C@@]4(C)CCC(=O)C(C)(C)[C@@H]4CC[C@@]3(C)[C@]1(C)CC2,400000.0
CHEMBL607802,C=C(C)[C@@H]1CC[C@]2(C(=O)n3ccnc3)CC[C@]3(C)[C@H](CC[C@@H]4[C@@]5(C)CCC(=O)C(C)(C)[C@@H]5CC[C@]43C)[C@@H]12,400000.0
CHEMBL611923,CCCC(=O)O[C@H]1CC[C@]2(C)[C@H]3CC=C4[C@@H]5[C@@H](C)[C@H](C)CC[C@]5(C(=O)O)CC[C@@]4(C)[C@]3(C)CC[C@H]2C1(C)C,400000.0
CHEMBL76,CCN(CC)CCCC(C)Nc1ccnc2cc(Cl)ccc12,30000.0
CHEMBL8,O=C(O)c1cn(C2CC2)c2cc(N3CCNCC3)c(F)cc2c1=O,100000.0
CHEMBL830,NCCCC(N)(C(=O)O)C(F)F,100000.0
CHEMBL885,Nc1nc(=O)n([C@@H]2CS[C@H](CO)O2)cc1F,765000.0
CHEMBL917,O=c1[nH]c(=O)n([C@H]2C[C@H](O)[C@@H](CO)O2)cc1F,76000.0
CHEMBL976,O=C(C1CCCCC1)N1CC(=O)N2CCc3ccccc3C2C1,101050.0
