standardized_smiles,Standard Value
C#CCN(C)[C@H](C[18F])Cc1ccccc1,83.2
C#Cc1ccc(Nc2cc(C)nc3ncnn23)cc1,81.8
C.C.C.C.C.C.C.C.C.C/C=C/C[C@@H](C)CO.CC.CC(C)C.CC(C)C.CC(C)C.CC(C)C.CCC.CCC.O.O.O.O.O.O.O.O.O.O.O,99.0
C.C.C.C.C.C.C=NN1CCN(C)CC1.CC(=O)O.CO.Cc(cO)cO.O.O.O.O.O.O,85.0
C.C.C.C.C.C.C=NN1CCN(C2CCCC2)CC1.CC(=O)O.CO.Cc(cO)cO.O.O.O.O.O.O,97.0
C.C/C=C\C=C\C(=O)N(C)OC.CCC.CCC.CCC(C)=O.Cc1cccc(O)c1.O.O.O.O.O.O,27.0
C.C/C=C\C=C\CC[C@H](C)[C@@H](O)C[C@@H]1O[C@@]2(NC(=O)[C@@H](CC)C[C@@H]2C)[C@@H](C)[C@@H](O)[C@H]1C.CCC.CCC.CCC(C)=O.Cc1cccc(O)c1.O.O.O.O.O.O,99.0
C.CC=C/C=C/C(=O)N1CCCCO1.CCC.CCC.CCC(C)=O.Cc1cccc(O)c1.O.O.O.O.O.O,72.0
C1=C/COCc2cc(ccc2OCCN2CCCC2)Nc2nccc(n2)-c2ccc(o2)COC/1,99.0
C1=N/C2=N/c3ccc(OCCN4CCCC4)c(c3)COC/C=C/COCc3cccc(c3)C(=C1)N2,99.88
C=C(C)[C@@H]1CC[C@]2(NCCC3(O)COC3)CC[C@]3(C)[C@H](CC[C@@H]4[C@@]5(C)CC=C(C6=CC[C@](CF)(C(=O)O)CC6)C(C)(C)[C@@H]5CC[C@]43C)[C@@H]12,88.0
C=C(C)[C@@H]1CC[C@]2(NCCN3CCS(=O)(=O)CC3)CC[C@]3(C)[C@H](CC[C@@H]4[C@@]5(C)CC=C(C6=CC[C@@](CF)(C(=O)O)CC6)C(C)(C)[C@@H]5CC[C@]43C)[C@@H]12,86.0
C=C(C)[C@@H]1CC[C@]2(NCCN3CCS(=O)(=O)CC3)CC[C@]3(C)[C@H](CC[C@@H]4[C@@]5(C)CC=C(c6ccc(C(=O)O)cc6)C(C)(C)[C@@H]5CC[C@]43C)[C@@H]12,84.0
C=C(C)[C@@H]1CC[C@]2(NCC[C@]3(O)CC[C@@H](S(C)(=O)=O)CC3)CC[C@]3(C)[C@H](CC[C@@H]4[C@@]5(C)CC=C(C6=CC[C@](CF)(C(=O)O)CC6)C(C)(C)[C@@H]5CC[C@]43C)[C@@H]12,89.0
C=C(C)[C@@H]1CC[C@]2(NCC[C@]3(O)CC[C@](C)(O)CC3)CC[C@]3(C)[C@H](CC[C@@H]4[C@@]5(C)CC=C(C6=CC[C@](CF)(C(=O)O)CC6)C(C)(C)[C@@H]5CC[C@]43C)[C@@H]12,89.0
C=CC(=O)NCc1coc(-c2c(N)ncnc2Nc2ccc(Oc3cc(C(F)(F)F)nn3C)c(Cl)c2)n1,100.0
C=CC1=C(C(=O)O)N2C(=O)[C@@H](NC(=O)/C(=N\OCC(=O)O)c3csc(N)n3)[C@H]2SC1,65.0
C=CCO[C@]1(C)C[C@@H](C)NC(=O)[C@H](C)[C@@H](O)[C@](C)(O)[C@@H](CC)OC(=O)[C@H](C)[C@@H](OC(=O)CCNCCNc2cc3c(=O)c(C(=O)O)cn(C4CC4)c3cc2Cl)[C@H](C)[C@H]1O[C@@H]1O[C@H](C)C[C@H](N(C)C)[C@H]1O,49.0
C=C[C@H]1CN2CC[C@H]1C[C@@H]2[C@@H](O)c1ccnc2ccc(OC)cc12,71.1
C=Cc1ccc(Nc2cc(C)nc3ncnn23)cc1,84.4
CC#CCOc1ccc(C(=O)N[C@H](C(=O)NO)C(C)(C)N)cc1,80.7
CC(=O)CC(c1ccccc1)c1c(O)c2ccccc2oc1=O,99.0
CC(=O)CCCCC[C@H](NC(=O)C1CCN(C)CC1)c1ncc(-c2ccc3ccccc3c2)[nH]1,96.0
CC(=O)N1CCC(NC(=O)NC23CC4CC(CC(C4)C2)C3)CC1,50.0
CC(=O)N1CCC(Nc2ncc3cc(Oc4ccc(F)cc4F)c(=O)n(C)c3n2)CC1,3.3
CC(=O)N1CCCc2ccc(NC(=O)c3ccccc3Br)cc21,99.0
CC(=O)N1CCN(c2ccc(OCC3COC(Cn4ccnc4)(c4ccc(Cl)cc4Cl)O3)cc2)CC1,95.0
CC(=O)N1CCc2c(c(N3CCCc4cc(-c5cnn(C)c5)c(C(F)F)cc43)nn2C2CCOCC2)C1,84.0
CC(=O)N1C[C@H]2CC(c3ccc(OCCOc4c(Cl)cc(C)cc4Cl)cc3)=C(C(=O)N(Cc3cccc(C)c3C)C3CC3)[C@@H](C1)N2,99.0
CC(=O)N1[C@@H]2CC[C@H]1C=C(c1cnc(NCc3ccc4c(c3)OCC4)c(C(=O)NC[C@H]3COc4ccccc4O3)c1)C2,99.0
CC(=O)NC[C@H]1CN(c2ccc(N3CCOCC3)c(F)c2)C(=O)O1,31.0
CC(=O)NCc1cccc(Cn2nc(NS(=O)(=O)c3ccc(Cl)s3)c3c(O)cccc32)c1,100.0
CC(=O)Nc1ccc(-c2ccc(Cn3cc(C(=O)O)c(=O)c4cccc(F)c43)nc2)cc1,97.0
CC(=O)Nc1ccc(-c2nc(NCc3ccccn3)c3c(-c4ccccc4)cccc3n2)cn1,99.5
CC(=O)Nc1cccc(-c2ccc(Cn3cc(C(=O)O)c(=O)c4cccc(F)c43)nc2)c1,95.9
CC(=O)Nc1cccc(N2CCN(CCCCNS(=O)(=O)CC(C)C)CC2)c1,57.0
CC(=O)Nc1cccc(N2CCN(CCCCNS(=O)(=O)CC3CCCCC3)CC2)c1,92.0
CC(=O)Nc1cncc(-c2nc(NCc3ccccn3)c3c(-c4ccccc4)cccc3n2)c1,99.5
CC(=O)OCC1=C(C(=O)O)N2C(=O)[C@@H](NC(=O)Cc3cccs3)[C@H]2SC1,58.0
CC(=O)O[C@H]1C[C@@]2(C)[C@@H](C[C@@H](O)[C@H]3[C@@]4(C)CC[C@@H](O)[C@@H](C)[C@@H]4CC[C@@]32C)/C1=C(\CCC=C(C)C)C(=O)O,97.0
CC(=O)O[C@H]1C[C@H]2[C@@H]([C@H](OC(C)=O)C[C@@H]3C[C@H](N)CC[C@@]32C)[C@@H]2CC[C@H]([C@H](C)CCCNCCCCNc3ccnc4cc(Cl)ccc34)[C@@]12C,99.0
CC(=O)Oc1ccccc1C(=O)Nc1ncc([N+](=O)[O-])s1,95.0
CC(=O)c1ccc(S(=O)(=O)NC(=O)NC2CCCCC2)cc1,75.0
CC(=O)c1cccc(NC(=O)N[C@@H]2CCCC[C@H]2CN2CCC[C@@H](Cc3ccc(F)cc3)C2)c1,96.3
CC(=O)c1sc(NC(=O)N[C@@H]2CN(C(C)=O)CC[C@H]2CN2CCC[C@@H](Cc3ccc(F)cc3)C2)nc1C,93.1
CC(C(=O)O)c1ccc(-c2ccccc2)c(F)c1,99.5
CC(C(=O)O)c1cccc(C(=O)c2ccccc2)c1,99.2
CC(C(=O)O[C@@H]1CC[N+](C)(C)C1)(c1ccccc1)C1CCCC1,77.0
CC(C)(C(=O)Nc1ccc(Cl)c(C(F)(F)F)c1)S(=O)(=O)c1ccc(Cl)cc1,99.8
CC(C)(C)CC(=O)Nc1c(F)cc(C(=O)Nc2nccs2)cc1F,85.0
CC(C)(C)CN1CCC(c2ccccc2Oc2ncccc2NC(=O)Nc2ccc(OC(F)(F)F)cc2)CC1,99.9
CC(C)(C)CN1CCc2c(cccc2Oc2ncccc2NC(=O)Nc2ccc(OC(F)(F)F)cc2)C1,100.0
CC(C)(C)c1cc(C(=O)Nc2nc(CN)cs2)n(Cc2ccccc2)n1,94.0
CC(C)(C)c1cc(NC(=O)NC23CC4CC(CC(C4)C2)C3)no1,99.8
CC(C)(C)c1cc(NC(=O)NC2C3CC4CC(C3)CC2C4)no1,95.2
CC(C)(C)c1ccc(S(=O)(=O)Nc2ccc(Cl)cc2-c2nccnc2NCCO)cc1,98.4
CC(C)(C)c1ccc(S(=O)(=O)Nc2ccc(Cl)cc2C(=O)c2cc[n+]([O-])cc2)cc1,99.1
CC(C)(C)c1ccccc1Oc1ncccc1NC(=O)Nc1ccc(OC(F)(F)F)cc1,99.3
CC(C)(C)c1ncc(CSc2cnc(NC(=O)C3CCNCC3)s2)o1,63.0
CC(C)(C)c1ncc2c(n1)-c1sc(NC(=O)N3CC[C@@H]4C[C@@]43C(N)=O)nc1CC2,91.3
CC(C)(CC(=O)NC1CC1)CC(=O)N[C@H]1C2CC3CC1C[C@](C(N)=O)(C3)C2,20.0
CC(C)(CC(=O)NC1CC1)CC(=O)N[C@H]1C2CC3CC1C[C@](O)(C3)C2,40.0
CC(C)(CO)CNCc1c(C(=O)N[C@@H]2CCC[C@H](O)C2)noc1-c1ccc(C(F)(F)F)cc1,63.9
CC(C)(CO)Nc1nc(SCc2cccc(F)c2F)nc2nc(N)sc12,98.4
CC(C)(O)C1CC2(CC(NC(=O)c3cnc4nc(C5CC5)ccc4c3)C2)C1,86.0
CC(C)(O)C1CCN(Cc2ccc3nc(-c4c(F)ccc5[nH]ccc45)nc(N4CCOCC4)c3n2)CC1,86.0
CC(C)(O)[C@H]1CC2(C[C@H](NC(=O)c3cnc4nc(C5CC5)ccc4c3)C2)C1,86.0
CC(C)(O)[C@H]1CC[C@H](NC(=O)c2cnc3cc(C4CC4)ncc3c2)CC1,84.0
CC(C)(O)[C@H]1CC[C@H](NC(=O)c2cnc3cc(N4CC(F)C4)ncc3c2)CC1,73.0
CC(C)(O)[C@H]1CC[C@H](NC(=O)c2cnc3cc(N4CCC4)ncc3c2)CC1,79.0
CC(C)(O)[C@H]1CC[C@H](NC(=O)c2cnc3cc(OC(F)F)ccc3c2)CC1,88.0
CC(C)(O)[C@H]1CC[C@H](NC(=O)c2cnc3nc(C4CC4)ccc3c2)CC1,80.0
CC(C)(O)[C@H]1CC[C@H](NC(=O)c2cnc3nc(C4CC4)ncc3c2)CC1,64.0
CC(C)(O)[C@H]1CC[C@H](NC(=O)c2cnc3nc(N4CCC4)ccc3c2)CC1,80.0
CC(C)(O)[C@H]1CC[C@H](NC(=O)c2cnc3nc(N4CCC4)ncc3c2)CC1,54.0
CC(C)(O)[C@H]1C[C@H](NC(=O)c2cnc3cc(C4CC4)ncc3c2)C1,76.0
CC(C)(O)[C@H]1C[C@H](NC(=O)c2cnc3nc(C4CC4)c(Cl)cc3c2)C1,88.0
CC(C)(O)[C@H]1C[C@H](NC(=O)c2cnc3nc(C4CC4)ccc3c2)C1,74.0
CC(C)(O)[C@]12C[C@@](NC(=O)c3cnc4nc(C5CC5)ccc4c3)(C1)C2,69.0
CC(C)=CCC/C(C)=C/CNCCNC1C2CC3CC(C2)CC1C3,6.0
CC(C)=CCC[N+]12CCC(CC1)[C@@H](OC(=O)[C@](C)(c1ccccc1)N1CCCCC1)C2,91.5
CC(C)C(=O)N1CCC(NC(=O)Nc2ccc(C(F)(F)F)cc2)CC1,85.0
CC(C)C(=O)N1CCC(NC(=O)Nc2ccc(OC(F)(F)F)cc2)CC1,89.0
CC(C)CC(=O)Nc1cccc(NC(=O)c2ccccc2Br)c1,93.0
CC(C)CN1CCC(COc2ccc(NC(=O)Nc3cccnc3Oc3ccccc3C(C)(C)C)c(F)c2)CC1,99.7
CC(C)CNCc1c(C(=O)N[C@@H]2CCC[C@H](O)C2)noc1-c1ccc(C(F)(F)F)cc1,82.3
CC(C)CO.CC(C)O.CCCCCOc1ccc(-c2cc(-c3ccc(C(N)=O)cc3)no2)cc1.CCO.NC(=O)CCO.O.O.O.O.O.O.O.O.O=S(=O)(O)Oc1cc([C@H](O)CO)ccc1O,99.0
CC(C)CO.CC(C)O.CCCCCOc1ccc(-c2ccc(-c3ccc(C(N)=O)cc3)cc2)cc1.CCO.CCO.O.O.O.O.O.O.O.O.OC[C@@H](O)c1ccc(O)cc1,99.0
CC(C)C[C@@H]1C(=O)N[C@H](C2Cc3ccccc3C2)C(=O)N1[C@@H](C(=O)NC(C)C)c1ccc(Br)s1,99.0
CC(C)C[C@@H]1C(=O)N[C@H](C2Cc3ccccc3C2)C(=O)N1[C@@H](C(=O)NC(C)C)c1ccc(C(F)(F)F)o1,97.0
CC(C)C[C@@H]1C(=O)N[C@H](C2Cc3ccccc3C2)C(=O)N1[C@@H](C(=O)NC(C)C)c1ccc(F)cc1F,93.0
CC(C)C[C@H](NC(=O)OCc1ccccc1)C(=O)N[C@@H](C[C@@H]1CCNC1=O)C(O)S(=O)(=O)[O-],65.0
CC(C)Cc1ccc([C@@H](C)C(=O)NCCCN(C)C)cc1,75.1
CC(C)Cc1ccc([C@@H](C)C(=O)NCCCN2CCCCC2)cc1,85.1
CC(C)Cc1ccc([C@@H](C)C(=O)NCCOCCO)cc1,83.1
CC(C)Cc1ccc([C@@H](C)C(=O)NS(C)(=O)=O)cc1,99.9
CC(C)Cc1ccc([C@@H](C)C(=O)N[C@H](C)C(=O)O)cc1,96.0
CC(C)Cc1sc(N)nc1-c1ccc(P(=O)(O)O)o1,93.0
CC(C)Cn1c2ccc(Nc3ncccn3)cc2c2c3c(c4c(c21)CCc1nn(C)cc1-4)C(=O)NC3,95.0
CC(C)N(C)Cc1nccn1-c1ccc(N2CCC(NS(=O)(=O)/C=C/c3ccc(Cl)s3)C2=O)c(F)c1,95.8
CC(C)N(CCC(C(N)=O)(c1ccccc1)c1ccccn1)C(C)C,50.0
CC(C)N1CC(c2nc(C(=O)NCc3ccc(F)cc3)c(O)c3ncccc23)CC1=O,97.8
CC(C)N1CCN(C(=O)c2ccc(CN3CCOCC3)cc2)CC1,12.4
CC(C)N1CCN(S(=O)(=O)c2ccc(NC(=O)c3ccc(C(F)(F)F)cc3[N+](=O)[O-])cc2)CC1,99.0
CC(C)N1CCN(S(=O)(=O)c2ccc(NC(=O)c3ccc(S(F)(F)(F)(F)F)cc3)cc2)CC1,99.92
CC(C)NC(=O)[C@H]1CC[C@@H](n2/c(=N/C(=O)c3cc(F)cc(F)c3)[nH]c3ccc(CN4CCC(C(C)(C)O)CC4)cc32)CC1,96.3
CC(C)NC(=O)[C@H]1CC[C@@H](n2/c(=N/C(=O)c3ccc(F)cc3)[nH]c3ccc(CN4CCC(C(C)(C)O)CC4)cc32)CC1,94.7
CC(C)NCC(O)COc1ccc(CC(N)=O)cc1,7.0
CC(C)NCC(O)c1ccc(NS(C)(=O)=O)cc1,17.5
CC(C)NCc1c(C(=O)N[C@@H]2CCC[C@H](O)C2)noc1-c1ccc(C(F)(F)F)cc1,75.0
CC(C)O.CCCO.CCC[C@@H](C)CC.CCO.NC=O.NCCCO.NCCN.O.O.O.O.O.O.O.OC[C@@H](O)c1ccc(O)cc1,96.0
CC(C)OC(=O)[C@H](C)N[P@](=O)(OC[C@H]1O[C@@H](n2ccc(=O)[nH]c2=O)[C@](C)(F)[C@@H]1O)Oc1ccccc1,82.0
CC(C)Oc1ccc(Cl)c(C2CC(=O)C(Sc3cc(O)ccc3C#N)=C(O)C2)c1Cl,99.9
CC(C)[C@H](CO)NCc1c(C(=O)N[C@@H]2CCC[C@H](O)C2)noc1-c1ccc(C(F)(F)F)cc1,74.4
CC(C)[C@]1(C)CC(=O)N(Cc2cc(F)cc(C(=O)N[C@@H](C)c3ccccc3)c2)C(=N)N1,94.2
CC(C)c1cc(C(=O)N2CC[C@@H](NC(=O)C3CC3)C2)[nH]n1,44.0
CC(C)c1cc(C(C)(C)C)cc(-c2ccc(F)cc2)c1CO,90.0
CC(C)c1ccc(Cc2cc([C@@H]3S[C@H](CO)[C@@H](O)[C@H](O)[C@H]3O)ccc2Cl)cc1,99.7
CC(C)c1ccc(NC(=O)c2cccs2)c(-c2nc3ccccc3[nH]c2=O)c1,99.6
CC(C)c1ccc2c(c1)CC[C@H]1[C@](C)(CNS(=O)(=O)c3c(F)c(F)c(F)c(F)c3F)CCC[C@]21C,94.8
CC(C)c1cnn2c(NCc3ccccc3)cc(N[C@@H](CO)[C@H](O)CO)nc12,94.3
CC(C)c1nnc(NC(=O)NC23CC4CC(CC(C4)C2)C3)o1,99.3
CC(C)c1nnc(NC(=O)NC2C3CC4CC(C3)CC2C4)o1,98.0
CC(C)n1cnc2c(NCc3ccc(-c4ccccn4)cc3)nc(NC[C@@H](O)CO)nc21,94.6
CC(CCNC(=O)c1c(Cl)cncc1Cl)N1CCC(N(Cc2cccc(C#N)c2)c2ccc(OC(F)(F)F)cc2)CC1,99.9
CC(CCNC(=O)c1c(Cl)cncc1Cl)N1CCC(N(Cc2ccccc2)c2ccc(Oc3ccc(C(=O)O)cc3)cc2)CC1,99.9
CC(Cc1ccc([C@@H](C)C(=O)NS(C)(=O)=O)cc1)C(=O)O,70.2
CC(N[C@H]1CC[C@H](NC(=O)c2cnc3nc(C4CC4)ccc3c2)CC1)C(F)F,82.0
CC(Oc1cc2oc(=O)n(CCC(=O)O)c2cc1Cl)c1ccccn1,81.7
CC1(C)CC(c2ccc(OC3CCN(C4CCC4)CC3)cc2)=NNC1=O,50.0
CC1(C)CCC[C@H]1Nc1c(C(N)=O)cnn2cccc12,98.1
CC1(C)Cc2c(sc(NC(=O)Nc3ccc(Cl)cc3)c2C(N)=O)C(C)(C)N1,96.5
CC1(C)Oc2cc(-c3cccc(OC(F)(F)F)c3)ccc2-c2[nH]c(-c3c(F)cccc3Cl)nc21,99.5
CC1(C)Oc2cc(C#Cc3cc(Cl)ccc3F)ccc2-c2[nH]c(-c3c(F)cccc3Cl)nc21,95.5
CC1(C)[C@H](Nc2c(C(N)=O)cnn3cc(-c4ccccc4)cc23)CC[C@]1(C)N,48.0
CC1(C)[C@H](Nc2c(C(N)=O)cnn3cccc23)CC[C@]1(C)N,97.0
CC1=C(C(N)=O)C(c2ccc(C(C)C)cc2)n2nc(SCc3ccccc3)nc2N1,98.7
CC1=C(C(N)=O)C(c2ccc(N(C)C)cc2)n2nc(SCc3ccc(C#N)cc3)nc2N1,96.8
CC1=C(C(N)=O)C(c2ccc(N(C)C)cc2)n2nc(SCc3ccc([N+](=O)[O-])cc3)nc2N1,99.9
CC1=C(C(N)=O)C(c2ccc(N(C)C)cc2)n2nc(SCc3ccccc3)nc2N1,97.6
CC1=C(C(N)=O)C(c2ccc(OC(C)C)cc2)n2nc(SCc3ccccc3)nc2N1,99.9
CC1=C(CC(=O)O)c2cc(F)ccc2/C1=C\c1ccc([S+](C)[O-])cc1,94.0
CC1=C2CC(C)(C)/C=C/C(=O)/C(C)=C\C3=C[C@H](C)C[C@]3(O2)C1=O,74.0
CC1C(NC(=O)Nc2ccc(F)c(F)c2F)CC2CC1C2(C)C,99.2
CC1CCCCC1C(=O)N1CC(c2nc(-c3cccc(F)c3)no2)C1,96.6
CC1Cc2cc(S(=O)(=O)c3ccc4c(c3)OCCO4)ccc2N1S(C)(=O)=O,92.5
CCC(=O)N1CCC(NC(=O)Nc2ccc(OC(F)(F)F)cc2)CC1,79.0
CCC(C)(C)C(=O)Nc1cccc(NC(=O)c2ccccc2Br)c1,95.0
CCC(C)n1c(C)c(C(=O)NCc2c(C)cc(C)nc2O)c2ccccc21,99.0
CCC(CC)Nc1nc(C)c(-c2ccc(OC(F)(F)F)cc2OC)nc1OC,99.2
CCC(CC)[N+]12CCC(CC1)[C@@H](OC(=O)[C@](C)(c1ccccc1)N1CCCCC1)C2,57.9
CCC(F)(F)c1nc2nc(C)cc(Nc3ccc(C(F)(F)F)cc3)n2n1,93.2
CCC(F)(F)c1nc2nc(C)cc(Nc3ccc(S(F)(F)(F)(F)F)cc3)n2n1,97.7
CCC(O)(CC)CCCCCCN1C[C@H](O)[C@@H](O)[C@H](O)[C@H]1CO,33.0
CCCC(=O)N(C)c1cccc(NC(=O)c2ccccc2Br)c1,98.0
CCCC(=O)Nc1cccc(N(C)C(=O)c2ccccc2Br)c1,89.0
CCCC(=O)Nc1cccc(NC(=O)c2ccccc2Br)c1,97.0
CCCC(=O)Nc1cccc(NCc2ccccc2Br)c1,99.0
CCCC(CCC)OCCCCCCN1C[C@H](O)[C@@H](O)[C@H](O)[C@H]1CO,91.0
CCCCC1=NC2(CCCC2)C(=O)N1Cc1ccc(-c2ccccc2-c2nnn[nH]2)cc1,98.0
CCCCCC(=O)OC([C@H](C[C@@H]1CCNC1=O)NC(=O)[C@H](CC1CCCCC1)NC(=O)OCc1cccc(Cl)c1)S(=O)(=O)[O-],100.0
CCCCCCCO[C@H]1O[C@H](CO)[C@@H](O)[C@H](O)[C@@H]1O,81.0
CCCCNC(=O)NS(=O)(=O)c1ccc(C)cc1,96.0
CCCCNc1cc(C(=O)O)cc(S(N)(=O)=O)c1Oc1ccccc1,98.4
CCCCNc1cccc(NC(=O)c2ccccc2Br)c1,97.0
CCCC[C@H](N[C@@H](CCc1ccccc1)C(=O)O)C(=O)N1C[C@@H](NC(=O)C[C@H](N)Cc2cc(F)c(F)cc2F)C[C@H]1C(=O)O,67.3
CCCC[N+]12CCC(CC1)[C@@H](OC(=O)[C@](C)(c1ccccc1)N1CCCCC1)C2,10.0
CCCCc1cc(C(=O)N[C@@H](CCC(=O)O)C(=O)N2CCN(C(=O)OCC)CC2)nc(-c2ccccc2)n1,99.3
CCCCc1cc(OC2CCN(CCCCNS(=O)(=O)CC)CC2)c2ncccc2c1,98.2
CCCCc1cc(S(F)(F)(F)(F)F)cc2c1OC(C(F)(F)F)C(C(=O)O)=C2,99.92
CCCCc1ccc(Nc2cc(C)nc3ncnn23)cc1,96.7
CCCCc1nc(Cl)c(CO)n1Cc1ccc(-c2ccccc2-c2nnn[nH]2)cc1,98.0
CCCCc1nc2cc(/C=C/C(=O)NO)ccc2n1CCN(CC)CC,91.8
CCCN1CCC(c2nc3cccc(C(N)=O)c3[nH]2)CC1,57.0
CCCNC(=O)N1[C@H](C#N)[C@H](c2ccc(-c3ccc(C(F)(F)F)c(C(F)(F)F)c3)cc2)[C@H]1CO,99.0
CCCNC(=O)NS(=O)(=O)c1ccc(Cl)cc1,96.0
CCCNC(=O)c1c(NC(=O)C23CC4CC(CC(C4)C2)C3)sc2c1CCOC2,99.0
CCCNC(=O)c1c(NC(=O)C23CC4CC(CC2C4)C3)sc2c1CCNC2,99.0
CCCNC(=O)c1c(NC(=O)C23CC4CC(CC2C4)C3)sc2c1CCOC2,98.0
CCCNC(=O)c1cn2ncnc(Nc3cc(C(=O)NC4CC4)ccc3C)c2c1C,81.5
CCCNc1cc(C(=O)N[C@@H](CCC(=O)O)C(=O)N2CCN(C(=O)OCC)CC2)nc(-c2ccccc2)n1,98.5
CCCOc1cccc(CCCN2C[C@H](O)[C@@H](O)[C@H](O)[C@H]2CO)c1,68.0
CCCS(=O)(=O)N1CCN(C2(CNC(=O)c3c(F)cccc3F)CCC(F)(F)CC2)CC1,87.0
CCC[C@H](N[C@@H](CCc1ccccc1)C(=O)O)C(=O)N1C[C@@H](NC(=O)C[C@H](N)Cc2cc(F)c(F)cc2F)C[C@H]1C(=O)O,40.3
CCCc1cc(C)[nH]c(=O)c1CNC(=O)c1c(C)n([C@H](C)C2CCN(S(=O)(=O)CC)CC2)c2ccccc12,98.0
CCCc1ccc(Nc2cc(C)nc3ncnn23)cc1,93.5
CCCn1nc(NC(=O)NC23CC4CC(CC(C4)C2)C3)cc1C,99.0
CCCn1nc(NC(=O)NC2C3CC4CC(C3)CC2C4)cc1C,98.9
CCN(C(=O)Cc1ccc(S(C)(=O)=O)cc1)C1CCN(CC[C@@H](c2cc(F)cc(F)c2)C2CCN(S(C)(=O)=O)CC2)CC1,92.0
CCN(C)Cc1nccn1-c1ccc(N2CCC(NS(=O)(=O)/C=C/c3ccc(Cl)s3)C2=O)c(F)c1,93.8
CCN(CC(O)(CNC(=O)c1cnn(-c2ccc(F)cc2)c1N)C(F)(F)F)C(=O)c1c(Cl)cccc1Cl,99.0
CCN(CC(O)(CNC(=O)c1cnn(-c2ccc(F)cc2)c1N)C(F)(F)F)C(=O)c1c(F)cccc1F,97.0
CCN(CC(O)(CNC(=O)c1cnn(-c2ccc(F)cc2)c1N)C(F)(F)F)C(=O)c1ncccc1Cl,85.0
CCN(CC)C(=O)C1(c2ccccc2)CC1CN,13.0
CCN(CC)C(=O)c1ccc(C2=CC3(CCNCC3)Oc3cccc(O)c32)cc1,41.9
CCN(CC)CCCC(C)Nc1ccnc2cc(Cl)ccc12,87.0
CCN(CC)CCNC(=O)c1c(C)[nH]c(/C=C2\C(=O)Nc3ccc([125I])cc32)c1C,5.0
CCN(CC)CCNc1cc(-c2ccc(C(F)(F)F)cc2)c(C#N)c2nc3ccccc3n12,96.7
CCN/C(=N\S(=O)(=O)c1cccc(Cl)c1)N1CC(C)(C)C=N1,63.0
CCN/C(=N\S(=O)(=O)c1cccc(Cl)c1)N1CC2(C=N1)CCNCC2,66.0
CCN1CC(c2nc(C(=O)NCc3ccc(F)cc3)c(O)c3ncccc23)CC1=O,98.9
CCN1CC(c2nc(C(=O)NCc3ccc(F)cc3S(C)(=O)=O)c(O)c3ncccc23)CC1=O,96.0
CCN1CCC[C@@H]1CNC(=O)c1ccc2c(c1)NC(=O)/C(=C/c1ccccc1F)S2,97.98
CCN1CCc2c(sc(NC(=O)Nc3ccc(Cl)cc3)c2C(N)=O)C1,95.9
CCNC(=O)Nc1ccc(-c2nc(N3CCOCC3)c3c(n2)C(C)(C)OC3=O)cc1,98.0
CCNC(=O)Nc1ccc(-c2nc(N3CCOCC3)c3c(n2)[C@](C)(CC(C)(C)O)OC3)cc1,77.0
CCNC(=O)Nc1ccc(-c2nc(N3CCOCC3)c3c(n2)[C@](C)(CCO)OC3)cc1,78.0
CCNC(=O)Nc1ccc(-c2nc(N3CCOC[C@@H]3C)c3c(n2)C(C)(C)OC3)cc1,86.0
CCNC(=O)Nc1ccc(-c2nc(N3CCOC[C@@H]3C)c3c(n2)[C@@](C)(CC(C)(C)O)OC3)cc1,66.0
CCNC(=O)Nc1ccc(-c2nc(N3CCOC[C@@H]3C)c3c(n2)[C@@](C)(CCO)OC3)cc1,86.0
CCNC(=O)Nc1ccc(-c2nc(N3CCOC[C@@H]3C)c3c(n2)[C@](C)(CC(C)(C)O)OC3)cc1,82.0
CCNC(=O)Nc1ccc(-c2nc(N3CCOC[C@@H]3C)c3c(n2)[C@](C)(CCN(C)C)OC3)cc1,59.0
CCNC(=O)Nc1ccc(-c2nc(N3CCOC[C@@H]3C)c3c(n2)[C@](C)(CCO)OC3)cc1,87.0
CCNC(=O)Nc1ccc(-c2nc(N3C[C@H]4CC[C@@H](C3)O4)c3c(n2)[C@](C)(CCO)OC3)cc1,73.0
CCNC(=O)Nc1ccc(-c2nc3c(c(N4CCOCC4)n2)CCN(c2ncccn2)C3)cc1,98.0
CCNC(=O)Nc1ccc(-c2nc3c(c(N4CCOC[C@@H]4C)n2)CCN(c2nc(C)ns2)C3)cc1,97.0
CCNC(=O)Nc1ccc(-c2nc3c(c(N4CCOC[C@@H]4C)n2)CCN(c2ncccn2)C3)cc1,98.0
CCNC(=O)Nc1ccc(-c2nc3c(c(N4CCOC[C@@H]4C)n2)CN(c2cnccn2)CC3)cc1,97.0
CCNC(=O)Nc1ccc(-c2nc3c(c(N4CCOC[C@@H]4C)n2)CN(c2ncccn2)CC3)cc1,98.0
CCNC(=O)Nc1ccc(-c2nc3c(c(N4CCOC[C@@H]4C)n2)C[C@@H]2CC[C@H]3N2C(=O)COC)cc1,73.0
CCNC(=O)Nc1ccc(-c2nc3c(c(N4CCOC[C@@H]4C)n2)C[C@@H]2CC[C@H]3N2C(C)=O)cc1,84.0
CCNC(=O)Nc1ccc(-c2nc3c(c(N4CCOC[C@@H]4C)n2)C[C@@H]2CC[C@H]3N2C2COC2)cc1,85.0
CCNC(=O)Nc1ccc(-c2nc3c(c(N4CCOC[C@@H]4C)n2)C[C@@H]2CC[C@H]3N2S(C)(=O)=O)cc1,86.0
CCNC(=O)Nc1ccc(-c2nc3c(c(N4CCOC[C@@H]4C)n2)[C@@H]2CC[C@H](C3)N2C)cc1,19.0
CCNC(=O)Nc1ccc(-c2nc3c(c(N4CCOC[C@@H]4C)n2)[C@H]2CC[C@@H](C3)N2C)cc1,38.0
CCNC(=O)Nc1ccc(NC(=O)c2cc(OC)cc(-c3c[nH]c(=O)[nH]c3=O)c2)cc1,84.1
CCNCCNc1cc(-c2ccc(C(F)(F)F)cc2)c(C#N)c2nc3ccccc3n12,98.3
CCNc1nc2c(c(C(N)=O)n1)CN(C(=O)CCc1ccc(OC(F)(F)F)cc1)CC2,8.3
CCO/N=C(\C(=O)N[C@@H]1C(=O)N2C(C(=O)[O-])=C(Sc3nc(-c4cc[n+](C)cc4)cs3)CS[C@H]12)c1nsc(NP(=O)(O)O)n1,20.0
CCOC(=O)N1CCN(C(=O)[C@H](CCC(=O)O)NC(=O)c2cc(C3CC3)nc(-c3ccccc3)n2)CC1,99.7
CCOC(=O)N1CCN(C(=O)[C@H](CCC(=O)O)NC(=O)c2cc(CCCO)nc(-c3ccccc3)n2)CC1,87.2
CCOC(=O)N1CCN(C(=O)[C@H](CCC(=O)O)NC(=O)c2cc(NCCO)nc(-c3ccccc3)n2)CC1,86.5
CCOC(=O)N1CCN(C(=O)[C@H](CCC(=O)O)NC(=O)c2cc(N[C@@H]3CCOC3)nc(-c3ccccc3)n2)CC1,91.5
CCOC(=O)N1CCN(C(=O)[C@H](CCC(=O)O)NC(=O)c2cc([C@H]3C[C@@H]3COC)nc(-c3ccccc3)n2)CC1,96.6
CCOC(=O)Nc1cccc(NC(=O)c2ccccc2Br)c1,95.0
CCOC(=O)[C@H](CCc1ccccc1)N[C@@H](C)C(=O)N1CCC[C@H]1C(=O)O,50.0
CCOC(=O)[C@H](CCc1ccccc1)N[C@@H](C)C(=O)N1[C@H](C(=O)O)C[C@@H]2CCC[C@@H]21,89.5
CCOC(=O)[C@H](CCc1ccccc1)N[C@H]1CCc2ccccc2N(CC(=O)O)C1=O,95.9
CCOC(=O)c1ccc2c(c1)C(=O)c1nc3ccccc3c(=O)n1-2,98.4
CCOC(=O)c1cncn1[C@H](C)c1ccccc1,75.0
CCO[C@H]1CN([C@H]2CC[C@@H](c3ccccc3)CC2)C[C@@H]1NC(=O)CNC(=O)c1cccc(C(F)(F)F)c1,0.5
CCO[C@H]1CN([C@H]2CC[C@@](O)(c3ccc4c(c3)OCO4)CC2)C[C@@H]1NC(=O)CNC(=O)c1cccc(C(F)(F)F)c1,24.0
CCO[C@H]1CN([C@H]2CC[C@@](O)(c3ccccc3)CC2)C[C@@H]1NC(=O)CNC(=O)c1cccc(C(F)(F)F)c1,26.0
CCOc1cc(CC(=O)N[C@@H](CC(C)C)c2ccccc2N2CCCCC2)ccc1C(=O)O,99.1
CCOc1cc([C@@H](CS(C)(=O)=O)N2C(=O)c3cccc(NC(C)=O)c3C2=O)ccc1OC,90.0
CCOc1cc2oc(=O)n(CCC(=O)O)c2cc1Cl,95.8
CCOc1ccc(-c2ccc(Cn3c(CC(C)(C)C(=O)O)c(SC(C)(C)C)c4cc(OCc5ccc(C)cn5)ccc43)cc2)cn1,99.5
CCOc1ccc(Cc2cc([C@@H]3S[C@H](CO)[C@@H](O)[C@H](O)[C@H]3O)c(OC)cc2C)cc1,96.2
CCOc1nc2nc(C)cc(Nc3ccc(C(F)(F)F)cc3)n2n1,92.4
CCOc1nc2nc(C)cc(Nc3ccc(S(F)(F)(F)(F)F)cc3)n2n1,97.7
CCS(=O)(=O)N1CCC([C@@H](C)n2c(C)c(C(=O)NCc3c(C)cc(C)[nH]c3=O)c3ccccc32)CC1,95.0
CCS(=O)(=O)N1CCC([C@@H](C)n2c(C)c(C(=O)NCc3c(OC)cc(C)[nH]c3=O)c3ccccc32)CC1,92.0
CCS(=O)(=O)N1CCCc2ccc(NC(=O)c3ccccc3Br)cc21,98.0
CCS(=O)(=O)Nc1cccc(NC(=O)c2ccccc2Br)c1,93.0
CCSc1ccc(C2C(C(N)=O)=C(C)Nc3nc(SCc4ccccc4)nn32)cc1,99.9
CC[C@@H](C)Nc1nc(C)nc2c(-c3ccc(OC)nc3C)c(C)nn12,96.1
CC[C@@H](C)[C@@H]1C(=O)N[C@H](C2Cc3ccccc3C2)C(=O)N1[C@@H](C(=O)N1CCOCC1)c1coc(C)n1,80.0
CC[C@@H]([C@H](C)O)n1ncn(-c2ccc(N3CCN(c4ccc(OC[C@@H]5CO[C@@](Cn6cncn6)(c6ccc(F)cc6F)C5)cc4)CC3)cc2)c1=O,98.0
CC[C@@H]1C[C@H](N(Cc2cc(C(F)(F)F)cc(C(F)(F)F)c2)c2ncc(-c3cnn(C)c3)cn2)C[C@H](CC)N1C(=O)O[C@H]1CC[C@H](C(=O)O)CC1,99.4
CC[C@@H]1[C@@H]2CN(C(=O)[C@H](C(C)(C)C)NC(=O)O[C@@H]3C[C@H]3CCCCC(F)(F)c3nc4ccc(OC)cc4nc3O2)[C@@H]1C(=O)N[C@]1(C(=O)NS(=O)(=O)C2(C)CC2)C[C@H]1C(F)F,99.0
CC[C@@]1(O)C(=O)OCc2c1cc1n(c2=O)Cc2c-1nc1cc3c(cc1c2-c1cc[n+](Cc2ccc(O[C@@H]4O[C@@H](C(=O)O)[C@@H](O)[C@H](O)[C@H]4O)c(NC(=O)CCCn4cc(CNC(=O)CCCCCN5C(=O)C=CC5=O)nn4)c2)cc1)OCO3,93.21
CC[C@H](C)C(=O)N1CCC(NC(=O)Nc2ccc(C(F)(F)F)cc2)CC1,96.3
CC[C@H](C)C(=O)N1CCC(NC(=O)Nc2ccc(OC(F)(F)F)cc2)CC1,92.4
CC[C@H](C)[C@@H]1C(=O)N[C@H](C2Cc3ccccc3C2)C(=O)N1[C@@H](C(=O)N1CCOCC1)c1coc(C)n1,80.0
CC[C@H](N[C@@H](CCc1ccccc1)C(=O)O)C(=O)N1C[C@@H](NC(=O)C[C@H](N)Cc2cc(F)c(F)cc2F)C[C@H]1C(=O)O,36.4
CC[C@H]1OC(=O)[C@H](C)C(=O)[C@H](C)[C@@H](O[C@@H]2O[C@H](C)C[C@H](N(C)C)[C@H]2O)[C@](C)(OC)C[C@@H](C)C(=O)[C@H](C)[C@H]2N(CCCCn3cnc(-c4cccnc4)c3)C(=O)O[C@]12C,50.0
CC[C@H]1OC(=O)[C@H](C)[C@@H](OC(=O)CCNCCNc2cc3c(=O)c(C(=O)O)cn(C4CC4)c3cc2Cl)[C@H](C)[C@@H](O[C@@H]2O[C@H](C)C[C@H](N(C)C)[C@H]2O)[C@](C)(OC/C=C/c2cnc3ccccc3c2)C[C@@H](C)NC(=O)[C@H](C)[C@@H](O)[C@]1(C)O,60.0
CC[C@H]1OC(=O)[C@H](C)[C@@H](O[C@H]2C[C@@](C)(OC)[C@@H](O)[C@H](C)O2)[C@H](C)[C@@H](O[C@@H]2O[C@H](C)C[C@H](N(C)C)[C@H]2O)[C@](C)(O)C[C@@H](C)CN(C)[C@H](C)[C@@H](O)[C@]1(C)O,36.0
CC[C@H]1OC(=O)[C@H](C)[C@@H](O[C@H]2C[C@@](C)(OC)[C@@H](O)[C@H](C)O2)[C@H](C)[C@@H](O[C@@H]2O[C@H](C)C[C@H](N(C)C)[C@H]2O)[C@](C)(OC)C[C@@H](C)C(=O)[C@H](C)[C@@H](O)[C@]1(C)O,11.0
CCc1cc(/C(C)=N/OCc2ccc(C3CCCCC3)c(C(F)(F)F)c2)ccc1CN1CC(C(=O)O)C1,99.9
CCc1cc(F)c(N)c2nc(-c3ccc(P(=O)(O)O)o3)n(CC(C)C)c12,99.9
CCc1cc2oc(=O)n(CCC(=O)O)c2cc1Cl,98.7
CCc1ccc(-c2noc(C(F)(F)F)c2COc2c(F)cc(CCC(=O)O)cc2F)cc1,99.94
CCc1ccc(/C=C/C(=O)NC2=NCCS2)cc1,96.6
CCc1ccc(C(=O)NC(=O)c2ccccc2O)cc1,99.9
CCc1ccc(Cc2cc([C@@H]3S[C@H](CO)[C@@H](O)[C@H](O)[C@H]3O)c(OC)cc2C)cc1,98.3
CCc1ccc(Cc2cc([C@@H]3S[C@H](CO)[C@@H](O)[C@H](O)[C@H]3O)c(OC)cc2Cl)cc1,99.4
CCc1ccc(Nc2cc(C)nc3ncnn23)cc1,88.0
CCc1cccc(NC(=O)c2cc(Oc3cncnc3)cc(C)n2)n1,96.6
CCc1cccc2c3c([nH]c12)C(CC)(CC(=O)O)OCC3,99.1
CCc1ccccc1C(=O)N(C1CCC2(CC1)OCCO2)C(Cc1ccc(Cl)cc1)CN(C)C,99.6
CCc1ccccc1C(=O)N(C1CCC2(CC1)OCCO2)[C@H](CCN1CCOCC1)Cc1ccc(Cl)cc1,97.3
CCc1ccnc(C2(C#N)CCN(Cc3cc(C(=O)O)c(=O)n4ccccc34)CC2)c1,86.6
CCc1nc(Cl)c2n1CCN([C@@H](C(=O)NC)c1ccccc1)[C@H]2CCc1ccc(C(F)(F)F)cc1,99.0
CCc1nc(N)nc(N)c1-c1ccc(Cl)cc1,87.0
CCc1nc(Oc2ccc(C(=O)O)cc2)ccc1CN1CCC(N2C(=O)N(C3CCOCC3)C[C@H]2c2ccccc2)CC1,97.6
CCc1nc2c(C)cc(N3CCN(CC(=O)N4CC(O)C4)CC3)cn2c1N(C)c1nc(-c2ccc(F)cc2)c(C#N)s1,99.0
CCc1nc2ccccc2n1-c1nc(N2CCOCC2)c2nc(CN3CC(C4CCOCC4)C3)n(C)c2n1,91.0
CCc1nc2nc(C)cc(Nc3ccc(C(F)(F)F)cc3)n2n1,87.5
CCc1nc2nc(C)cc(Nc3ccc(Cl)cc3)n2n1,86.1
CCc1nc2nc(C)cc(Nc3ccc(S(F)(F)(F)(F)F)cc3)n2n1,96.4
CCc1nc2nc(C)cc(Nc3cccc(Cl)c3)n2n1,86.7
CCc1nn(CCO)c(CC)c1Oc1cc(C#N)cc(C#N)c1,51.0
CCn1c(-c2ccnc(N)n2)cc(C(N)=O)c1-c1ccccc1,94.0
CCn1c(C(=O)N(C2CC2)C2CC2)cc2c3c(ncn3C)c(Nc3nc(C)c(C)s3)nc21,99.1
CCn1nc(-c2cccc3cccnc23)cc1-c1ccc(N)nn1,93.8
CCn1nc(NC(=O)NC2C3CC4CC(C3)CC2C4)cc1C,98.1
CN(C(=O)c1ccccc1Br)c1cccc(NC(=O)C2CCCC2)c1,95.0
CN(C)C(=N)c1ccc(C(=O)Nc2ccccc2C(=O)Nc2ccc(Cl)cn2)cc1,73.0
CN(C)C(=O)/C(C#N)=C(\Nc1cccc2c(Cl)c[nH]c12)N[C@H]1CCCCN(CC(=O)N2CCCC2)C1=O,84.0
CN(C)C(=O)C(=O)NC(C)(C)c1nc(C(=O)NCc2ccc(F)cc2)c([O-])c(=O)n1C,28.0
CN(C)C(=O)CN1CC(c2nc(C(=O)NCc3ccc(F)cc3)c(O)c3ncccc23)CC1=O,94.8
CN(C)C(=O)Cn1c(-c2ccccc2)c(C2CCCCC2)c2ccc(C(=O)O)cc21,97.1
CN(C)C(=O)c1cccc(S(=O)(=O)N2CCCC[C@H]2C(=O)O[C@@H](Cc2c(Cl)c[n+]([O-])cc2Cl)c2ccc(OC(F)F)c(OCC3CC3)c2)c1,99.88
CN(C)C(=O)c1cccc(S(=O)(=O)N2CCC[C@H]2C(=O)O[C@@H](Cc2c(Cl)c[n+]([O-])cc2Cl)c2ccc(OC(F)F)c(OCC3CC3)c2)c1,99.65
CN(C)C(=O)c1cccc(S(=O)(=O)N2CCS[C@H]2C(=O)O[C@@H](Cc2c(Cl)c[n+]([O-])cc2Cl)c2ccc(OC(F)F)c(OCC3CC3)c2)c1,99.79
CN(C)C(=O)c1cccc(S(=O)(=O)N2CSC[C@H]2C(=O)O[C@@H](Cc2c(Cl)c[n+]([O-])cc2Cl)c2ccc(OC(F)F)c(OCC3CC3)c2)c1,99.83
CN(C)CC(C)(C)COc1cccc(-c2sc(Nc3cccnc3Oc3ccccc3C(C)(C)C)nc2C(F)(F)F)c1,99.9
CN(C)CCCN1c2ccccc2CCc2ccccc21,90.0
CN(C)CCCN1c2ccccc2Sc2ccc(Cl)cc21,99.82
CN(C)CCN(C)[C@H]1COc2ccccc2-c2c(C3CCCCC3)c3ccc(C(=O)O)cc3n2C1,96.9
CN(C)CCN(CC1CCCN(C2Cc3ccccc3C2)C1)C(=O)c1ccc2ccccc2c1,93.0
CN(C)Cc1cccc(-c2ccc(Cn3cc(C(=O)O)c(=O)c4cccc(F)c43)cc2)c1,95.2
CN(C)Cc1ccccc1-c1ccc(NC(=O)Nc2cccnc2Oc2ccccc2C(C)(C)C)c(F)c1,99.85
CN(C)Cc1ccccc1C(=O)N(CCc1ccc(Cl)cc1)C1CCC2(CC1)OCCO2,99.6
CN(C)Cc1nccn1-c1ccc(N2CCC(NS(=O)(=O)/C=C/c3ccc(Cl)s3)C2=O)c(F)c1,92.1
CN(C)Cc1nccn1-c1ccc(N2CCC(NS(=O)(=O)CCc3ccc(Cl)s3)C2=O)c(F)c1,93.4
CN(C)Cc1nccn1-c1ccc(N2CCC(NS(=O)(=O)c3cc4cc(Cl)ccc4s3)C2=O)c(F)c1,96.3
CN(C)Cc1nccn1-c1ccc(N2CCC(NS(=O)(=O)c3cc4ccc(Cl)cc4s3)C2=O)c(F)c1,96.8
CN(C)Cc1nccn1-c1ccc(N2CCC(NS(=O)(=O)c3ccc4[nH]cc(Cl)c4c3)C2=O)c(F)c1,93.2
CN(C)Cc1nccn1-c1ccc(N2CCC(NS(=O)(=O)c3ccc4c(Cl)c[nH]c4c3)C2=O)c(F)c1,94.6
CN(C)Cc1nccn1-c1ccc(N2CCC(NS(=O)(=O)c3ccc4cc(Cl)ccc4c3)C2=O)c(F)c1,94.7
CN(C)Cc1nccn1-c1ccc(N2CCC(NS(=O)(=O)c3ncc(-c4ccc(Cl)s4)s3)C2=O)c(F)c1,97.9
CN(C)S(=O)(=O)NC(=O)CCCc1c(-c2ccc(F)cc2)[nH]c2ccc(C#N)cc12,99.6
CN(C)c1cc(-c2ccc(Cn3cc(C(=O)O)c(=O)c4cccc(F)c43)cc2)ccn1,98.5
CN(C)c1cc(NC(=O)CNC(C)(C)C)c(O)c2c1C[C@H]1C[C@H]3[C@H](N(C)C)C(O)=C(C(N)=O)C(=O)[C@@]3(O)C(O)=C1C2=O,35.6
CN(C)c1ccc(-c2ccc(Cn3cc(C(=O)O)c(=O)c4cccc(F)c43)nc2)cn1,99.0
CN(C)c1cccc(-c2ccc(Cn3cc(C(=O)O)c(=O)c4cccc(F)c43)cc2)c1,99.0
CN(C)c1cccc(-c2ccc(Cn3cc(C(=O)O)c(=O)c4cccc(F)c43)cn2)c1,97.8
CN(C)c1cccc(-c2ccc(Cn3cc(C(=O)O)c(=O)c4cccc(F)c43)nc2)c1,98.7
CN(C/C=C\CN)C[C@H]1O[C@@H](n2cnc3c(N)nc(Cl)nc32)[C@H](O)[C@@H]1O,39.0
CN(C/C=C\CN)C[C@H]1O[C@@H](n2cnc3c(N)ncnc32)[C@@H](F)[C@@H]1O,32.2
CN(C/C=C\CN)C[C@H]1O[C@@H](n2cnc3c(N)ncnc32)[C@H](F)[C@@H]1O,23.3
CN(C/C=C\CN)C[C@H]1O[C@@H](n2cnc3c(N)ncnc32)[C@H](O)[C@@H]1O,72.9
CN/C(=N\CCSCc1nc[nH]c1C)NC#N,19.0
CN1C(=O)N(c2cc(Cl)cc(Cl)c2)C(=O)[C@]12CN(c1ccc(C(=O)O)cn1)C[C@H]2c1ccc(C#N)cc1,95.0
CN1C(=O)c2c3c(c(O)c(=O)n2[C@]12CC[C@@H]1C[C@@]12CO)C(=O)N(Cc1ccc(F)c(Cl)c1)CC3,98.0
CN1C(C(=O)Nc2ccccn2)=C(O)c2ccccc2S1(=O)=O,99.3
CN1C/C=C/CCOc2cccc(c2)-c2ccnc(n2)Nc2cccc(c2)C1,99.9
CN1CC(c2nc(C(=O)NCc3ccc(F)cc3)c(O)c3ncccc23)CC1=O,98.8
CN1CC(c2nc(C(=O)NCc3ccc(F)cc3S(C)(=O)=O)c(O)c3ncccc23)CC1=O,97.0
CN1CCC2(CC1)CNC(=O)c1cc(-c3ccnc(NC(=O)c4ccc5ccccc5c4)c3)[nH]c12,99.5
CN1CCC2(CC1)CNC(=O)c1cc(-c3ccnc(NC(=O)c4cccc(OC(F)(F)F)c4)c3)[nH]c12,97.3
CN1CCN(C)/C(=N/c2ccc([N+](=O)[O-])cc2C(=O)Nc2ccccc2)C1,77.0
CN1CCN(Cc2ccc(-c3cnc4[nH]cc(-c5ccc6[nH]ccc6c5)c4c3)cc2)CC1,98.3
CN1CCN(c2ccc(-c3ccc(Cn4cc(C(=O)O)c(=O)c5cccc(F)c54)cc3)cn2)CC1,98.2
CN1CCN(c2ccc(-c3ccc4c(c3)CCNC4)cc2C(F)(F)F)CC1,89.0
CN1CCN(c2ccc(C3CC(c4ccc([N+](=O)[O-])o4)=NO3)cc2)C(=O)C1,57.4
CN1CCN(c2ccc(C3CC(c4ccc([N+](=O)[O-])o4)=NO3)cc2F)C(=O)C1,60.9
CN1CCN(c2ccc(C3CC(c4ccc([N+](=O)[O-])o4)=NO3)cn2)C(=O)C1,48.9
CN1CCN=C1c1ccc(C(=O)Nc2ccccc2C(=O)Nc2ccc(Cl)cn2)cc1,82.0
CN1CC[C@H](c2c(O)cc(O)c3c(=O)cc(/C=C/c4c(Cl)cccc4Cl)oc23)[C@H](O)C1,96.7
CN1CCc2c(cccc2C(=O)NCC2(N3CCN(c4ccccc4)CC3)CCCCC2)C1,83.5
CN1CCc2nc(C#Cc3ccccc3)sc2C1,96.5
CN1CCc2nc(C#Cc3ccccc3)sc2C1=O,96.7
CN1CCc2nc(C(=O)N[C@@H]3C[C@@H](C(=O)N(C)C)CC[C@@H]3NC(=O)c3cc4cc(Cl)ccc4[nH]3)sc2C1,72.0
CN1CCc2nc(C(=O)N[C@@H]3C[C@@H](C(=O)N(C)C)CC[C@@H]3NC(=O)c3cc4cc(F)ccc4[nH]3)sc2C1,63.0
CN1CCc2nc(COc3ccccc3)sc2C1=O,89.0
CN1Cc2cccc(Oc3ncccc3NC(=O)Nc3ccc(OC(F)(F)F)cc3)c2C1C(C)(C)C,99.7
CN1Cc2ccccc2-c2c(C3CCCCC3)c3ccc(C(=O)O)cc3n2CC1=O,99.7
CN1Cc2nc(C(=O)N[C@@H]3C[C@@H](C(=O)N(C)C)CC[C@@H]3NC(=O)c3cc4cc(Cl)ccc4[nH]3)sc2C1,68.0
CN1Cc2nc(C(=O)N[C@@H]3C[C@@H](C(=O)N(C)C)CC[C@@H]3NC(=O)c3cc4ccc(Cl)cc4cn3)sc2C1,48.0
CN1Cc2nc(C(=O)N[C@@H]3C[C@@H](C(=O)N(C)C)CC[C@@H]3NC(=O)c3ccc4cc(Cl)ccc4c3)sc2C1,70.0
CN1[C@@H]2CC[C@H]1C[C@@H](OC(=O)C(CO)c1ccccc1)C2,24.55
CN1[C@@H]2CC[C@H]1c1c(sc(NC(=O)Nc3ccc(Cl)cc3)c1C(N)=O)C2,89.0
CNC(=O)N1CCc2c(c(N3CCCc4cc(-c5cnn(C)c5)c(C(F)F)cc43)nn2C2CCOCC2)C1,84.0
CNC(=O)OCC[C@H]1C[C@@H]1c1cncc(OC[C@@H]2CCN2)c1,8.4
CNC(=O)[C@@H](c1ccccc1)N1CCn2c(C3CC3)nc(Cl)c2[C@@H]1CCc1ccc(C(F)(F)F)cc1,99.0
CNC(=O)c1c(-c2ccc(F)cc2)oc2ccc(-c3cc(C(=O)NC4(c5ncccn5)CC4)ccc3C)c(F)c12,98.2
CNC(=O)c1c(C(N)=O)nc2n1CCOc1ccc(C#C[C@@](C)(O)c3cc(C)on3)cc1-2,94.0
CNC(=O)c1cc(S(=O)(=O)N2CCS[C@H]2C(=O)O[C@@H](Cc2c(Cl)c[n+]([O-])cc2Cl)c2ccc(OC(F)F)c(OCC3CC3)c2)cn1C,99.84
CNC(=O)c1ccc(-c2cc(-c3ccc(S(C)(=O)=O)cc3)cnc2N)cc1,81.8
CNC(=O)c1ccc(F)c2c(C(=O)C(=O)N3CCN(C(=O)c4ccccc4)CC3)c[nH]c12,98.9
CNC(=O)c1ccc(Oc2ccc(CN3CCC(N4C(=O)N(C5CCOCC5)C[C@H]4c4ccccc4)CC3)c(C)n2)cc1,94.5
CNC(=O)c1ccc2c(c1)OCCc1cc(C(=O)N(C)c3ccc(C(=O)N(C)C)cc3Cl)sc1-2,97.0
CNCCN1CCCc2cc(NC(=N)c3cccs3)ccc21,40.0
CNCc1nccn1-c1ccc(N2CCC(NS(=O)(=O)/C=C/c3ccc(Cl)s3)C2=O)c(F)c1,88.6
CN[C@@H](C)C(=O)N[C@H](C(=O)N1CCC[C@H]1C(=O)Nc1snnc1-c1ccccc1)C1CCCCC1,75.0
CN[C@@H]1CCN(c2cc(NCC3CC3)nc(N)n2)C1,16.0
CN[C@@H]1[C@H](O[C@H]2[C@H](O[C@H]3[C@H](O)[C@@H](O)[C@H](N=C(N)N)[C@@H](O)[C@@H]3N=C(N)N)O[C@@H](C)[C@]2(O)C=O)O[C@@H](CO)[C@H](O)[C@H]1O,10.0
CN[C@H](C)C(=O)NCc1cccc(Cn2nc(NS(=O)(=O)c3ccc(Cl)s3)c3c(OC)cccc32)c1,94.6
CNc1cc(Nc2cnc(C#N)c(O[C@H](C)CN(C)C)n2)ncc1-c1cnn(C)c1,70.0
CNc1ccc(-c2ccc(Cn3cc(C(=O)O)c(=O)c4cccc(F)c43)cc2)cn1,98.7
CNc1ccn2ncc(C(=O)Nc3cc(C)nn3-c3cccc(Cl)c3)c2n1,98.4
CNc1nc2[nH]c(-c3cccc(CNC(=O)COC)n3)cc2c2c1ncn2C,92.6
CNc1noc2c(-c3ccc4c(N5CCOC[C@@H]5C)nncc4c3)c(C)ccc12,92.0
CO/N=C(\C(=O)N[C@@H]1C(=O)N2C(C(=O)O)=C(CSc3nc(=O)c(O)nn3C)CS[C@H]12)c1csc(N)n1,76.8
CO/N=C1/C[C@@H](CO)N(C(=O)c2ccc(-c3ccccc3C)cc2)C1,71.0
COC(=O)N[C@H](C(=O)N1C[C@@H](C)C[C@H]1c1nc(-c2ccc(-c3ccc(-c4ccc5[nH]c([C@@H]6C[C@H](C)CN6C(=O)[C@@H](NC(=O)OC)C(C)C)nc5c4)cc3)cc2)c[nH]1)C(C)C,98.6
COC(=O)N[C@H](C(=O)N[C@@H](Cc1ccc(-c2ccccn2)cc1)C[C@H](O)[C@H](Cc1ccccc1)NC(=O)[C@@H](N1CCN(Cc2ccccc2)C1=O)C(C)(C)C)C(C)(C)C,99.66
COC(=O)N[C@H](C(=O)N[C@H](Cc1ccc(-c2ccccn2)cc1)C[C@H](O)[C@H](Cc1ccccc1)NC(=O)[C@@H](N1CCN(Cc2cccc(C(C)(C)O)n2)C1=O)C(C)(C)C)C(C)(C)C,98.2
COC(=O)Nc1ccc2c(c1)NC(=O)CCCCC[C@H](NC(=O)/C=C/c1cc(Cl)ccc1-n1cnnn1)c1nc-2c[nH]1,96.2
COC(=O)Nc1ccc2c(c1)NC(=O)C[C@@H](C)CCC[C@H](NC(=O)/C=C/c1cc(Cl)ccc1-n1cnnn1)c1nc-2c[nH]1,98.0
COC(=O)c1ccc(-c2c(Cl)cc(O[C@H]3O[C@H](CO)[C@@H](O)[C@H](O)[C@@H]3O)cc2Cl)cc1,94.0
COC(=O)c1ccc(-c2cc(Cl)c(O[C@H]3O[C@H](CO)[C@@H](O)[C@H](O)[C@@H]3O)c(Cl)c2)cc1,98.0
COC(=O)c1ccc(-c2ccc(Cl)c(O[C@H]3O[C@H](CO)[C@@H](O)[C@H](O)[C@@H]3O)c2)cc1,96.0
COC(=O)c1ccc(-c2ccc(O[C@H]3O[C@H](CO)[C@@H](O)[C@H](O)[C@@H]3O)c(Cl)c2)cc1,94.0
COC(=O)c1ccc(-c2ccc(O[C@H]3O[C@H](CO)[C@@H](O)[C@H](O)[C@@H]3O)cc2)cc1,93.0
COC(=O)c1ccc(-c2ccc(O[C@H]3O[C@H](CO)[C@@H](O)[C@H](O)[C@@H]3O)cc2Cl)cc1,95.0
COC(=O)c1ccc(-c2cccc(O[C@H]3O[C@H](CO)[C@@H](O)[C@H](O)[C@@H]3O)c2)cc1,92.0
COC(=O)c1ccc(NC(=O)NC23CC4CC(CC(C4)C2)C3)cc1O,96.9
COC(=O)c1ccc2c(ccn2-c2ccc(O[C@H]3O[C@H](CO)[C@@H](O)[C@H](O)[C@@H]3O)c(Cl)c2)c1,99.0
COCC1=C(C(=O)O)N2C(=O)[C@@H](NC(=O)/C(=N\OC)c3csc(N)n3)[C@H]2SC1,25.0
COCCCN1CCN([C@H]2CC[C@H](n3nc(-c4ccc5nc(Cc6ccccc6OC)[nH]c5c4)c4c(N)ncnc43)CC2)CC1,96.7
COCCCS(=O)(=O)c1ccc(-c2ccc(CCN3CCC[C@H]3C)cc2)cc1,74.0
COCCNc1nc2ccc(C#CC3(O)CCCCC3)cc2n1-c1ccnc(N)n1,96.0
COCCOc1cc2oc(=O)n(CCC(=O)O)c2cc1Cl,70.7
COCCOc1ccc(N(Cc2cnccc2C)C2CCN([C@H](C)CCNC(=O)c3c(C)cc(C#N)nc3C)CC2)cc1,92.0
COCCOc1ccc(N(Cc2cnccc2C)C2CCN([C@H](C)CCNC(=O)c3c(C)cc(Cl)nc3C)CC2)cc1,85.0
COCCOc1ccc(N(Cc2cnccc2C)C2CCN([C@H](C)CCNC(=O)c3c(C)cc(F)nc3C)CC2)cc1,81.0
COCCOc1ccc([C@H]2C[C@@H](C(F)(F)F)n3ncc(C(=O)NCc4ccc(F)cc4)c3N2)cc1,98.1
COCCOc1ccc([C@H]2C[C@@H](C(F)(F)F)n3ncc(C(=O)NCc4ccc(F)cn4)c3N2)cc1,87.8
COCCOc1cnc2ccc([C@H](C)n3nnc4ccn(-c5cc(C)ns5)c(=O)c43)cc2c1,98.8
COCCOc1cnc2ccc([C@H](C)n3nnc4ccn(-c5ccc(F)c(F)c5)c(=O)c43)cc2c1,95.5
COCC[C@H]1C[C@@H]1c1cncc(OC[C@@H]2CCCN2C)c1,31.0
COCCc1ccc(-c2c(C)nc3c(N4CCOCC4)nccn23)cn1,58.0
COCCc1nc2nc(C)cc(Nc3ccc(C(F)(F)F)cc3)n2n1,73.7
COCCc1nc2nc(C)cc(Nc3ccc(S(F)(F)(F)(F)F)cc3)n2n1,87.7
COC[C@@H](C)n1c(C)c(C(=O)NCc2c(C)cc(C)nc2O)c2ccccc21,91.0
COCc1c(C(C)C)nc(C(C)C)c(/C=C/[C@@H](O)C[C@@H](O)CC(=O)O)c1-c1ccc(F)cc1,99.0
COCc1nc2nc(C)cc(Nc3ccc(C(F)(F)F)cc3)n2n1,75.6
COCc1nc2nc(C)cc(Nc3ccc(S(F)(F)(F)(F)F)cc3)n2n1,91.7
CONC(=O)[C@H]1[C@@H](O)[C@@]2(O)c3c(OC)cc(OC)cc3O[C@@]2(c2ccc(OC)cc2)[C@@H]1c1ccccc1,82.0
CO[C@@]1(NC(=O)C(C(=O)O)c2ccsc2)C(=O)N2[C@@H](C(=O)O)C(C)(C)S[C@@H]21,85.0
COc1c(-c2cn([C@H]3CCc4c(F)cccc4N(CC(F)(F)F)C3=O)nn2)ccc(-n2cnc(C)c2)c1F,99.1
COc1c(N2CC3(CC3)[C@](C)(N)C2)c(F)cc2c(=O)c(C(=O)O)cn([C@@H]3C[C@@H]3F)c12,34.7
COc1c(N2CCNC(C)C2)c(F)cc2c(=O)c(C(=O)O)cn(C3CC3)c12,20.0
COc1c(N2CC[C@@H](C3(N)CC3)C2)ccc2c(=O)c(C(=O)O)cn([C@@H]3C[C@@H]3F)c12,65.0
COc1c(N2C[C@@H](N)C3(CC3)C2)c(F)cc2c(=O)c(C(=O)O)cn([C@@H]3C[C@@H]3F)c12,41.8
COc1c(N2C[C@@H]3CCCN[C@@H]3C2)c(F)cc2c(=O)c(C(=O)O)cn(C3CC3)c12,50.0
COc1cc(-c2cc(-c3ccc(S(C)(=O)=O)cc3)cnc2N)ccc1O,82.8
COc1cc(-c2cn([C@H]3CCc4c(F)cccc4N(CC(F)(F)F)C3=O)nn2)ccc1-n1cnc(C)c1,99.1
COc1cc(-c2cn([C@H]3CCc4c(F)cccc4N(CC(F)(F)F)C3=O)nn2)ccc1-n1cnc(C)n1,97.6
COc1cc(-c2cnc3[nH]cc(-c4ccc(N)nc4)c3c2)cc(OC)c1OC,98.8
COc1cc(-c2cnc3[nH]cc(-c4ccc5[nH]ccc5c4)c3c2)cc(OC)c1OC,99.8
COc1cc(-c2cnc3[nH]cc(-c4cnc(N)nc4)c3c2)cc(OC)c1OC,98.0
COc1cc(C(=O)/C=C/c2ccc(F)cc2)cc(OC)c1OC,99.0
COc1cc(C(=O)Nc2ccc(NC(=O)C3CCCCN3)cc2)cc(-c2c[nH]c(=O)[nH]c2=O)c1,60.5
COc1cc(C(=O)Nc2ccc(NC(=O)c3ccccc3)cc2)c(N)cc1O,98.9
COc1cc(C(=O)Nc2ccc(NC(=O)c3ccccc3)cc2)cc(-c2c[nH]c(=O)[nH]c2=O)c1O,98.1
COc1cc(C(=O)Nc2ccc(NC(=O)c3ccccc3)cc2)ccc1O,99.0
COc1cc(C(=O)Nc2ccc(NC(=O)c3ccccn3)cc2)cc(-c2cnc(=O)[nH]c2)c1,99.0
COc1cc(C(=O)Nc2ccc(NC(=O)c3ccccn3)cc2)cc(-c2nc(=O)o[nH]2)c1,98.4
COc1cc(C(=O)Nc2ccc(NC(=O)c3ccccn3)cc2)cc(-c2nn[nH]n2)c1,96.8
COc1cc(C(=O)Nc2ccc(NC(=O)c3ccccn3)cc2)cc(N2CCC(=O)NC2=O)c1,90.3
COc1cc(C(=O)Nc2ccc(NC(=O)c3ccccn3)cc2)ccc1O,98.4
COc1cc(C)[nH]c(=O)c1CNC(=O)c1c(C)n([C@H](C)C2CCOCC2)c2ccccc12,90.0
COc1cc(C)c(Cc2ccc(C(C)C)cc2)cc1[C@@H]1S[C@H](CO)[C@@H](O)[C@H](O)[C@H]1O,99.1
COc1cc(Cc2cnc(N)nc2N)c2c(c1OC)OC(C1CC1)C=C2,93.0
COc1cc(N2C(=O)N(c3ccc(-c4ccc(C(=O)O)cc4)cc3)C(=O)C23CCN(Cc2ncccc2C)CC3)ncn1,99.4
COc1cc(N2C(=O)N(c3ccc(-c4ccc(C(=O)O)cc4)nc3)C(=O)C23CCN(Cc2ncccc2C)CC3)ncn1,97.8
COc1cc(N2C(=O)N(c3ccc(-c4ccc(C(=O)O)cc4C)cc3)C(=O)C23CCN(Cc2ncccc2C)CC3)ncn1,99.7
COc1cc(N2C(=O)N(c3ccc(-c4ccc(C(=O)O)cc4C)nc3)C(=O)C23CCN(Cc2ncccc2C)CC3)ncn1,98.7
COc1cc(N2CCN(C(C)=O)CC2)ccc1Nc1ncc(Cl)c(-c2cnc3ccccn23)n1,98.4
COc1cc(N2CCN(C[C@H](C)O)CC2)ccc1Nc1ncc2ccc(-c3ccccc3N(C)S(C)(=O)=O)n2n1,83.0
COc1cc(Nc2cnc(C#N)c(O[C@H](C)CN(C)C)n2)ncc1-c1cnn(C)c1,82.0
COc1cc(OC(C)C)cc(S(=O)(=O)c2ccc3c(c2)O[C@H]2CNCC[C@@H]32)c1,95.4
COc1cc(OC)c(/C=C/S(=O)(=O)Nc2ccc(OC)c(N)c2)c(OC)c1,99.67
COc1cc2[nH]c(-c3ccc(N4CCCCC4)cc3)c(C)c(=O)c2cc1F,98.8
COc1cc2c(Nc3ccc(NC(=O)c4ccccc4)cc3)nc(-c3ccccn3)nc2cc1O,99.0
COc1cc2c(Nc3ccc(NC(=O)c4ccccc4)cc3)nc(C)nc2cc1O,90.3
COc1cc2c(Nc3ccc(NC(=O)c4ccccc4)cc3)nc(Cc3ccccc3)nc2cc1O,99.0
COc1cc2c(Nc3ccc(NC(=O)c4ccccc4)cc3)nc(Cl)nc2cc1O,97.9
COc1cc2c(Nc3ccc(NC(=O)c4ccccc4)cc3)nc(N)nc2cc1O,97.7
COc1cc2c(Nc3ccc(NC(=O)c4ccccc4)cc3)nc(NCCCn3ccnc3)nc2cc1O,98.8
COc1cc2c(Nc3ccc(NC(=O)c4ccccc4)cc3)nc(NCCc3ccccn3)nc2cc1O,99.0
COc1cc2c(Nc3ccc(NC(=O)c4ccccc4)cc3)ncnc2cc1OCC(=O)O,99.0
COc1cc2nc(C3CC3)nc(N3CCN(c4ccccc4OC)CC3)c2cc1OC,99.2
COc1cc2ncc(C(=O)N[C@H]3CC[C@H](C(C)(C)O)CC3)cc2cn1,67.0
COc1ccc(-c2cc(-c3ccc(S(C)(=O)=O)cc3)cnc2N)cn1,90.0
COc1ccc(-c2cc3c(N[C@@H]4CC[C@](C)(N)C4(C)C)c(C(N)=O)cnn3c2)cn1,90.0
COc1ccc(-c2ccc(Cn3cc(C(=O)O)c(=O)c4cccc(F)c43)cc2)cn1,99.3
COc1ccc(-c2cnccc2-c2cnc(NC(=O)C(C)C)s2)c(C(F)(F)F)c1,100.0
COc1ccc(-n2c(CCN3C(=O)c4cccc(-c5ccncc5)c4C3=O)nc3ccccc3c2=O)cc1,93.0
COc1ccc(-n2c(CCN3C(=O)c4cccc(OC(C)C)c4C3=O)nc3ccccc3c2=O)cc1,97.0
COc1ccc(-n2c(CCN3C(=O)c4cccc(OC(C)C)c4C3=O)nc3ncccc3c2=O)cc1,83.0
COc1ccc(-n2nc(C#N)c3c2C(=O)N(c2ccc(C4(CN5CCCC5)CC4)cc2)CC3)cc1,68.0
COc1ccc(C#Cc2ccc(C(=O)N3CCC[C@@H](O)C3)c(F)c2)cc1,97.0
COc1ccc(C(=O)Nc2ccc(NC(=O)c3ccccn3)cc2)cc1-c1c[nH]c(=O)[nH]c1=O,99.0
COc1ccc(C(F)(F)F)cc1COc1ccc(CCC(=O)O)cc1C,99.9
COc1ccc(CCN(C)CCCC(C#N)(c2ccc(OC)c(OC)c2)C(C)C)cc1OC,87.6
COc1ccc(CNC(=O)c2cc(C#CC(C)(C)NC(C)=O)cnc2NCc2ccc3c(c2)OCO3)cc1Cl,99.0
COc1ccc(CNC(=O)c2cnn3c2N[C@@H](c2ccc(C)cc2)C[C@H]3C(F)(F)F)cn1,99.0
COc1ccc(COc2ccc(Cc3cnc(N)nc3N)cc2OC)cc1,98.0
COc1ccc(COc2cnn(CC(=O)c3ccc(CN(C)C)cc3C)c(=O)c2)nc1,93.0
COc1ccc(Cl)c(SC2=C(O)CC(c3c(Cl)ccc(NC4CCOCC4)c3Cl)CC2=O)c1,99.9
COc1ccc(Cl)cc1C(=O)NCCc1ccc(S(=O)(=O)NC(=O)NC2CCCCC2)cc1,99.8
COc1ccc(Cn2cc(C(=O)O)c(=O)c3ccccc32)cc1,99.1
COc1ccc(N(Cc2cccc(C#N)n2)C2CCN([C@H](C)CCNC(=O)c3c(C)cc(C#N)nc3C)CC2)cc1,91.0
COc1ccc(N(Cc2cccc(C#N)n2)C2CCN([C@H](C)CCNC(=O)c3c(C)cc(Cl)nc3C)CC2)cc1,84.0
COc1ccc(N(Cc2cccc(C#N)n2)C2CCN([C@H](C)CCNC(=O)c3c(C)cc(F)nc3C)CC2)cc1,79.0
COc1ccc(N(Cc2cccnc2)C2CCN([C@H](C)CCNC(=O)c3c(C)cc(Cl)nc3C)CC2)cc1,93.0
COc1ccc(N(Cc2cccnc2)C2CCN([C@H](C)CCNC(=O)c3c(C)cc(F)nc3C)CC2)cc1,86.0
COc1ccc(N(Cc2cnccc2C)C2CCN([C@H](C)CCNC(=O)c3c(C)cc(C#N)nc3C)CC2)cc1,98.0
COc1ccc(N(Cc2cnccc2C)C2CCN([C@H](C)CCNC(=O)c3c(C)cc(C(=O)NC(C)C)nc3C)CC2)cc1,89.0
COc1ccc(N(Cc2cnccc2C)C2CCN([C@H](C)CCNC(=O)c3c(C)cc(Cl)nc3C)CC2)cc1,92.0
COc1ccc(N(Cc2cnccc2C)C2CCN([C@H](C)CCNC(=O)c3c(C)cc(F)nc3C)CC2)cc1,79.0
COc1ccc(N(Cc2cnccc2C)C2CCN([C@H](C)CCNC(=O)c3c(C)ccnc3C)CC2)cc1,95.0
COc1ccc(N(Cc2cnccc2C)C2CCN([C@H](C)CCNC(=O)c3c(C)ccnc3Cl)CC2)cc1,88.0
COc1ccc(N(Cc2cnccc2C)C2CCN([C@H](C)CCNC(=O)c3c(C)ncnc3C)CC2)cc1,75.0
COc1ccc(NC(=N)NCCCOc2ccc(F)cc2)cc1,75.1
COc1ccc(Nc2ncc(CN3CCN(S(C)(=O)=O)CC3)cc2-c2nc(C)nc(N)n2)cn1,82.7
COc1ccc(O[C@@H](CC(C)C)[C@H]2CCNC2)c(C)n1,57.0
COc1ccc(S(=O)(=O)N2CCCC[C@H]2C(=O)O[C@@H](Cc2c(Cl)c[n+]([O-])cc2Cl)c2ccc(OC(F)F)c(OCC3CC3)c2)cc1C(=O)N(C)C,99.77
COc1ccc(S(=O)(=O)N2CCC[C@H]2C(=O)O[C@@H](Cc2c(Cl)c[n+]([O-])cc2Cl)c2ccc(OC(F)F)c(OCC3CC3)c2)cc1C(=O)N(C)C,99.68
COc1ccc(S(=O)(=O)N2CCS[C@H]2C(=O)O[C@@H](Cc2c(Cl)c[n+]([O-])cc2Cl)c2ccc(OC(F)F)c(OCC3CC3)c2)cc1C(=O)N(C)C,99.83
COc1ccc(S(=O)(=O)N2CCS[C@H]2C(=O)O[C@@H](Cc2c(Cl)c[n+]([O-])cc2Cl)c2ccc(OC(F)F)c(OCC3CC3)c2)cc1OC,99.6
COc1ccc([C@H](C)NC(=O)COc2cc(C(F)(F)F)c3c(-c4ccccc4)nn(C)c3n2)cc1,99.0
COc1ccc2c(=O)c(Cl)c(-c3ccc(N4CCCCC4)cc3)[nH]c2c1,98.8
COc1ccc2c(O[C@@H]3C[C@H]4C(=O)N[C@]5(C(=O)O)C[C@H]5/C=C\CCCCC[C@H](NC(=O)OC5CCCC5)C(=O)N4C3)cc(-c3csc(NC(C)C)n3)nc2c1,99.1
COc1ccc2c(c1)CN(c1ccc(C(C)C(=O)O)cc1)C2=O,98.0
COc1ccc2c(c1)[C@@H]1C[C@]1(C(=O)N1C3CCC1CN(C)C3)Cn1c-2c(C2CCCCC2)c2ccc(C(=O)NS(=O)(=O)N(C)C)cc21,98.0
COc1ccc2c(c1)c(CC(=O)O)c(C)n2C(=O)c1ccc(Cl)cc1,90.0
COc1ccc2c(c1)c(CN1CCN(C)CC1)cn2S(=O)(=O)c1ccccc1Br,98.0
COc1ccc2c(ccn2-c2ccc(O[C@H]3O[C@H](CO)[C@@H](O)[C@H](O)[C@@H]3O)c(Cl)c2)c1,96.0
COc1ccc2cc(-c3cc(-c4cc(Cl)cc(Cl)c4)nn3[C@@H](C)c3ccc(C(=O)NCCC(=O)O)cc3)ccc2c1,99.0
COc1ccc2cc(C(=O)N[C@H]3CC[C@H](C(C)(C)O)CC3)cnc2n1,73.0
COc1ccc2ncc(F)c([C@@H](O)CN3CCC(NCc4cc5c(cn4)OCCO5)CC3)c2n1,69.3
COc1ccc2nccc(NC(=O)[C@]3(O)CC[C@@H](NCc4cc5c(cn4)OCCO5)CC3)c2n1,72.6
COc1ccc2ncn(-c3cc(O[C@H](C)c4ccccc4C(F)(F)F)c(C(N)=O)s3)c2c1,99.5
COc1ccc2ncn(-c3cc(O[C@H](C)c4ccccc4Cl)c(C(N)=O)s3)c2c1,99.5
COc1cccc(-c2ccc(Cn3cc(C(=O)O)c(=O)c4cccc(F)c43)nc2)c1,97.8
COc1cccc(OC)c1C(=O)/C=C/c1ccco1,94.0
COc1cccc2c1C(=O)c1c(O)c3c(c(O)c1C2=O)C[C@@](O)(C(=O)CO)C[C@@H]3O[C@H]1C[C@H](N)[C@@H](O)[C@H](C)O1,57.0
COc1cccc2c1C(=O)c1c(O)c3c(c(O)c1C2=O)C[C@@](O)(C(=O)CO)C[C@@H]3O[C@H]1C[C@H](N)[C@H](O)[C@H](C)O1,62.0
COc1cccc2c1c(NS(=O)(=O)c1ccc(Cl)s1)nn2Cc1cccc(CNC(=O)C(C)(C)N)c1,96.0
COc1cccc2c1c(NS(=O)(=O)c1ccc(Cl)s1)nn2Cc1cccc(CNC(=O)C(C)(C)O)c1,99.0
COc1cccc2c1c(NS(=O)(=O)c1ccc(Cl)s1)nn2Cc1cccc(CNC(=O)C2COCCN2C)c1,98.6
COc1cccc2c1c(NS(=O)(=O)c1ccc(Cl)s1)nn2Cc1cccc(CNC(=O)[C@@H]2CCCCN2)c1,92.2
COc1cccc2c1c(NS(=O)(=O)c1ccc(Cl)s1)nn2Cc1cccc(CNC(=O)[C@@H]2COCCN2)c1,98.2
COc1cccc2c1c(NS(=O)(=O)c1ccc(Cl)s1)nn2Cc1cccc(CNC(C)=O)c1,99.5
COc1cccc2nc(CCCN(C)CC[C@]3(OC(=O)C(C)C)C[C@H]4CCC[C@@H]3c3ccccc34)[nH]c12,99.9
COc1ccccc1CNC[C@H]1C[C@@H]1c1cc(F)ccc1OC,82.0
COc1ccccc1OCCCCCCN1C[C@H](O)[C@@H](O)[C@H](O)[C@H]1CO,65.0
COc1ccnc(-c2nnc3n2C[C@H](C)N(C(=O)c2cccc(Cl)c2Cl)C3)c1,82.6
COc1ccnc(C2(C#N)CCN(Cc3cc(C(=O)O)c(=O)n4ccccc34)CC2)c1,78.3
COc1ccnc(C[S+]([O-])c2nc3cc(OC(F)F)ccc3[n-]2)c1OC,98.0
COc1ccnc(Oc2ccc3c(c2)c(=O)ncn3Cc2c(F)cc(F)cc2F)c1C(F)(F)F,99.5
COc1ccnc2[nH]cc(C(=O)C(=O)N3CCN(C(=O)c4ccccc4)C[C@H]3C)c12,73.0
COc1cnc(-n2cnc(C)n2)c2[nH]cc(C(=O)C(=O)N3CCN(C(=O)c4ccccc4)CC3)c12,85.0
COc1nc(N2CC[C@@H](C)N(C(=O)c3cc(C)ccc3-n3nccn3)CC2)ncc1C(F)(F)F,96.0
COc1ncc(-c2ccc(Cn3cc(C(=O)O)c(=O)c4ccccc43)c(F)c2)cn1,95.4
COc1ncc(C2=CCOCC2)cc1S(=O)(=O)Nc1ccnc(C)c1,79.0
COc1ncc(C2=CCOCC2)cc1S(=O)(=O)Nc1cncc(C#CCN2CCN(C(C)C)CC2)c1,83.0
COc1ncc(C2=CCOCC2)cc1S(=O)(=O)Nc1cncc(C)c1,91.0
COc1ncc(OC)c2c(C(=O)C(=O)N3CCN(C(=O)c4ccccc4)CC3)c[nH]c12,95.0
CS(=O)(=O)N1CCN(Cc2cc3nc(-c4cccc5[nH]ncc45)nc(N4CCOCC4)c3s2)CC1,93.0
CS(=O)(=O)N1CCN(Cc2cc3nc(-c4cnc(N)nc4)nc(N4CCOCC4)c3s2)CC1,51.0
CS(=O)(=O)N1CCO[C@H](c2csc(-c3cc(N4CCOCC4)ccc3NC(=O)c3ncc[nH]3)n2)C1,79.0
CS(=O)(=O)N1CCc2cc(S(=O)(=O)c3ccc4c(c3)OCCO4)ccc21,94.1
CS(=O)(=O)N1Cc2ccc(S(=O)(=O)c3ccc4c(c3)OCCO4)cc2C1,90.9
CS(=O)(=O)NC[C@H]1CC[C@H](Nc2nc3c(s2)CCSc2ccccc2-3)CC1,98.2
CS(=O)(=O)Nc1ccc(OC[C@@H](O)CNCCc2ccc(Cl)c(Cl)c2)cc1,98.0
CS(=O)(=O)Nc1ccc([N+](=O)[O-])cc1Oc1ccccc1,90.0
CS(=O)(=O)Nc1ccc2c(ccn2-c2ccc(O[C@H]3O[C@H](CO)[C@@H](O)[C@H](O)[C@@H]3O)c(Cl)c2)c1,94.0
CS(=O)(=O)Nc1cncc(-c2nc(NCc3ccccn3)c3c(-c4ccccc4)cccc3n2)c1,99.5
CS(=O)(=O)c1ccc(-c2cnc(N)c(-c3ccc(C(F)(F)F)c(F)c3)c2)cc1,94.8
CS(=O)(=O)c1ccc(-c2cnc(N)c(-c3ccc(C(F)(F)F)cc3)c2)cc1,96.2
CS(=O)(=O)c1ccc(-c2cnc(N)c(-c3ccc(C(F)(F)F)nc3)c2)cc1,86.1
CS(=O)(=O)c1ccc(-c2cnc(N)c(-c3ccc(C(N)=O)cc3)c2)cc1,78.4
CS(=O)(=O)c1ccc(-c2cnc(N)c(-c3ccc(CO)nc3)c2)cc1,45.9
CS(=O)(=O)c1ccc(-c2cnc(N)c(-c3ccc(F)nc3)c2)cc1,56.9
CS(=O)(=O)c1ccc(-c2cnc(N)c(-c3cccc(C(F)(F)F)c3)c2)cc1,94.1
CS(=O)(=O)c1ccc(-n2cc(Cl)c(OC3CCN(c4ncc(Cl)cn4)CC3)cc2=O)c(F)c1,99.5
CS(=O)(=O)c1ccc([C@@H](C[C@H]2CCC(=O)C2)C(=O)Nc2cnccn2)cc1Cl,50.0
CS(=O)(=O)c1cccc(-c2ccc(Cn3cc(C(=O)O)c(=O)c4cccc(F)c43)cn2)c1,93.5
CS(=O)(=O)c1cccc(-c2ccc(Cn3cc(C(=O)O)c(=O)c4cccc(F)c43)nc2)c1,95.5
CS(=O)(=O)c1ccccc1-c1ccc(Cn2cc(C(=O)O)c(=O)c3cccc(F)c32)nc1,85.8
CSc1ccc(-c2ccccc2[C@@H]2CCC(F)(F)C[C@H]2C(=O)NCC#N)cc1,85.0
CSc1cccc(C2(C#N)CCN(Cc3cc(C(=O)O)c(=O)n4ccccc34)CC2)n1,98.8
CSc1cn2c(-c3cn[nH]c3)cnc2c(Nc2cc(C)ns2)n1,99.4
CSc1nc2nc(C)cc(Nc3ccc(C(F)(F)F)cc3)n2n1,91.8
CSc1nc2nc(C)cc(Nc3ccc(S(F)(F)(F)(F)F)cc3)n2n1,97.7
C[C@@H](C(=O)NCCCN1CCCC1)c1ccc(OS(=O)(=O)C(F)(F)F)cc1,62.0
C[C@@H](C(=O)NCCN1CCCC1)c1ccc(OS(=O)(=O)C(F)(F)F)cc1,70.0
C[C@@H](C(=O)NS(C)(=O)=O)c1ccc(OS(=O)(=O)C(F)(F)F)cc1,99.8
C[C@@H](C(N)=O)c1ccc(OS(=O)(=O)C(F)(F)F)cc1,92.0
C[C@@H](Cn1ncnn1)Nc1ncc2cc(Oc3ccc(F)cc3F)c(=O)n(C)c2n1,3.3
C[C@@H](N)[C@H](NC(=O)c1ccc(C#Cc2ccccc2)cc1)C(=O)NO,91.9
C[C@@H](NC(=O)c1ccc(C#Cc2cccc(F)c2)cn1)C(C)(C)O,2.7
C[C@@H](Nc1c(C(N)=O)cnn2cccc12)C(C)(C)C,97.3
C[C@@H](Nc1nc(-c2cccc(C(=O)O)c2)cnc1N)c1ccccc1,99.0
C[C@@H](O)[C@H]1C(=O)N2C(C(=O)O)=C(S[C@@H]3CN[C@H](C(=O)Nc4cccc(C(=O)O)c4)C3)[C@H](C)[C@H]12,84.0
C[C@@H](OC(=O)N1CCC(O[C@H]2CC[C@H](Oc3cnc(S(C)(=O)=O)cn3)CC2)CC1)C(F)(F)F,97.5
C[C@@H](Oc1c(N)ncc2c(C3=CCN(C(N)=O)CC3)coc12)c1c(Cl)ccc(F)c1Cl,98.1
C[C@@H](Oc1cc(-n2cnc3ccc(OC4CCN(C)CC4)cc32)sc1C(N)=O)c1ccccc1C(F)(F)F,94.8
C[C@@H](Oc1cc(-n2cnc3ccc(OC4CCN(C)CC4)cc32)sc1C(N)=O)c1ccccc1Cl,91.5
C[C@@H](Oc1cc(-n2cnc3ccc(OC4CCNCC4)cc32)sc1C(N)=O)c1ccccc1C(F)(F)F,96.6
C[C@@H](Oc1cc(-n2cnc3ccc(OCC4CCN(C)CC4)cc32)sc1C(N)=O)c1ccccc1C(F)(F)F,97.7
C[C@@H](Oc1cc(-n2cnc3ccc(OCC4CCN(C)CC4)cc32)sc1C(N)=O)c1ccccc1Cl,97.9
C[C@@H](Oc1cc(-n2cnc3ccc(OCCCN(C)C)cc32)sc1C(N)=O)c1ccccc1Cl,97.4
C[C@@H](Oc1cc(-n2cnc3ccc(OC[C@H](O)CN4CCCC4)cc32)sc1C(N)=O)c1ccccc1Cl,96.2
C[C@@H](Oc1cc(-n2cnc3ccc(O[C@@H]4CCCN(C)CC4)cc32)sc1C(N)=O)c1ccccc1Cl,98.0
C[C@@H](Oc1cc(-n2cnc3ccc(O[C@H]4CCCN(C)CC4)cc32)sc1C(N)=O)c1ccccc1Cl,96.9
C[C@@H](Oc1cc2c(cc1Cl)N(CCC(=O)O)C(=O)CO2)c1ccccn1,92.5
C[C@@H](Oc1cc2cnn(CCC(=O)O)c2cc1Cl)c1ccccn1,90.1
C[C@@H](Oc1cc2oc(=O)n(CCC(=O)O)c2cc1Cl)c1ccc(Cl)cn1,99.0
C[C@@H](Oc1cc2oc(=O)n(CCC(=O)O)c2cc1Cl)c1ccccn1,88.1
C[C@@H](Oc1cc2oc(=O)n(CCC(=O)O)c2cc1Cl)c1cccnn1,68.1
C[C@@H](Oc1cc2onc(CCC(=O)O)c2cc1Cl)c1ccc(Cl)cn1,99.8
C[C@@H](Oc1cc2onc(CCC(=O)O)c2cc1Cl)c1ccccn1,97.8
C[C@@H](c1ccc(-c2ccc(F)cc2F)cc1)N1CC[C@](CCO)(c2ccc(F)cc2)OC1=O,99.0
C[C@@H](c1ccc(-c2ccn(C)c(=O)c2)cc1)N1CC[C@](CC(C)(C)O)(c2ccccc2)OC1=O,91.6
C[C@@H]1CCCN1CCCOc1ccc(-c2ccc(=O)[nH]n2)cc1,44.0
C[C@@H]1CCCN1CCCOc1ccc(-c2cn[nH]c(=O)c2)cc1,20.0
C[C@@H]1CCCN1CCCOc1ccc(-c2cnn(-c3ccccn3)c(=O)c2)cc1,44.0
C[C@@H]1CCCN1CCCOc1ccc(C(=O)CN2CCOCC2)cc1,20.0
C[C@@H]1CCCN1CCCOc1ccc(C2=NNC(=O)C(C)(C)C2)cc1,26.0
C[C@@H]1CN([C@@H](C)CN(C)C)C(=O)c2cc(NC(=O)Nc3ccccc3)ccc2O[C@@H](C)CCCCO[C@H]1CN(C)S(=O)(=O)c1ccc(F)cc1,99.0
C[C@@H]1CN(c2ccc3c(Nc4ccc(Cl)c(-c5ncc(-c6ccccc6)[nH]5)c4)nccc3n2)CCO1,96.1
C[C@@H]1c2nnc(-c3ccccn3)n2CCN1C(=O)c1cccc(Cl)c1Cl,82.5
C[C@@H]1c2nnn(-c3cc(F)ccn3)c2CCN1C(=O)c1cccc(C(F)(F)F)c1Cl,97.6
C[C@@H]1c2nnn(-c3cnccn3)c2CCN1C(=O)c1cccc(C(F)(F)F)c1Cl,91.6
C[C@@H]1c2nnn(-c3ncc(F)cn3)c2CCN1C(=O)c1cccc(C(F)(F)F)c1Cl,88.8
C[C@@H]1c2nnn(-c3ncccn3)c2CCN1C(=O)c1cccc(C(F)(F)F)c1Cl,91.6
C[C@@](C(=O)OC1CC[N+](C)(C)CC1)(c1ccccc1)C1CCCC1,58.0
C[C@@](C(=O)O[C@H]1C[N+]2(CC(=O)Nc3cccc(F)c3)CCC1CC2)(c1ccccc1)N1CCCCC1,99.6
C[C@@](C(=O)O[C@H]1C[N+]2(CC(=O)Nc3cccc(F)c3)CCC1CC2)(c1cccs1)N1CCCCC1,99.2
C[C@@](C(=O)O[C@H]1C[N+]2(CC(=O)Nc3ccccc3)CCC1CC2)(c1ccccc1)N1CCCCC1,98.6
C[C@@](C(=O)O[C@H]1C[N+]2(CC(=O)Nc3ccccc3)CCC1CC2)(c1cccs1)N1CCCCC1,97.5
C[C@@](C(=O)O[C@H]1C[N+]2(CC(=O)Nc3ccccn3)CCC1CC2)(c1ccccc1)N1CCCCC1,88.3
C[C@@](C(=O)O[C@H]1C[N+]2(CC(=O)Nc3ccncn3)CCC1CC2)(c1ccccc1)N1CCCCC1,87.0
C[C@@](C(=O)O[C@H]1C[N+]2(CC(=O)Nc3ccon3)CCC1CC2)(c1ccccc1)N1CCCCC1,80.7
C[C@@](C(=O)O[C@H]1C[N+]2(CC(=O)Nc3ccon3)CCC1CC2)(c1cccs1)N1CCCCC1,70.4
C[C@@](C(=O)O[C@H]1C[N+]2(CC(=O)Nc3cncc(Cl)n3)CCC1CC2)(c1cccs1)N1CCCCC1,97.1
C[C@@](C(=O)O[C@H]1C[N+]2(CC(=O)Nc3cnccn3)CCC1CC2)(c1ccccc1)N1CCCCC1,82.2
C[C@@](C(=O)O[C@H]1C[N+]2(CC(N)=O)CCC1CC2)(c1ccccc1)N1CCCCC1,63.8
C[C@@](C(=O)O[C@H]1C[N+]2(CCC3=CC4CCOC4C=C3)CCC1CC2)(c1ccccc1)N1CCCCC1,99.6
C[C@@](C(=O)O[C@H]1C[N+]2(CCC3CCCCC3)CCC1CC2)(c1cccs1)N1CCCCC1,89.3
C[C@@](C(=O)O[C@H]1C[N+]2(CCCCc3ccccc3)CCC1CC2)(c1ccccc1)N1CCCCC1,98.0
C[C@@](C(=O)O[C@H]1C[N+]2(CCCCc3ccccc3)CCC1CC2)(c1cccs1)N1CCCCC1,97.9
C[C@@](C(=O)O[C@H]1C[N+]2(CCCOc3ccc(F)cc3)CCC1CC2)(c1ccccc1)N1CCCCC1,96.9
C[C@@](C(=O)O[C@H]1C[N+]2(CCCOc3ccc(F)cc3)CCC1CC2)(c1cccs1)N1CCCCC1,98.1
C[C@@](C(=O)O[C@H]1C[N+]2(CCCOc3ccccc3)CCC1CC2)(c1ccccc1)N1CCCCC1,94.4
C[C@@](C(=O)O[C@H]1C[N+]2(CCCc3cc4ccccc4s3)CCC1CC2)(c1ccccc1)N1CCCCC1,99.7
C[C@@](C(=O)O[C@H]1C[N+]2(CCCc3ccc4ncsc4c3)CCC1CC2)(c1ccccc1)N1CCCCC1,95.6
C[C@@](C(=O)O[C@H]1C[N+]2(CCCc3ccccc3)CCC1CC2)(c1ccccc1)N1CCCCC1,91.4
C[C@@](C(=O)O[C@H]1C[N+]2(CCCc3cccnc3)CCC1CC2)(c1ccccc1)N1CCCCC1,80.0
C[C@@](C(=O)O[C@H]1C[N+]2(CCCc3ccncc3)CCC1CC2)(c1ccccc1)N1CCCCC1,30.0
C[C@@](C(=O)O[C@H]1C[N+]2(CCCc3ccncc3)CCC1CC2)(c1cccs1)N1CCCCC1,82.1
C[C@@](C(=O)O[C@H]1C[N+]2(CCCc3cncnc3)CCC1CC2)(c1ccccc1)N1CCCCC1,22.4
C[C@@](C(=O)O[C@H]1C[N+]2(CCCc3nc4ccccc4o3)CCC1CC2)(c1ccccc1)N1CCCCC1,86.8
C[C@@](C(=O)O[C@H]1C[N+]2(CCOCCc3ccccc3)CCC1CC2)(c1ccccc1)N1CCCCC1,97.5
C[C@@](C(=O)O[C@H]1C[N+]2(CCOCc3ccccc3)CCC1CC2)(c1ccccc1)N1CCCCC1,98.4
C[C@@](C(=O)O[C@H]1C[N+]2(CCOc3ccc(Cl)cc3)CCC1CC2)(c1ccccc1)N1CCCCC1,99.2
C[C@@](C(=O)O[C@H]1C[N+]2(CCOc3ccccc3)CCC1CC2)(c1ccccc1)N1CCCCC1,95.6
C[C@@](C(=O)O[C@H]1C[N+]2(CCc3c[nH]c4ccccc34)CCC1CC2)(c1ccccc1)N1CCCCC1,99.8
C[C@@](C(=O)O[C@H]1C[N+]2(CCc3ccc(F)cc3)CCC1CC2)(c1ccccc1)N1CCCCC1,98.1
C[C@@](C(=O)O[C@H]1C[N+]2(CCc3ccc4ccccc4c3)CCC1CC2)(c1ccccc1)N1CCCCC1,99.7
C[C@@](C(=O)O[C@H]1C[N+]2(CCc3cccc(Br)c3)CCC1CC2)(c1ccccc1)N1CCCCC1,97.4
C[C@@](C(=O)O[C@H]1C[N+]2(CCc3cccc(Cl)c3)CCC1CC2)(c1ccccc1)N1CCCCC1,96.5
C[C@@](C(=O)O[C@H]1C[N+]2(CCc3cccc(Cl)c3)CCC1CC2)(c1cccs1)N1CCCCC1,97.8
C[C@@](C(=O)O[C@H]1C[N+]2(CCc3cccc(F)c3)CCC1CC2)(c1ccccc1)N1CCCCC1,93.1
C[C@@](C(=O)O[C@H]1C[N+]2(CCc3cccc(F)c3)CCC1CC2)(c1cccs1)N1CCCCC1,99.1
C[C@@](C(=O)O[C@H]1C[N+]2(CCc3ccccc3)CCC1CC2)(c1ccccc1)N1CCCCC1,97.6
C[C@@](C(=O)O[C@H]1C[N+]2(CCc3ccccc3)CCC1CC2)(c1cccs1)N1CCCCC1,99.0
C[C@@](C(=O)O[C@H]1C[N+]2(CCc3ccccc3F)CCC1CC2)(c1ccccc1)N1CCCCC1,99.2
C[C@@](C(=O)O[C@H]1C[N+]2(CCc3ccccc3F)CCC1CC2)(c1cccs1)N1CCCCC1,99.8
C[C@@](C(=O)O[C@H]1C[N+]2(Cc3cc(-c4ccccc4)no3)CCC1CC2)(c1cccs1)N1CCCCC1,97.7
C[C@@](C(=O)O[C@H]1C[N+]2(Cc3cc(-c4ccccc4)on3)CCC1CC2)(c1ccccc1)N1CCCCC1,98.0
C[C@@](C(=O)O[C@H]1C[N+]2(Cc3nc(-c4ccccc4)no3)CCC1CC2)(c1ccccc1)N1CCCCC1,97.6
C[C@@](C(=O)O[C@H]1C[N+]2(Cc3noc(-c4ccccc4)n3)CCC1CC2)(c1cccs1)N1CCCCC1,97.8
C[C@@]1(O)CC[C@H]2[C@H](CC[C@@H]3[C@@H]2CC[C@]2(C)[C@@H](C(=O)Cn4cc(C#N)cn4)CC[C@@H]32)C1,98.8
C[C@H](CO)CONC(=O)c1ncc2cncn2c1Nc1ccc(I)cc1F,86.0
C[C@H](CO)Nc1nc(SCc2cccc(F)c2F)nc2nc(N)sc12,97.4
C[C@H](CS(C)(=O)=O)Nc1ncc2cc(Oc3ccc(F)cc3F)c(=O)n(C)c2n1,4.0
C[C@H](N)CNc1nc(-c2ccncc2)cc2cnccc12,58.0
C[C@H](NCc1c(C(=O)N[C@@H]2CCC[C@H](O)C2)noc1-c1ccc(C(F)(F)F)cc1)C(F)(F)F,95.2
C[C@H](N[C@@H](CCc1ccccc1)C(=O)O)C(=O)N1CCC[C@H]1C(=O)O,65.9
C[C@H](N[C@@H](CCc1ccccc1)C(=O)O)C(=O)N1C[C@@H](NC(=O)C[C@H](N)Cc2cc(F)c(F)cc2F)C[C@H]1C(=O)O,29.3
C[C@H](Nc1ncc(Br)c(Nc2cc(C3CC3)[nH]n2)n1)c1ccc(F)cc1,99.0
C[C@H](O)CN1C(=O)c2c3c(c(O)c(=O)n2[C@@]12CC[C@H]1C[C@H]12)C(=O)N(Cc1ccc(F)c(Cl)c1)CC3,97.5
C[C@H](O)CONC(=O)c1ncc2cncn2c1Nc1ccc(I)cc1F,90.0
C[C@H](c1ccc(F)cc1)N1C(=O)O[C@](Cc2ccccc2)(c2nc3c(C(F)(F)F)cccc3[nH]2)C1=O,99.0
C[C@H](c1ccc(F)cc1)N1C(=O)O[C@](Cc2ccccc2)(c2nc3cc(-c4cccnc4)ccc3[nH]2)C1=O,99.0
C[C@H](c1ccc(F)cc1)N1C(=O)O[C@](Cc2ccccc2)(c2nc3cc(C(F)(F)F)ccc3[nH]2)C1=O,99.0
C[C@H](c1ccc(F)cc1)N1C(=O)O[C@](Cc2ccccc2)(c2nc3cc(Cl)ccc3[nH]2)C1=O,99.0
C[C@H]1CCN1c1cc2ncc(C(=O)N[C@H]3CCNC3=O)cc2cn1,56.0
C[C@H]1CCN1c1ccc2cc(C(=O)N[C@H]3CC[C@H](C(C)(C)O)CC3)cnc2n1,78.0
C[C@H]1CCN1c1nc2ncc(C(=O)N[C@H]3CCNC3=O)cc2cc1Cl,81.0
C[C@H]1CCN1c1nc2ncc(C(=O)N[C@H]3CC[C@](C)(O)CC3)cc2cc1Cl,87.0
C[C@H]1CN(Cc2ccc(CC(=O)N3CCC(Nc4cccc(F)c4)CC3)cc2)CCN1,83.0
C[C@H]1COCCN1c1nc(-c2ccc(NC(=O)NCCO)cc2)nc2c1COC2(C)C,72.0
C[C@H]1COCCN1c1nc(-c2ccc(Nc3cccc(=O)[nH]3)cc2)nc2c1COC2(C)C,98.0
C[C@H]1COc2c(N3CCN(C)CC3)c(F)cc3c(=O)c(C(=O)O)cn1c23,30.0
C[C@H]1Cc2c(nnn2-c2ncc(F)cn2)CN1C(=O)c1cccc(C(F)(F)F)c1F,75.0
C[C@H]1Cc2c(nnn2-c2ncc(F)cn2)CN1C(=O)c1ccnc(C(F)(F)F)c1F,47.0
C[C@H]1Cn2c(nnc2-c2cc(F)ccn2)CN1C(=O)c1cccc(Cl)c1Cl,74.6
C[C@H]1Cn2c(nnc2-c2ccc(F)cc2)CN1C(=O)c1cccc(C(F)(F)F)c1Cl,86.9
C[C@H]1Cn2c(nnc2-c2ccc(F)cc2)CN1C(=O)c1cccc(Cl)c1Cl,88.5
C[C@H]1Cn2c(nnc2-c2ccccn2)CN1C(=O)c1cccc(Cl)c1Cl,49.0
C[C@H]1Cn2c(nnc2-c2cnccn2)CN1C(=O)c1cccc(C(F)(F)F)c1Cl,69.8
C[C@H]1[C@H](F)C[C@@H](C(=O)NCc2cc(-c3cnc(C(F)(F)F)nc3)ncc2F)N1S(=O)(=O)c1ccc(F)cc1,98.0
C[C@H]1[C@H](NC(=O)/C(=N\OC(C)(C)C(=O)O)c2csc(N)n2)C(=O)N1S(=O)(=O)O,51.5
C[C@]1(C(=O)N(CCCC(=O)O)Cc2cccc(Cl)c2)CCN1C(=O)c1csc2ccccc12,98.6
C[C@]1(COc2ccc(OC(F)(F)F)cc2)Cn2cc([N+](=O)[O-])nc2O1,93.9
C[C@]1(O)C[C@@H](NC(=O)c2cnc3cc(N4CCC4)ncc3c2)C1,52.0
C[C@]1(O)C[C@@H](NC(=O)c2cnc3nc(C4CC4)c(Cl)cc3c2)C1,87.0
C[C@]1(O)C[C@@H](c2nc(-c3ccc4ccc(-c5ccccc5)nc4c3F)c3c(N)ncnn32)C1,97.3
C[C@]1(O)C[C@H](NC(=O)c2cnc3nc(C4CC4)c(Cl)cc3c2)C1,86.0
C[C@]1(c2nc3c(C(N)=O)cccc3[nH]2)CCCN1,41.0
C[N+]1(C)CCC(OC(=O)C(O)(c2ccccc2)C2CCCC2)C1,29.0
C[N+]1(C)[C@@H]2C[C@@H](OC(=O)C(O)(c3cccs3)c3cccs3)C[C@H]1[C@@H]1O[C@@H]12,48.0
Cc1[nH]c(-c2cccc3ccccc23)cc1C(=O)N1CCC(CO)CC1,98.3
Cc1c(-c2cc(Nc3ccncn3)c(=O)n(C)c2)cccc1N1CCc2c(sc3c2CCCC3)C1=O,99.0
Cc1c(-c2ccc(-n3cccc3)cc2)[nH]c2cc(F)cc(F)c2c1=O,96.1
Cc1c(-c2ccc(N3CCC(F)(F)C3)cc2)[nH]c2cc(F)cc(F)c2c1=O,97.3
Cc1c(-c2ccc(N3CCCC(F)C3)cc2)[nH]c2cc(F)cc(F)c2c1=O,98.45
Cc1c(-c2ccc(N3CCCCCC3)cc2)[nH]c2cc(F)cc(F)c2c1=O,99.4
Cc1c(-c2ccc(N3CCC[C@@H](C)C3)cc2)[nH]c2cc(F)cc(F)c2c1=O,99.5
Cc1c(-c2ccc(N3CCC[C@@H]3CO)cc2)[nH]c2cc(F)cc(F)c2c1=O,95.5
Cc1c(-c2ccc(N3CCC[C@H](C)C3)cc2)[nH]c2cc(F)cc(F)c2c1=O,99.3
Cc1c(-c2ccc(N3CCC[C@H]3CO)cc2)[nH]c2cc(F)cc(F)c2c1=O,95.5
Cc1c(-c2ccc(N3CC[C@@H](F)C3)cc2)[nH]c2cc(F)cc(F)c2c1=O,99.1
Cc1c(-c2ccc(N3CC[C@H](F)C3)cc2)[nH]c2cc(F)cc(F)c2c1=O,98.6
Cc1c(-c2ccccc2)nn(-c2nc(C(=O)O)cs2)c1-c1ccccc1,99.71
Cc1c(C#Cc2cnc(N)nc2)cccc1C(=O)Nc1ccc(CN2CCN(C)CC2)c(C(F)(F)F)c1,98.4
Cc1c(C(=O)N2CCOc3ccc(-c4ccc(N)nc4)cc3C2)ccc(S(C)(=O)=O)c1F,86.0
Cc1c(CC(=O)O)c(-c2ccccc2)nn1Cc1ccccc1S(=O)(=O)c1ccccc1,99.9
Cc1c(CC2=NN(Cc3ccc(F)cc3F)C(=O)CC2)c2cc(F)ccc2n1CC(=O)O,98.0
Cc1c(CC2=NN(Cc3ccccc3)C(=O)CC2)c2cc(F)ccc2n1CC(=O)O,98.0
Cc1c(CN2CCN(S(C)(=O)=O)CC2)sc2c(N3CCOCC3)nc(-c3cnc(N)nc3)nc12,77.0
Cc1c(Cc2ccc(=O)n(Cc3cc(F)c(F)cc3F)n2)c2cc(F)ccc2n1CC(=O)O,98.0
Cc1c(Cc2ccc(=O)n(Cc3ccc(C(C)(C)O)cc3)n2)c2cc(F)ccc2n1CC(=O)O,98.0
Cc1c(Cc2ccc(=O)n(Cc3ccc(C(F)(F)F)cc3)n2)c2cc(F)ccc2n1CC(=O)O,98.0
Cc1c(Cc2ccc(=O)n(Cc3ccc(C(O)(C(F)(F)F)C(F)(F)F)cc3)n2)c2cc(F)ccc2n1CC(=O)O,98.0
Cc1c(Cc2ccc(=O)n(Cc3ccc(F)cc3F)n2)c2cc(F)cc(F)c2n1CC(=O)O,98.0
Cc1c(Cc2ccc(=O)n(Cc3ccc(F)cc3F)n2)c2cc(F)ccc2n1CC(=O)O,98.0
Cc1c(Cc2ccc(=O)n(Cc3ccc(F)cc3F)n2)c2ccccc2n1CC(=O)O,98.0
Cc1c(Cc2ccc(=O)n(Cc3ccccc3)n2)c2cc(Cl)ccc2n1CC(=O)O,98.0
Cc1c(Cc2ccc(=O)n(Cc3ccccc3)n2)c2ccccc2n1CC(=O)O,98.0
Cc1c(Cc2ccc(=O)n(Cc3ccncc3)n2)c2cc(F)ccc2n1CC(=O)O,98.0
Cc1c(Cc2ccc(=O)n(Cc3ccncc3F)n2)c2cc(F)ccc2n1CC(=O)O,98.0
Cc1c(Cc2ccccc2S(=O)(=O)c2ccccc2)c(-c2ccccc2)nn1CC(=O)O,99.3
Cc1c(Cl)ccc(OC2CCN(C[C@H](O)CNC(=O)c3c[nH]c(=O)cc3C(F)(F)F)CC2)c1Cl,96.0
Cc1c(Cn2c(C)nc(=O)c3sc(N4CCOCC4)nc32)cccc1C(F)(F)F,86.3
Cc1c(F)cc(C(=O)NC2CC2)cc1-c1c(F)cn2c(C(C)(C)C)nnc2c1F,79.0
Cc1c(F)cc(C(=O)NC2CC2)cc1-c1ccn2c(C(C)(C)C)nnc2c1,84.0
Cc1c(NC(=O)c2cc3c(s2)CCCC3)cccc1-c1cc(Nc2ccncn2)c(=O)n(C)c1,99.0
Cc1c[nH]c2c(N/C(=C\C#N)N[C@H]3CCCCN(CC(=O)N4CCCC4)C3=O)cccc12,80.0
Cc1c[nH]c2c(N/C(N[C@H]3CCCCN(CC(=O)N4CCCC4)C3=O)=C(/C#N)C(=O)N(C)C)cccc12,80.0
Cc1c[nH]c2c(NC(N[C@H]3CCCCN(CC(=O)N4CCCC4)C3=O)=C(C#N)C#N)cccc12,77.0
Cc1cc(-c2cccc(Cl)c2)ncc1[C@H]1CCCN1C(=O)c1nccs1,99.6
Cc1cc(-c2cnn(C)c2)cc(C2CCN(C(=O)c3cc(C(C)C)n[nH]3)C2)n1,95.5
Cc1cc(/C=C/C#N)cc(C)c1Nc1ccnc(Nc2ccc(C#N)cc2)n1,99.7
Cc1cc(C(=O)O)ccc1-c1ccc(N2C(=O)N(c3ccncn3)C3(CCN(Cc4ncccc4C)CC3)C2=O)cc1,96.0
Cc1cc(C(=O)O)ccc1-c1ccc(N2C(=O)N(c3cnccn3)C3(CCN(Cc4ncccc4C)CC3)C2=O)cc1,95.4
Cc1cc(C(=O)O)ccc1-c1ccc(N2C(=O)N(c3cnccn3)C3(CCN(Cc4ncccc4C)CC3)C2=O)cn1,90.0
Cc1cc(C(=O)O)nc(N2C[C@H]3C[C@@H](c4ccccc4C(F)(F)F)C[C@H]3C2)n1,99.9
Cc1cc(C)c(CNC(=O)c2c(C)n(C(C)C(=O)N3CCCC3)c3ccccc23)c(O)n1,87.0
Cc1cc(C)c(CNC(=O)c2c(C)n(C(C)C)c3ccccc23)c(O)n1,97.0
Cc1cc(C)c(CNC(=O)c2c(C)n(C(C)c3ccccn3)c3ccccc23)c(=O)[nH]1,98.0
Cc1cc(C)c(CNC(=O)c2c(C)n(C(C)c3cnn(C)c3)c3ccccc23)c(=O)[nH]1,98.0
Cc1cc(C)c(CNC(=O)c2c(C)n([C@H](C)C3CCN(C)CC3)c3ccccc23)c(=O)[nH]1,70.0
Cc1cc(C)c(CNC(=O)c2c(C)n([C@H](C)C3CCOCC3)c3ccccc23)c(=O)[nH]1,94.0
Cc1cc(C)c(CNC(=O)c2c(C)n([C@H](C)c3ccccc3)c3ccccc23)c(=O)[nH]1,99.0
Cc1cc(C)cc(COc2ccc(CCC(=O)O)cc2C)c1,99.0
Cc1cc(C)nc(N2C[C@H]3CN(C(=O)c4c(F)cccc4-n4nccn4)C[C@H]3C2)n1,95.9
Cc1cc(C)nc(N2C[C@H]3CN(C(=O)c4ccc(F)cc4-n4nccn4)C[C@H]3C2)n1,92.5
Cc1cc(C)nc(N2C[C@H]3CN(C(=O)c4cccc(F)c4-n4nccn4)C[C@H]3C2)n1,90.5
Cc1cc(CC(=O)O)n(C)c1C(=O)c1ccc(Cl)cc1,98.5
Cc1cc(CCC[N+]23CCC(CC2)[C@@H](OC(=O)[C@](C)(c2ccccc2)N2CCCCC2)C3)ccn1,23.1
Cc1cc(COc2ccc(CCC(=O)O)cc2C)cc(OC(C)C)c1,99.0
Cc1cc(COc2nc(N)nc3ccn(Cc4ccccn4)c23)no1,54.0
Cc1cc(Cl)ccc1OC1CCN(C[C@H](O)CNC(=O)c2c[nH]c(=O)cc2C(F)(F)F)CC1,86.0
Cc1cc(Cl)ccc1OC1CCN(C[C@H](O)CNC(=O)c2c[nH]nc2C(F)(F)F)CC1,96.0
Cc1cc(N2CCOCC2)cc2[nH]c(-c3c(NCCc4ncn(C)c4Cl)cc[nH]c3=O)nc12,94.1
Cc1cc(N2CCOCC2)cc2[nH]c(-c3c(NCCn4cc(Cl)cn4)cc[nH]c3=O)nc12,98.3
Cc1cc(N2CCOCC2)cc2[nH]c(-c3c(NC[C@@H](O)c4cccc(Cl)c4)cc[nH]c3=O)nc12,99.6
Cc1cc(NC(=O)c2cnn3ccc(N)nc23)n(-c2cccc(Cl)c2)n1,99.5
Cc1cc(NC(=O)c2cnn3cccnc23)n(-c2cccc(Cl)c2)n1,95.8
Cc1cc(NC2Cc3ccccc3C2)n2ncnc2n1,76.1
Cc1cc(Nc2cc(F)c(C(F)(F)F)c(F)c2)n2ncnc2n1,96.6
Cc1cc(Nc2cc(N)ncn2)c(=O)n2c1C(=O)NC21CCCCC1,50.0
Cc1cc(Nc2ccc(C(C)(C)C)c(F)c2)n2ncnc2n1,96.4
Cc1cc(Nc2ccc(C(C)(C)C)cc2)n2ncnc2n1,93.2
Cc1cc(Nc2ccc(C(C)C)cc2)n2ncnc2n1,91.3
Cc1cc(Nc2ccc(C(F)(F)F)cc2)n2nc(C(C)(F)F)nc2n1,98.8
Cc1cc(Nc2ccc(C(F)(F)F)cc2)n2nc(C3CC3)nc2n1,92.8
Cc1cc(Nc2ccc(C(F)(F)F)cc2)n2nc(CCO)nc2n1,67.0
Cc1cc(Nc2ccc(C(F)(F)F)cc2)n2ncnc2n1,86.9
Cc1cc(Nc2ccc(C3CC3)cc2)n2ncnc2n1,86.8
Cc1cc(Nc2ccc(Cl)cc2)n2nc(C(C)(F)F)nc2n1,87.9
Cc1cc(Nc2ccc(Cl)cc2)n2nc(C(C)C)nc2n1,84.9
Cc1cc(Nc2ccc(S(F)(F)(F)(F)F)cc2)n2nc(C(C)(F)F)nc2n1,97.4
Cc1cc(Nc2ccc(S(F)(F)(F)(F)F)cc2)n2nc(C3CC3)nc2n1,97.7
Cc1cc(Nc2ccc(S(F)(F)(F)(F)F)cc2)n2ncnc2n1,95.4
Cc1cc(Nc2ccc(SC(F)(F)F)cc2)n2ncnc2n1,96.1
Cc1cc(Nc2ccc3c(c2)CCC3)n2ncnc2n1,92.5
Cc1cc(Nc2ccc3c(c2)CCCC3)n2ncnc2n1,95.5
Cc1cc(Nc2ccc3ccccc3c2)n2ncnc2n1,93.8
Cc1cc(Nc2ccc3sccc3c2)n2ncnc2n1,89.8
Cc1cc(Nc2cccc(Cl)c2)n2nc(C(C)(F)F)nc2n1,88.2
Cc1cc(Nc2nccc3nc(-c4c(Cl)cc(C#N)cc4Cl)[nH]c23)ncn1,97.2
Cc1cc(OC[C@@H]2CCN2)on1,8.2
Cc1cc(Oc2cccc(Cn3ccnc3)c2)cc(C)c1Cl,99.8
Cc1cc(Oc2cncc(F)c2)cc(C(=O)Nc2ccc(F)cn2)n1,98.5
Cc1cc(Oc2cncnc2)cc(C(=O)Nc2ccc(F)cn2)n1,91.4
Cc1cc(S(F)(F)(F)(F)F)cc2c1OC(C(F)(F)F)C(C(=O)O)=C2,99.95
Cc1cc([C@](C)(O)C#Cc2cc3c(cc2F)C2CC(C2)n2cc(C(N)=O)nc2-3)no1,91.0
Cc1cc2cc(NC(N[C@H]3CCCCN(CC(=O)N4CCCC4)C3=O)=C(C#N)C#N)ccc2o1,92.0
Cc1cc2ncc(C(=O)NCC(C)(C)NCC(=O)N3CCC[C@H]3C#N)c(C)n2n1,18.9
Cc1cc2ncc(C(=O)NCC(C)(C)NCC(=O)N3CCC[C@H]3C#N)cn2n1,29.2
Cc1cc2oc(=O)cc(-c3cccc(N)c3)c2c(C)c1-c1ccc(CN2CCOCC2)cc1,98.7
Cc1cc2oc(=O)cc(-c3ccccc3)c2c(C)c1-c1ccc(CN2CCOCC2)cc1,98.6
Cc1cc2oc(=O)cc(-c3ccccc3)c2c(C)c1-c1ccc(CO)cc1,99.4
Cc1cc2oc(=O)cc(-c3ccccc3)c2c(C)c1-c1ccncc1,98.8
Cc1cc2oc(=O)n(CCC(=O)O)c2cc1Cl,97.6
Cc1ccc(-c2cc(-c3ccc(S(C)(=O)=O)cc3)cnc2N)c2cccnc12,94.4
Cc1ccc(-c2cc(-c3ccc(S(C)(=O)=O)cc3)cnc2N)cc1C(F)(F)F,96.9
Cc1ccc(-c2cc(-c3ccc(S(C)(=O)=O)cc3)cnc2N)cn1,74.4
Cc1ccc(-c2cnccc2-c2cnc(NC(=O)C(C)C)s2)c(Cl)c1,100.0
Cc1ccc(-c2noc(COc3ccc(CCC(=O)O)cc3)n2)cc1,98.5
Cc1ccc(C(=O)N(CCCN)C(c2nc3snc(C)c3c(=O)n2Cc2ccccc2)C(C)C)cc1,95.4
Cc1ccc(C(=O)NC2CC2)cc1-c1ccn2c(C(C)(C)C)nnc2c1,58.0
Cc1ccc(C(=O)NC2CC2)cc1-n1cnc2ccc(N3CCN(C)CC3)cc2c1=O,35.7
Cc1ccc(C(=O)NC2CC2)cc1NC(=O)c1ccc(-c2ccc(C(=O)N3CCCCC3)cc2)s1,95.0
Cc1ccc(C(=O)NC2CC2)cc1NC(=O)c1ccc(-c2ccc(Cl)cc2)s1,99.0
Cc1ccc(C(=O)NC2CC2)cc1NC(=O)c1ccc(-c2cccc(Cl)c2)s1,99.0
Cc1ccc(C(=O)NC2CC2)cc1NC(=O)c1ccc(-c2ccccc2Cl)s1,99.0
Cc1ccc(C(=O)NC2CC2)cc1NC(=O)c1cnn(-c2ncccc2C(F)(F)F)c1C,64.0
Cc1ccc(C(=O)Nc2ccc(CN3CCN(C)CC3)c(C(F)(F)F)c2)cc1C#Cc1cnc(N)nc1,99.6
Cc1ccc(C(=O)Nc2ccc(CN3CCN(C)CC3)c(C(F)(F)F)c2)cc1C#Cc1cnc2cccnn12,99.8
Cc1ccc(C(=O)Nc2ccc(S(=O)(=O)O)c3cc(S(=O)(=O)O)cc(S(=O)(=O)O)c23)cc1NC(=O)c1cccc(NC(=O)Nc2cccc(C(=O)Nc3cc(C(=O)Nc4ccc(S(=O)(=O)O)c5cc(S(=O)(=O)O)cc(S(=O)(=O)O)c45)ccc3C)c2)c1,99.4
Cc1ccc(C(=O)O)cc1-c1cnc(N)c(N[C@H](C)c2ccc(Cl)cc2)n1,99.0
Cc1ccc(C(=O)c2ccc(CC(=O)O)n2C)cc1,99.7
Cc1ccc(C2(C#N)CCN(Cc3cc(C(=O)O)c(=O)n4ccccc34)CC2)nc1,82.5
Cc1ccc(C2CCN(Cc3cc(C(=O)O)c(=O)n4ccccc34)CC2)cc1,91.0
Cc1ccc(CCC[N+]23CCC(CC2)[C@@H](OC(=O)[C@](C)(c2ccccc2)N2CCCCC2)C3)cn1,86.1
Cc1ccc(CC[N+]23CCC(CC2)[C@@H](OC(=O)[C@](C)(c2ccccc2)N2CCCCC2)C3)s1,98.9
Cc1ccc(CNC(=O)c2cc(C#CC(C)(C)O)cnc2NCc2ccc3c(c2)OCO3)cc1C(F)F,99.0
Cc1ccc(Cl)c(COc2ccc(CCC(=O)O)cc2C)c1,99.0
Cc1ccc(F)cc1Cn1c(N2CCC[C@@](C)(N)C2)cc2c1c(=O)n(C)c(=O)n2C,95.1
Cc1ccc(N2CCN(Cc3cc(C(=O)N[C@H]4CCCC[C@@H]4O)c(=O)n4ccccc34)CC2)nc1,60.1
Cc1ccc(NC(=O)NC2CCCCCC2)cc1Cl,99.7
Cc1ccc(OCC[N+]23CCC(CC2)[C@@H](OC(=O)[C@](C)(c2ccccc2)N2CCCCC2)C3)cc1,98.5
Cc1ccc(S(=O)(=O)NC(=O)NN2CCCCCC2)cc1,94.0
Cc1ccc(S(=O)(=O)n2c(N)nc3ccccc32)cc1,97.7
Cc1ccc([C@@H](C)Oc2cc3oc(=O)n(CCC(=O)O)c3cc2Cl)nc1,97.8
Cc1ccc([C@@H](C)Oc2cc3onc(CCC(=O)O)c3cc2Cl)nc1,99.7
Cc1ccc([C@@H](C)Oc2cc3onc(CCC(=O)O)c3cc2Cl)nn1,92.9
Cc1ccc([C@H](C(=O)NC(C)C)N2C(=O)[C@@H](C3Cc4ccccc4C3)NC(=O)[C@H]2CC(C)C)o1,96.0
Cc1ccc([C@H]2C[C@@H](C(F)(F)F)n3ncc(C(=O)NCc4ccc(F)cc4)c3N2)cc1,99.0
Cc1ccc([C@H]2C[C@@H](C(F)(F)F)n3ncc(C(=O)NCc4ccc(F)cc4)c3N2)nc1,96.1
Cc1ccc([C@H]2C[C@@H](C(F)(F)F)n3ncc(C(=O)NCc4ccc(F)cc4)c3N2)o1,99.0
Cc1ccc([C@H]2C[C@@H](C(F)(F)F)n3ncc(C(=O)NCc4ccc(F)cn4)c3N2)cc1,99.0
Cc1ccc([C@H]2C[C@@H](C(F)(F)F)n3ncc(C(=O)NCc4ccc(F)cn4)c3N2)nc1,81.9
Cc1ccc([C@H]2C[C@@H](C(F)F)n3ncc(C(=O)NCc4ccc(F)cc4)c3N2)nc1,95.7
Cc1ccc2c(=O)n(-c3ccc4c(cnn4C)c3)c(CCN3C(=O)c4ccccc4C3=O)nc2c1,98.0
Cc1ccc2c(N3CCN(CCc4cccc(N5CCNC5=O)c4)CC3)cccc2n1,95.9
Cc1ccc2c(c1)CCCN2C(=O)SCC(=O)Nc1ccc(S(N)(=O)=O)cc1Cl,99.0
Cc1ccc2nc(C[N+]34CCC(CC3)[C@@H](OC(=O)[C@](C)(c3ccccc3)N3CCCCC3)C4)oc2c1,93.0
Cc1cccc(-c2noc(C3CC(=O)N(c4ccc(F)cc4)C3)n2)c1,99.3
Cc1cccc(C2(C#N)CCN(Cc3cc(C(=O)O)c(=O)n4ccccc34)CC2)c1,95.2
Cc1cccc(C2(C#N)CCN(Cc3cc(C(=O)O)c(=O)n4ccccc34)CC2)n1,84.2
Cc1cccc(COc2ccc(CCC(=O)O)cc2C)c1,99.0
Cc1cccc(Cl)c1NC(=O)c1cnc(Nc2cccc(NCCCn3ccnc3)n2)s1,99.0
Cc1cccc(Cl)c1NC(=O)c1cnc(Nc2cccc(NCCO)n2)s1,92.0
Cc1cccc(Nc2ccc(-c3ccc(N4CCNCC4)nc3)cc2)n1,90.2
Cc1cccc(OCCCCCCN2C[C@H](O)[C@@H](O)[C@H](O)[C@H]2CO)c1,80.0
Cc1cccc([C@@H]2CN(C3CCOCC3)C(=O)N2C2CCN(Cc3ccc(Oc4ccc(C(=O)O)cc4)nc3C)CC2)c1,95.7
Cc1ccccc1C#Cc1ccc(CCC(=O)O)cc1,97.7
Cc1ccccc1C(=O)Nc1cccc(NC(=O)CC(C)C)c1,96.0
Cc1ccccc1C(OCCN(C)C)c1ccccc1,20.0
Cc1ccccc1C1(C#N)CCN(Cc2cc(C(=O)O)c(=O)n3ccccc23)CC1,96.2
Cc1ccccc1N1CC(C)(C)N([C@H]2CNC[C@@H](C(=O)N[C@H](CC(C)C)c3ccc(F)cn3)C2)CC1=O,38.0
Cc1cccnc1CN1CCC2(CC1)C(=O)N(c1ccc(-c3ccc(C(=O)O)cc3)cc1)C(=O)N2c1ccncn1,98.4
Cc1cccnc1CN1CCC2(CC1)C(=O)N(c1ccc(-c3ccc(N4CCOCC4)cc3)cc1)C(=O)N2c1cc(O)ncn1,97.3
Cc1ccn(-c2ccc(Cn3cc(C(=O)O)c(=O)c4cccnc43)cc2)n1,98.8
Cc1ccn(-c2ccc(Cn3cc(C(=O)O)c(=O)c4ccncc43)cc2)n1,87.5
Cc1ccnc(-n2nnc3c2CCN(C(=O)c2cccc(C(F)(F)F)c2Cl)[C@@H]3C)n1,91.5
Cc1ccnc(C2(C#N)CCN(Cc3cc(C(=O)O)c(=O)n4ccccc34)CC2)c1,76.5
Cc1ccncc1CN(c1ccc(OCC(N)=O)cc1)C1CCN([C@H](C)CCNC(=O)c2c(C)cc(C#N)nc2C)CC1,89.0
Cc1ccncc1CN(c1ccccc1)C1CCN([C@H](C)CCNC(=O)c2c(C)cc(C#N)nc2C)CC1,94.0
Cc1cn(-c2ccc(-c3cn([C@H]4CCc5c(F)cccc5N(CC(F)(F)F)C4=O)nn3)c(F)c2)cn1,98.7
Cc1cn(-c2ccc(Cn3cc(C(=O)O)c(=O)c4cccnc43)cc2)cn1,76.7
Cc1cnc(C(=O)NCCc2ccc(S(=O)(=O)NC(=O)NC3CCCCC3)cc2)cn1,99.1
Cc1cnc(NC(=O)C2=C(O)c3ccccc3S(=O)(=O)N2C)s1,99.83
Cc1cnc(NC(=O)NC23CC4CC(CC(C4)C2)C3)s1,99.8
Cc1csc(NC(=O)NC23CC4CC(CC(C4)C2)C3)n1,99.7
Cc1csc(NC(=O)NC2C3CC4CC(C3)CC2C4)n1,99.3
Cc1n[nH]c(=O)cc1-c1ccc(OC2CCN(C3CCC3)CC2)cc1,58.0
Cc1n[nH]c(C)c1[C@H](C)NC(=O)COc1cc(C(F)(F)F)c2c(-c3ccccc3)nn(C)c2n1,96.0
Cc1nc(-c2cccc3ccccc23)sc1C(=O)N1CCC(CO)CC1,99.5
Cc1nc(-c2cn3c(n2)-c2ccc(-c4cnn(C(C)(C)C(N)=O)c4)cc2OCC3)n(C(C)C)n1,76.0
Cc1nc(COc2ccc(C[C@H](NC(=O)O[C@H]3CO[C@H]4OCC[C@H]43)[C@H](O)CN(CC(C)C)S(=O)(=O)c3ccc4c(c3)OCO4)cc2)cs1,98.0
Cc1nc(N)c2ncn([C@@H]3O[C@H](CN(C)C/C=C\CN)[C@@H](O)[C@H]3O)c2n1,41.2
Cc1nc(N)nc(-c2cc(Cl)cnc2Nc2cnc(Cl)c(NS(=O)(=O)N(C)C)c2)n1,99.8
Cc1nc(N2CCC(O)(C3CC3)CC2)nc2ccc(NC(=O)/C=C/c3ccc(Cl)cc3)cc12,99.5
Cc1nc(NCCCN2CCOCC2)cc(Nc2ncc(C(=O)Nc3c(C)cccc3Cl)s2)n1,92.0
Cc1nc(Nc2ccc(C(=O)O)cc2)ncc1CN1CCC(N2C(=O)N(C3CCOCC3)C[C@H]2c2cccc(Cl)c2)CC1,89.0
Cc1nc(Nc2ncc(C(=O)Nc3c(C)cccc3Cl)s2)cc(N2CCN(CCO)CC2)n1,91.0
Cc1nc(Oc2ccc(C(=O)O)cc2)ccc1CN1CCC(N2C(=O)N(C3CCOCC3)C[C@H]2c2cccc(Cl)c2)CC1,95.7
Cc1nc(Oc2ccc(C(=O)O)cc2)ccc1CN1CCC(N2C(=O)N(C3CCOCC3)C[C@H]2c2cccc(F)c2)CC1,94.8
Cc1nc(Oc2ccc(C(=O)O)cc2)ccc1CN1CCC(N2C(=O)N(C3CCOCC3)C[C@H]2c2ccccc2)CC1,93.3
Cc1nc(Oc2ccc(C(N)=O)cc2)ccc1CN1CCC(N2C(=O)N(C3CCOCC3)C[C@H]2c2ccccc2)CC1,89.4
Cc1nc(Sc2ccc(C(=O)O)cc2)ccc1CN1CCC(N2C(=O)N(C3CCOCC3)C[C@H]2c2ccccc2)CC1,94.3
Cc1nc([C@H](C(=O)N(C)CCO)N2C(=O)[C@@H](C3Cc4ccccc4C3)NC(=O)[C@H]2CC(C)C)co1,80.0
Cc1nc([C@H](C(=O)N2CCC2)N2C(=O)[C@@H](C3Cc4ccccc4C3)NC(=O)[C@H]2CC(C)C)co1,80.0
Cc1nc([C@H](C(=O)N2CCOCC2)N2C(=O)[C@@H](C3Cc4ccccc4C3)NC(=O)[C@H]2CC(C)C)co1,80.0
Cc1nc([C@H](C(=O)NC(C)C)N2C(=O)[C@@H](C3Cc4ccccc4C3)NC(=O)[C@H]2CC(C)C)co1,63.0
Cc1nc2c(C#N)cccc2n1-c1ccc(C(=O)NC2CC2)s1,88.8
Cc1nc2c(c(-c3ccc(Cl)cc3Cl)c1CN)C(=O)N(CC(=O)N(C)C)C2,18.0
Cc1nc2ccc3c(=O)cc(-c4ccc(N5CCCC5)cc4)oc3c2[nH]1,99.9
Cc1nc2cnc3[nH]ccc3c2n1[C@@H]1CCC[C@@H](O)C1,40.0
Cc1ncc(Cl)c(N2CC[C@@H](C)N(C(=O)c3ccccc3-n3nccn3)CC2)n1,95.0
Cc1ncc(NC(=O)c2cccc(C(F)(F)F)c2)cc1-c1cnc(OC2CCOCC2)c(N2CCOCC2)c1,98.0
Cc1nccn1CC1CCc2c(c3ccccc3n2C)C1=O,73.0
Cc1ncn(-c2ncc(F)c3c(C(=O)C(=O)N4CCN(C(=O)c5ccccc5)CC4)c[nH]c23)n1,97.0
Cc1nn2c(O)cc(N3CCOCC3)nc2c1Cc1cccc(C(F)(F)F)c1C,99.9
Cc1nnc(C(=O)NC(C)(C)c2nc(C(=O)NCc3ccc(F)cc3)c([O-])c(=O)n2C)o1,17.0
Cc1nnc(NS(=O)(=O)c2ccc(N)cc2)s1,93.5
Cc1noc2c1-c1sc(C)c(C)c1C(c1ccc(C#N)cc1)=N[C@H]2CC(N)=O,95.9
Cc1noc2c1-c1sc(C)c(C)c1C(c1ccc(Cl)cc1)=N[C@H]2CC(N)=O,99.4
Cc1noc2c1-c1sc(C)c(C)c1C(c1ccc(N)nc1)=N[C@H]2CC(N)=O,99.4
Cc1noc2c1-c1sc(C)c(C)c1C(c1ccccc1)=N[C@H]2CC(N)=O,98.2
Cc1oc(-c2ccccc2)nc1COc1ccc(CCC(=O)O)cc1,98.6
Cc1oc(=O)oc1COC(=O)N1CC[C@@H](N2CC/C(=C\C3=C(C(=O)O)N4C(=O)[C@@H](NC(=O)/C(=N/O)c5nsc(N)n5)[C@H]4SC3)C2=O)C1,16.0
Cc1onc(-c2c(F)cccc2Cl)c1C(=O)N[C@@H]1C(=O)N2[C@@H]1SC(C)(C)[C@@H]2C(=O)O,94.6
Clc1cc(Cl)cc(CNc2ncncc2-c2ccc3c(c2)OCO3)c1,99.35
Clc1ccc(-c2ccc(-c3nccn3-c3ccc(N4CCNCC4)cc3)o2)cc1,97.2
Cn1c(=O)[nH]c2cc(N3CCC[C@@](C)(N)C3)n(Cc3ccccc3)c2c1=O,71.1
Cn1c(=O)c(F)c(Nc2ccc(I)cc2F)c2c(=O)n(C[C@@H](O)CO)cnc21,97.0
Cn1c(=O)c(Oc2ccc(F)cc2F)cc2cnc(NC(CCO)CCO)nc21,5.4
Cn1c(=O)c(Oc2ccc(F)cc2F)cc2cnc(NC3CCOCC3)nc21,1.5
Cn1c(=O)c2c(cc(N3CCC[C@@](C)(N)C3)n2Cc2cc(F)ccc2C#N)n(C)c1=O,73.0
Cn1c(=O)c2c(ncn2C)n(C)c1=O,37.8
Cn1c(Nc2ccc(C(F)(F)F)cc2)nc2cc(Oc3ccnc(-c4ncc(C(F)(F)F)[nH]4)c3)ccc21,99.0
Cn1cc(-c2ccc(Cn3cc(C(=O)O)c(=O)c4c(F)ccc(F)c43)nc2)cn1,77.0
Cn1cc(-c2ccc(Cn3cc(C(=O)O)c(=O)c4c(F)cccc43)nc2)cn1,78.6
Cn1cc(-c2ccc(Cn3cc(C(=O)O)c(=O)c4cccc(F)c43)nc2)cn1,98.4
Cn1cc(-c2ccc(Cn3cc(C(=O)O)c(=O)c4ccccc43)c(F)c2)cn1,98.0
Cn1cc(-c2ccc(Cn3cc(C(=O)O)c(=O)c4sccc43)cc2)cn1,93.4
Cn1cc(-c2ccc(Cn3cc(C(=O)O)c(=O)c4sccc43)nc2)cn1,72.1
Cn1cc(-c2cccc(N3CCc4c(sc5c4CCCC5)C3=O)c2CO)cc(Nc2ccncn2)c1=O,97.0
Cn1cc(C(=O)NC[C@@H](O)CN2CCC(Oc3ccc(Cl)c(Cl)c3)CC2)c(C(F)(F)F)cc1=O,93.0
Cn1cc(NC(=O)c2cnn3ccc(N)nc23)c(-c2cc(Cl)ccc2Cl)n1,98.5
Cn1cc(NC(=O)c2cnn3ccc(N)nc23)c(-c2cccc(Cl)c2)n1,98.9
Cn1cc(NC(=O)c2cnn3cccnc23)c(-c2cccc(Cl)c2)n1,99.4
Cn1cc(S(=O)(=O)N2CCC3=Cc4c(cnn4-c4ccc(F)cc4)C[C@]3(C(=O)c3cc(C(F)(F)F)ccn3)C2)cn1,99.5
Cn1cc2cc(Cn3cc(C(=O)O)c(=O)c4c(F)cccc43)ccc2n1,76.5
Cn1cnc(S(=O)(=O)N2CCS[C@H]2C(=O)O[C@@H](Cc2c(Cl)c[n+]([O-])cc2Cl)c2ccc(OC(F)F)c(OCC3CC3)c2)c1,98.5
Cn1cnc2cc(-c3ccc(O[C@H]4O[C@H](CO)[C@@H](O)[C@H](O)[C@@H]4O)c(Cl)c3)cnc21,30.0
Cn1nc(-c2cccc3ccccc23)cc1C(=O)N1CCC(CO)CC1,97.7
Cn1nc(C(C)(C)C)cc1NC(=O)C(C)(C)S(=O)(=O)c1ccc(Cl)cc1,93.6
Cn1ncc2cc(Cn3cc(C(=O)O)c(=O)c4c(F)cccc43)ccc21,88.3
FC(F)(F)c1c(N2CCC(c3ccccc3)CC2)ccn2c(CC3CC3)nnc12,99.82
N#C/C=C(\Nc1cccc2c(Cl)c[nH]c12)N[C@H]1CCCCN(CC(=O)N2CCCC2)C1=O,84.0
N#CC(C#N)=C(Nc1cccc2c(Cl)c[nH]c12)N[C@H]1CCCCN(CC(=O)N2CCCC2)C1=O,88.0
N#CC1(c2cccc(Cl)n2)CCN(Cc2cc(C(=O)O)c(=O)n3ccccc23)CC1,92.9
N#CC1(c2ccccc2)CCN(Cc2cc(C(=O)N[C@H]3CCCC[C@@H]3O)c(=O)n3ccccc23)CC1,85.2
N#CC1(c2ccccc2)CCN(Cc2cc(C(=O)O)c(=O)n3ccccc23)CC1,89.9
N#CC1(c2ccccc2F)CCN(Cc2cc(C(=O)O)c(=O)n3ccccc23)CC1,94.5
N#CC1(c2ccccn2)CCN(Cc2cc(C(=O)NC3CCCCC3(F)F)c(=O)n3ccccc23)CC1,89.5
N#CC1(c2ccccn2)CCN(Cc2cc(C(=O)NC3CCCCC3)c(=O)n3ccccc23)CC1,93.4
N#CC1(c2ccccn2)CCN(Cc2cc(C(=O)NC3CCOCC3)c(=O)n3ccccc23)CC1,51.0
N#CC1(c2ccccn2)CCN(Cc2cc(C(=O)N[C@H]3CCCC[C@@H]3F)c(=O)n3ccccc23)CC1,81.5
N#CC1(c2ccccn2)CCN(Cc2cc(C(=O)N[C@H]3CCCC[C@@H]3O)c(=O)n3ccccc23)CC1,52.0
N#CC1(c2ccccn2)CCN(Cc2cc(C(=O)O)c(=O)n3ccccc23)CC1,70.9
N#CC1(c2cccnc2)CCN(Cc2cc(C(=O)O)c(=O)n3ccccc23)CC1,63.9
N#CCN1CCC(n2c(=O)cnc3cnc4ccc(-c5ccc(N)nc5)cc4c32)CC1,64.0
N#CCc1ccccc1C#Cc1ccc(CCC(=O)O)c(F)c1,97.3
N#CCc1ccccc1C#Cc1ccc(CCC(=O)O)cc1,99.9
N#Cc1cc(Cl)c(C(=O)Nc2ccnc(NC(=O)C3CC3)c2)c(Cl)c1,97.8
N#Cc1cc(Cl)c(C(=O)Nc2ccnc(NC(=O)[C@H]3C[C@H]3F)c2)c(Cl)c1,93.2
N#Cc1cc(Cl)cc(-c2cc(-c3ccc(F)cn3)ncn2)c1,98.0
N#Cc1cc(Cl)cc(Oc2c(Cl)ccn(Cc3n[nH]c4ncccc34)c2=O)c1,96.7
N#Cc1cc(Cl)cc(Oc2cc(OCc3n[nH]c4nc(N)ccc34)ccc2Cl)c1,96.5
N#Cc1cc(F)c(C(=O)Nc2ccnc(NC(=O)[C@H]3C[C@H]3F)c2)c(Cl)c1,86.6
N#Cc1ccc(-c2ccc(C3=NOC(c4ccccc4-c4cncnc4)N3c3ccc(N4CCNCC4)cc3)o2)cc1,96.5
N#Cc1ccc(N2CCN(Cc3cc(C(=O)N[C@H]4CCCC[C@@H]4O)c(=O)n4ccccc34)CC2)cc1,90.5
N#Cc1ccc(N2CCN(Cc3cc(C(=O)O)c(=O)n4ccccc34)CC2)cc1,86.6
N#Cc1ccc(NC(=O)NC2C3CC4CC(C3)CC2C4)cc1,99.0
N#Cc1cccc(C(=O)N[C@@H]2CCC[C@@H](NC(=O)c3ccccn3)C2)c1,84.3
N#Cc1cccc(S(=O)(=O)c2cnc3cc(F)ccc3c2-c2ccc(Cl)cc2)c1,99.61
N#Cc1ccccc1-c1ccc(Cn2cc(C(=O)O)c(=O)c3c(F)cccc32)cc1,99.1
N#Cc1ccccc1-c1ccc(Cn2cc(C(=O)O)c(=O)c3cccc(F)c32)cc1,99.4
N#Cc1ccccc1N1CCN(C(=O)COCc2ccccc2)CC1,94.0
N#Cc1cnc2c(ccn2-c2ccc(O[C@H]3O[C@H](CO)[C@@H](O)[C@H](O)[C@@H]3O)c(Cl)c2)c1,95.0
N=C(N)c1ccc(CNC(=O)[C@@H]2CCCN2C(=O)[C@@H](NCC(=O)O)C(c2ccccc2)c2ccccc2)s1,49.2
N=C(N)c1ccc(CNC(=O)[C@@H]2CCN2C(=O)[C@H](NCC(=O)O)C2CCCCC2)cc1,15.3
N=C(NCCCOc1ccc(F)cc1)Nc1ccc(Cl)cc1,93.4
N=C(NCCCOc1ccc(F)cc1)Nc1ccc(I)cc1,96.6
N=C(c1ccc(C(=O)Nc2ccccc2C(=O)Nc2ccc(Cl)cn2)cc1)N1CCCCC1,89.0
NC(=O)C(=O)C(Cc1ccccc1)NC(=O)c1cccnc1-n1ccc(-c2ccc(F)cc2)n1,93.0
NC(=O)C(=O)C(Cc1ccccc1)NC(=O)c1cccnc1-n1ccc(-c2ccccc2)n1,93.0
NC(=O)CN1CCN(Cc2nc(-c3cn(CC4CCOCC4)c4c(Cl)cccc34)no2)CC1,96.0
NC(=O)Nc1ccc(-c2nc(NCc3ccccn3)c3c(-c4ccccc4)cccc3n2)cn1,99.5
NC(=O)Nc1cncc(-c2nc(NCc3ccccn3)c3c(-c4ccccc4)cccc3n2)c1,99.5
NC(=O)c1c(-c2ccccc2)[nH]c(-c2ccnc(N)n2)c1I,68.0
NC(=O)c1c(NC(=O)Nc2ccc(Cl)cc2)sc2c1CCN(CCCNC(=O)CCc1c[nH]c3ccccc13)C2,99.9
NC(=O)c1cc(-c2ccnc(N)n2)[nH]c1-c1ccc2sccc2c1,77.0
NC(=O)c1cc(-c2ccnc(N)n2)[nH]c1-c1ccccc1,64.0
NC(=O)c1cc(-c2ccnc(N)n2)[nH]c1-c1cccs1,68.0
NC(=O)c1cc(-c2ccnc(N)n2)[nH]c1-c1ccsc1,78.0
NC(=O)c1cc(-c2nc(N)ncc2F)[nH]c1-c1ccccc1,68.0
NC(=O)c1cc(Cl)c2c(Cl)c(C3CC3)n([C@H]3CCCNC3)c2n1,99.0
NC(=O)c1ccc(-c2cccc3nc(-c4cncnc4)nc(NCc4ccccn4)c23)cc1,99.0
NC(=O)c1ccc(-c2nc(NCc3ccccn3)c3c(-c4ccccc4)cccc3n2)cn1,99.0
NC(=O)c1ccccc1OCCCN1CCN(c2cccc3c2ccn3S(=O)(=O)c2ccccc2)CC1,99.0
NC(=O)c1cn(CC(=O)N2[C@@H]3C[C@@H]3C[C@H]2C(=O)Nc2cccc(Br)n2)c2ccccc12,86.9
NC(=O)c1cncc(-c2nc(NCc3ccccn3)c3c(-c4ccccc4)cccc3n2)c1,99.5
NC(=O)c1ncc(F)c2c(C(=O)C(=O)N3CCN(C(=O)c4ccccc4)CC3)c[nH]c12,96.0
NC(=O)c1nn(CC(=O)N2[C@@H]3C[C@@H]3C[C@H]2C(=O)Nc2cccc(Br)n2)c2ccccc12,92.0
NC(=O)n1cc(NC(=O)N2[C@@H]3C[C@@H]3C[C@H]2C(=O)Nc2cccc(Br)n2)c2ccccc21,96.4
NC(=O)n1cc(NC(=O)N2[C@@H]3C[C@@H]3C[C@H]2C(=O)Nc2cccc(C(F)(F)F)c2F)c2ccccc21,99.0
NC(=O)n1cc(NC(=O)N2[C@@H]3C[C@@H]3C[C@H]2C(=O)Nc2cccc(C(F)(F)F)n2)c2ccccc21,95.2
NC1CCc2c(Br)ccc(-c3ccccc3)c2CC1=O,99.0
NCCCn1c2c(c3ccc(N)cc3c1=O)C(=O)c1ccccc1-2,75.0
NCc1cc(Oc2cccc(C(=O)N3C[C@@H](O)[C@H](F)C3)c2)nc(C(F)(F)F)c1,68.0
NCc1cc(Oc2cccc(C(=O)Nc3ccccc3)c2)nc(C(F)(F)F)c1,96.0
NS(=O)(=O)Nc1cncc(-c2nc(NCc3ccccn3)c3c(-c4ccccc4)cccc3n2)c1,99.5
NS(=O)(=O)c1cc(C(=O)O)c(NCc2ccco2)cc1Cl,98.7
NS(=O)(=O)c1cc2c(cc1Cl)NCNS2(=O)=O,58.0
NS(=O)(=O)c1ccc(-c2nc(NCc3ccccn3)c3c(-c4ccccc4)cccc3n2)cn1,99.5
NS(=O)(=O)c1cncc(-c2nc(NCc3ccccn3)c3c(-c4ccccc4)cccc3n2)c1,99.0
N[C@@H](CC(=O)N1CCn2c(nnc2C(F)(F)F)C1)Cc1cc(F)c(F)cc1F,47.0
Nc1c(-c2ccccc2)nn(-c2nc(C(=O)O)cs2)c1-c1ccccc1,99.0
Nc1c(C(=O)NCC(O)(CN(CCF)C(=O)c2c(F)cccc2F)C(F)(F)F)cnn1-c1ccc(F)cc1,93.0
Nc1c(C(=O)NCC(O)(CN(CCO)C(=O)c2c(Cl)cccc2Cl)C(F)(F)F)cnn1-c1ccc(F)cc1,93.0
Nc1c(C(=O)NCC(O)(CN(CCO)C(=O)c2c(F)cccc2F)C(F)(F)F)cnn1-c1ccc(F)cc1,68.0
Nc1c2c(nc3ccccc13)CCCC2,55.0
Nc1ccc(-c2ccc(Cn3cc(C(=O)O)c(=O)c4cccc(F)c43)cc2)cn1,95.3
Nc1ccc(-c2ccc(Cn3cc(C(=O)O)c(=O)c4cccc(F)c43)nc2)cn1,90.9
Nc1ccc(-c2cnc3[nH]cc(-c4ccc5[nH]ccc5c4)c3c2)cn1,98.4
Nc1cccc(-c2ccc(Cn3cc(C(=O)O)c(=O)c4cccc(F)c43)cc2)c1,96.4
Nc1cccc(-c2ccc(Cn3cc(C(=O)O)c(=O)c4cccc(F)c43)cn2)c1,93.5
Nc1cccc(-c2ccc(Cn3cc(C(=O)O)c(=O)c4cccc(F)c43)nc2)c1,95.5
Nc1cccc(-c2ccc(Cn3cc(C(=O)O)c(=O)c4sccc43)nc2)c1,88.3
Nc1ncc(-c2cnc3[nH]cc(-c4ccc5[nH]ccc5c4)c3c2)cn1,97.6
Nc1ncc(-c2nc(NCc3ccccn3)c3c(-c4ccccc4)cccc3n2)cn1,99.5
O=C(C(=O)N1CCN(C(=O)c2ccccc2)CC1)c1c[nH]c2c(-c3cnco3)ncc(F)c12,99.2
O=C(C(=O)N1CCN(C(=O)c2ccccc2)CC1)c1c[nH]c2c(-n3ccnn3)ncc(F)c12,95.3
O=C(C(=O)N1CCN(C(=O)c2ccccc2)CC1)c1c[nH]c2c(-n3cncn3)ncc(F)c12,97.0
O=C(C1=C(c2ccc(CCCOc3c(F)ccc(F)c3Cl)cc2)C[C@@H]2CNC[C@H]1N2)N(Cc1cccc(Cl)c1Cl)C1CC1,99.0
O=C(C1CC(F)(F)C1)N1CCc2nc(C#Cc3ccccc3)sc2C1,98.9
O=C(C1CCC(F)(F)CC1)N1CC(c2nc(-c3cccc(Cl)c3)no2)C1,98.7
O=C(CC1(c2ccccc2)C2CC3CC1CC(C2)C3O)N1CC(O)C1,54.0
O=C(CNC(=O)c1cccc(C(F)(F)F)c1)N[C@H]1CN([C@H]2CC[C@@H](c3ccccc3)CC2)C[C@@H]1O,2.6
O=C(CO)NC1CCN(Cc2ccc(Oc3nc4ccccc4s3)cc2)CC1,95.0
O=C(COc1c(Cl)cc(Cl)cc1Cl)N/N=C/c1ccc[nH]1,98.8
O=C(CSc1nnc(Br)n1-c1ccc(C2CC2)c2ccccc12)Nc1ccc(C(=O)O)cc1Cl,99.0
O=C(N1CCCC1)N1CCc2nc(C#Cc3ccccc3)sc2C1,97.6
O=C(NC1CC1)c1ccc(-c2ccc(Cn3cc(C(=O)O)c(=O)c4cccc(F)c43)cc2)cc1,98.1
O=C(NC1CCC1)c1ccc(C#Cc2cccc(F)c2)cn1,99.0
O=C(NC1CCCC1)C1CCN(c2nc3cc(Cl)ccc3o2)CC1,99.5
O=C(NCC(F)(F)F)c1ccc(-c2cccc3nc(-c4cncnc4)nc(NCc4ccccn4)c23)cc1,99.5
O=C(NCC1(N2CCN(c3ccccc3)CC2)CCOCC1)c1cccnc1Sc1ccccc1,97.8
O=C(NCCO)c1cccc(-c2ccc(Cn3cc(C(=O)O)c(=O)c4cccc(F)c43)cc2)c1,97.6
O=C(NCCc1ccccc1Cl)c1cc(-n2ncc(=O)[nH]c2=O)ccc1Cl,99.5
O=C(NC[C@@H](O)CN1CCC(Oc2ccc(Cl)c(Cl)c2)CC1)c1c[nH]c(=O)c2ccccc12,98.0
O=C(NC[C@@H](O)CN1CCC(Oc2ccc(Cl)c(Cl)c2)CC1)c1c[nH]c(=O)cc1C(F)(F)F,89.0
O=C(NC[C@@H](O)CN1CCC(Oc2ccc(Cl)c(Cl)c2)CC1)c1c[nH]nc1C(F)(F)F,98.0
O=C(NC[C@@H](O)CN1CCC(Oc2ccc(Cl)c(Cl)c2)CC1)c1c[nH]nc1C1CC1,96.0
O=C(NCc1ccc(F)cc1)C1C(=O)N(O)C(=O)c2ccccc21,99.9
O=C(NCc1ccc(F)cc1)c1cnn2c1N[C@@H](c1ccc(N3CCOCC3)cc1)C[C@H]2C(F)(F)F,98.2
O=C(NCc1ccc(F)cc1)c1cnn2c1N[C@@H](c1ccc(OC3COC3)cc1)C[C@H]2C(F)(F)F,97.3
O=C(NCc1ccc(F)cc1)c1ncc2cccnc2c1O,99.2
O=C(NOCCO)c1ccc2cncn2c1Nc1ccc(I)cc1F,99.5
O=C(NOCCO)c1ccn2cncc2c1Nc1ccc(I)cc1F,98.5
O=C(NOCCO)c1ncc2cncn2c1Nc1ccc(I)cc1F,91.0
O=C(N[C@@H](CC1CCCCC1)C(=O)N[C@@H](C[C@@H]1CCNC1=O)C(O)S(=O)(=O)[O-])OCc1cccc(Cl)c1,96.0
O=C(N[C@@H]1C2CCN(CC2)[C@H]1Cc1cccnc1)c1cc2ccccc2o1,60.0
O=C(N[C@@H]1CCC[C@@H](NC(=O)c2cccc(Cl)c2)C1)c1cccc(F)c1,96.1
O=C(N[C@@H]1CCC[C@@H](NC(=O)c2ccccn2)C1)c1cccc(Cl)c1,93.5
O=C(N[C@@H]1CCC[C@H](O)C1)c1noc(-c2ccc(C(F)(F)F)cc2)c1CNC1CC1,88.2
O=C(N[C@@H]1CCC[C@H](O)C1)c1noc(-c2ccc(C(F)(F)F)cc2)c1CO,91.9
O=C(N[C@@H]1CCC[C@H](O)C1)c1noc(-c2ccc(C(F)(F)F)cc2)c1Cl,99.0
O=C(N[C@@H]1CCCc2cc(CN3CCCCC3)ccc21)[C@H](O)[C@H](O)CS(=O)(=O)c1ccc2ccccc2c1,97.54
O=C(N[C@@H]1CCCc2cc(CN3CCCCC3)ccc21)[C@H](O)[C@H](O)CS(=O)(=O)c1cccc(C(F)(F)F)c1,71.79
O=C(N[C@H]1CCCC[C@@H]1O)c1cc(CN2CCN(c3cc4ccccc4cn3)CC2)c2ccccn2c1=O,91.3
O=C(N[C@H]1CCCC[C@@H]1O)c1cc(CN2CCN(c3cc4scnc4cn3)CC2)c2ccccn2c1=O,91.8
O=C(N[C@H]1CCC[C@@H]1COc1ccccc1)C1CCN(c2nc3cc(Cl)ccc3o2)CC1,99.0
O=C(N[C@H]1CCNC1=O)c1cnc2cc(C3CC3)ncc2c1,43.0
O=C(N[C@H]1CCNC1=O)c1cnc2cc(N3CCC3)ncc2c1,59.0
O=C(N[C@H]1CCNC1=O)c1cnc2nc(C3CC3)c(Cl)cc2c1,81.0
O=C(Nc1cc(-c2cc3c([nH]2)C2(CCCNC2)CNC3=O)ccn1)c1ccc2ccccc2c1,99.6
O=C(Nc1cc(-c2cc3c([nH]2)C2(CCCNC2)CNC3=O)ccn1)c1cccc(OC(F)(F)F)c1,98.7
O=C(Nc1cc(-c2cc3c([nH]2)C2(CCNC2)CNC3=O)ccn1)c1ccc2ccccc2c1,99.8
O=C(Nc1cc(-c2cc3c([nH]2)C2(CCNC2)CNC3=O)ccn1)c1cccc(OC(F)(F)F)c1,98.3
O=C(Nc1cc(-c2cc3c([nH]2)C2(CCNCC2)CNC3=O)ccn1)c1ccc2ccccc2c1,99.7
O=C(Nc1cc(-c2cc3c([nH]2)C2(CCNCC2)CNC3=O)ccn1)c1cccc(OC(F)(F)F)c1,95.8
O=C(Nc1cc(C(F)(F)F)ccc1-n1cncn1)C1(c2ccccc2)CC1,99.0
O=C(Nc1cc(C(F)(F)F)no1)NC12CC3CC(CC(C3)C1)C2,99.6
O=C(Nc1ccc(C(F)(F)F)cc1)NC1CCN(C(=O)C2CC2)CC1,95.1
O=C(Nc1ccc(C2CCN(C(=O)[C@H]3CC[C@H](C(=O)O)CC3)CC2)cc1)c1nc(-c2ccccc2)oc1C(F)(F)F,0.7
O=C(Nc1ccc(F)c(F)c1F)NC1C2CC3CC(C2)CC1C3,98.8
O=C(Nc1ccc(NC(=O)c2ccccn2)cc1)c1ccc(O)c([N+](=O)[O-])c1,99.0
O=C(Nc1ccc(NC(=O)c2ccccn2)cc1)c1cccc(-c2c[nH]c(=O)[nH]c2=O)c1,98.1
O=C(Nc1ccc(S(=O)(=O)N2CCC(Cl)CC2)cc1)c1ccc([N+](=O)[O-])o1,99.0
O=C(Nc1ccc2c(c1)N(S(=O)(=O)c1ccc(F)cc1)CC2)c1c(F)cccc1F,99.0
O=C(Nc1ccc2c(c1)N(S(=O)(=O)c1ccc(F)cc1)CCC2)c1c(F)cccc1Cl,99.0
O=C(Nc1ccc2c(c1)N(S(=O)(=O)c1ccc(F)cc1)CCC2)c1c(F)cccc1F,99.0
O=C(Nc1ccc2c(c1)N(S(=O)(=O)c1ccc(F)cc1)CCC2)c1ccccc1Cl,99.0
O=C(Nc1ccc2c(ccn2-c2ccc(O[C@H]3O[C@H](CO)[C@@H](O)[C@H](O)[C@@H]3O)c(Cl)c2)c1)c1ccc(Cl)cc1,99.0
O=C(Nc1cccc(N2CCCCC2=O)c1)c1ccccc1Br,82.0
O=C(Nc1cccc(N2CCCS2(=O)=O)c1)c1ccccc1Br,91.0
O=C(Nc1cccnn1)N1CCC(=Cc2cccc(Oc3ccc(C(F)(F)F)cn3)c2)CC1,90.0
O=C(Nc1ccnc(NC(=O)C2CC2)c1)c1c(Cl)cccc1Cl,95.1
O=C(Nc1ccnc(NC(=O)[C@H]2C[C@H]2F)c1)c1c(Cl)cccc1Cl,97.5
O=C(Nc1ccnc(NC(=O)[C@H]2C[C@H]2F)c1)c1c(F)cccc1Cl,93.4
O=C(Nc1cnc(-c2ccncc2F)c(-c2cccnc2)n1)C1CC1,89.0
O=C(Nc1nc(-c2cccc(C(F)(F)F)c2F)cs1)c1cnc(N2CCC(C(=O)O)CC2)c(Cl)c1,99.5
O=C(Nc1nc2ccccc2s1)NC12CC3CC(CC(C3)C1)C2,99.8
O=C(Nc1ncc(Cl)s1)[C@H](CC1CCOCC1)n1ncc2c(S(=O)(=O)C3CC3)cccc21,99.96
O=C(Nc1ncc([N+](=O)[O-])s1)c1ccccc1O,97.5
O=C(Nc1nccs1)NC12CC3CC(CC(C3)C1)C2,99.1
O=C(Nc1nnc(C2CC2)o1)NC1C2CC3CC(C2)CC1C3,97.7
O=C(Nc1nnc(C2CCC2)o1)NC1C2CC3CC(C2)CC1C3,98.7
O=C(O)C1=Cc2cc(S(F)(F)(F)(F)F)cc(Br)c2O[C@@H]1C(F)(F)F,99.91
O=C(O)C1=Cc2cc(S(F)(F)(F)(F)F)cc(Br)c2O[C@H]1C(F)(F)F,99.95
O=C(O)C1=Cc2cc(S(F)(F)(F)(F)F)ccc2OC1C(F)(F)F,99.9
O=C(O)C1=Cc2cc(S(F)(F)(F)(F)F)ccc2O[C@@H]1C(F)(F)F,99.96
O=C(O)C1=Cc2ccc(S(F)(F)(F)(F)F)cc2OC1C(F)(F)F,99.94
O=C(O)CCCc1ccc(N(CCCl)CCCl)cc1,99.0
O=C(O)CC[C@H](NC(=O)c1ccc(N(CCCl)CCCl)cc1)C(=O)O,92.0
O=C(O)CCc1cc(F)c(OCc2c(-c3ccc(Cl)cc3)noc2C(F)(F)F)c(F)c1,99.93
O=C(O)CCc1cc(F)c(OCc2c(-c3ccccc3)noc2C(F)(F)F)c(F)c1,99.83
O=C(O)CCc1ccc(C#Cc2cc(Cl)nc(Cl)c2)cc1,96.9
O=C(O)CCc1ccc(OCc2nc(-c3ccc(Cl)cc3)no2)cc1,99.9
O=C(O)CCc1nc(-c2ccccc2)c(-c2ccccc2)o1,99.9
O=C(O)CCn1c(=O)oc2cc(Cl)c(Cl)cc21,98.2
O=C(O)CCn1c(=O)oc2cc(OC3CC3)c(Cl)cc21,96.9
O=C(O)CCn1c(=O)oc2cc(OCC3CC3)c(Cl)cc21,96.0
O=C(O)CCn1c(=O)oc2cc(OCC3CCC3)c(Cl)cc21,98.1
O=C(O)CCn1c(=O)oc2cc(OCc3ccccn3)c(Cl)cc21,92.6
O=C(O)CCn1c2c(c3ccccc31)C[C@H](NS(=O)(=O)c1ccc(F)cc1)CC2,97.5
O=C(O)C[C@H]1CCc2c1[nH]c1ccc(OCc3ccc(C4CCCC4)c(C(F)(F)F)c3)cc21,97.8
O=C(O)Cc1ccccc1Nc1c(Cl)cccc1Cl,99.5
O=C(O)[C@@H]1C[C@H](COc2cccc(F)c2)CN1,68.0
O=C(O)[C@@H]1C[C@H](Cc2cccc(F)c2)CN1,27.0
O=C(O)[C@@H]1C[C@H](OCc2ccc(Cl)cc2)CN1,83.0
O=C(O)[C@@H]1C[C@H](Oc2ccc(Cl)c(F)c2)CN1,95.0
O=C(O)[C@@H]1C[C@H](Oc2ccc3c(c2)OCC3)CN1,89.0
O=C(O)[C@@H]1C[C@H](Oc2cccc(Cl)c2)CN1,93.0
O=C(O)[C@@H]1C[C@H](Sc2cccc(Cl)c2)CN1,84.0
O=C(O)c1cc(CN2CCC(c3nc4ccccc4[nH]3)CC2)c2ccccn2c1=O,82.0
O=C(O)c1cc(CN2CCC(n3cnc4ccccc43)CC2)c2ccccn2c1=O,79.0
O=C(O)c1cc(CN2CCN(c3ccc(Br)cc3)CC2)c2ccccn2c1=O,93.5
O=C(O)c1cc(CN2CCN(c3ccc(C(F)(F)F)cc3)CC2)c2ccccn2c1=O,95.1
O=C(O)c1cc(CN2CCN(c3ccccc3)C(=O)C2)c2ccccn2c1=O,52.1
O=C(O)c1cc(CN2CCN(c3ccccc3)CC2)c2ccccn2c1=O,74.0
O=C(O)c1cc(CN2CCc3cc(Cl)ccc3C2)c2ccccn2c1=O,98.0
O=C(O)c1cc(CN2CCc3ccccc3C2c2ccncc2)c2ccccn2c1=O,96.0
O=C(O)c1cc(Cc2ccc(-c3ccccn3)cc2)c2ccccn2c1=O,100.0
O=C(O)c1cc(Cc2ccc(-c3cccnc3)cc2)c2ccccn2c1=O,99.7
O=C(O)c1cc(Cc2ccc(Cl)cc2)c2ccccn2c1=O,100.0
O=C(O)c1cc(Cc2ccccc2)c2ccccn2c1=O,100.0
O=C(O)c1ccc(-c2nc(C(=O)c3c(Cl)cccc3C(F)(F)F)n3ccccc23)cc1O,99.0
O=C(O)c1ccc(-c2nc(C(=O)c3c(Cl)cccc3C3CC3)n3cccnc23)cc1O,99.0
O=C(O)c1ccc(Oc2ccc(CN3CCC(N4C(=O)N(C5CCOCC5)C[C@H]4c4cccc(Cl)c4)CC3)cn2)cc1,94.5
O=C(O)c1ccc(Oc2ccc(CN3CCC(N4C(=O)N(C5CCOCC5)C[C@H]4c4ccccc4)CC3)cc2)cc1,90.2
O=C(O)c1ccc(Oc2ccc(CN3CCC(N4C(=O)N(C5CCOCC5)C[C@H]4c4ccccc4)CC3)cn2)cc1,91.8
O=C(O)c1ccc(Sc2ccc(CN3CCC(N4C(=O)N(C5CCOCC5)C[C@H]4c4ccccc4)CC3)cn2)cc1,91.4
O=C(O)c1ccc(Sc2ncc(CN3CCC(N4C(=O)N(C5CCOCC5)C[C@H]4c4cccc(Cl)c4)CC3)cn2)cc1,96.4
O=C(O)c1cn(Cc2ccc(-c3ccc(Cl)nc3)nc2)c2c(F)cccc2c1=O,95.5
O=C(O)c1cn(Cc2ccc(-c3ccc(F)cc3)cn2)c2c(F)cccc2c1=O,98.1
O=C(O)c1cn(Cc2ccc(-c3ccc(F)cc3)nc2)c2c(F)cccc2c1=O,99.1
O=C(O)c1cn(Cc2ccc(-c3ccc(F)nc3)cn2)c2c(F)cccc2c1=O,97.6
O=C(O)c1cn(Cc2ccc(-c3ccc(F)nc3)nc2)c2c(F)cccc2c1=O,97.6
O=C(O)c1cn(Cc2ccc(-c3ccc4[nH]ccc4c3)cn2)c2c(F)cccc2c1=O,99.8
O=C(O)c1cn(Cc2ccc(-c3ccc4[nH]ccc4c3)nc2)c2c(F)cccc2c1=O,100.0
O=C(O)c1cn(Cc2ccc(-c3cccc(CO)n3)cc2)c2c(F)cccc2c1=O,94.2
O=C(O)c1cn(Cc2ccc(-c3cccc4[nH]ccc34)cc2)c2c(F)cccc2c1=O,99.8
O=C(O)c1cn(Cc2ccc(-c3cccc4cccnc34)cc2)c2cccc(F)c2c1=O,99.0
O=C(O)c1cn(Cc2ccc(-c3ccccc3)cc2)c2c(F)ccc(F)c2c1=O,99.6
O=C(O)c1cn(Cc2ccc(-c3ccccc3)cc2)c2c(F)cccc2c1=O,98.0
O=C(O)c1cn(Cc2ccc(-c3ccccc3)cc2)c2cccc(F)c2c1=O,99.2
O=C(O)c1cn(Cc2ccc(-c3ccccc3)cc2)c2ccccc2c1=O,99.5
O=C(O)c1cn(Cc2ccc(-c3ccccc3)cc2)c2ccsc2c1=O,98.7
O=C(O)c1cn(Cc2ccc(-c3ccccc3)cc2)c2ncccc2c1=O,99.2
O=C(O)c1cn(Cc2ccc(-c3ccccc3)cc2)c2nccnc2c1=O,97.7
O=C(O)c1cn(Cc2ccc(-c3ccccc3)cc2)c2sccc2c1=O,99.3
O=C(O)c1cn(Cc2ccc(-c3ccccc3)cc2Cl)c2ccccc2c1=O,99.9
O=C(O)c1cn(Cc2ccc(-c3ccccc3)cc2F)c2ccccc2c1=O,98.8
O=C(O)c1cn(Cc2ccc(-c3ccccc3)cn2)c2c(F)cccc2c1=O,98.4
O=C(O)c1cn(Cc2ccc(-c3ccccc3)nc2)c2c(F)cccc2c1=O,98.2
O=C(O)c1cn(Cc2ccc(-c3ccccc3)nn2)c2c(F)cccc2c1=O,98.4
O=C(O)c1cn(Cc2ccc(-c3cccnc3)cc2)c2cccc(F)c2c1=O,94.5
O=C(O)c1cn(Cc2ccc(-c3cccnc3)cn2)c2c(F)cccc2c1=O,95.1
O=C(O)c1cn(Cc2ccc(-c3cccnc3)nc2)c2c(F)cccc2c1=O,90.5
O=C(O)c1cn(Cc2ccc(-c3cccnc3)nn2)c2c(F)cccc2c1=O,68.0
O=C(O)c1cn(Cc2ccc(-c3cccs3)cn2)c2c(F)cccc2c1=O,98.1
O=C(O)c1cn(Cc2ccc(-c3ccnc(Cl)c3)cn2)c2c(F)cccc2c1=O,96.5
O=C(O)c1cn(Cc2ccc(-c3ccncc3)cc2)c2c(F)cccc2c1=O,97.6
O=C(O)c1cn(Cc2ccc(-c3cn[nH]c3)cc2F)c2cccc(F)c2c1=O,95.6
O=C(O)c1cn(Cc2ccc(-c3cn[nH]c3)cc2F)c2ccccc2c1=O,94.1
O=C(O)c1cn(Cc2ccc(-c3cncc(F)c3)cn2)c2c(F)cccc2c1=O,92.9
O=C(O)c1cn(Cc2ccc(-c3cncnc3)cc2)c2c(F)cccc2c1=O,87.3
O=C(O)c1cn(Cc2ccc(-n3cccn3)cc2)c2ccsc2c1=O,86.0
O=C(O)c1cn(Cc2ccc(-n3cccn3)cc2)c2ncccc2c1=O,93.9
O=C(O)c1cn(Cc2ccc(-n3ccnc3)cc2)c2ccsc2c1=O,80.1
O=C(O)c1cn(Cc2ccc3[nH]ncc3c2)c2cccc(F)c2c1=O,65.9
O=C(O)c1cn(Cc2ccc3c(c2)CCC3O)c2cccc(F)c2c1=O,67.6
O=C(O)c1cn(Cc2ccc3c(c2)OCCO3)c2cccc(F)c2c1=O,80.4
O=C(O)c1cn(Cc2ccc3ccccc3c2)c2c(F)ccc(F)c2c1=O,100.0
O=C(O)c1cn(Cc2ccc3ccccc3c2)c2c(F)cccc2c1=O,99.6
O=C(O)c1cn(Cc2ccc3ccccc3c2)c2cccc(F)c2c1=O,96.7
O=C(O)c1cn(Cc2cnc(-c3ccccc3)cn2)c2c(F)cccc2c1=O,97.1
O=C(O)c1csc(-n2nc(-c3ccccc3)c3c2-c2ccccc2C3)n1,99.68
O=C(O)c1csc(-n2nc3c(c2-c2ccccc2)CCc2ccccc2-3)n1,99.88
O=C(O[C@@H]1COc2nc([N+](=O)[O-])cn2C1)N1CCN(c2ccc(OC(F)(F)F)cc2)CC1,91.0
O=C(O[C@@H]1Cc2c(O)cc(O)cc2O[C@@H]1c1cc(O)c(O)c(O)c1)c1cc(O)c(O)c(O)c1,85.0
O=C(O[C@@H]1Cc2c(O)cc(O)cc2O[C@@H]1c1ccc(O)c(O)c1)c1cc(O)c(O)c(O)c1,85.0
O=C([C@H]1CC2CCC1C2)N1CC(c2nc(-c3cccc(F)c3)no2)C1,99.3
O=C([O-])c1ccc(-c2ccc(Cl)c(O[C@H]3O[C@H](CO)[C@@H](O)[C@H](O)[C@@H]3O)c2)cc1,87.0
O=C([O-])c1ccc(-c2ccc(O[C@H]3O[C@H](CO)[C@@H](O)[C@H](O)[C@@H]3O)c(Cl)c2)cc1,89.0
O=C([O-])c1ccc(-c2ccc(O[C@H]3O[C@H](CO)[C@@H](O)[C@H](O)[C@@H]3O)cc2)cc1,73.0
O=C([O-])c1ccc(-c2ccc(O[C@H]3O[C@H](CO)[C@@H](O)[C@H](O)[C@@H]3O)cc2Cl)cc1,83.0
O=C([O-])c1ccc(-c2cccc(O[C@H]3O[C@H](CO)[C@@H](O)[C@H](O)[C@@H]3O)c2)cc1,81.0
O=C([O-])c1ccc2c(ccn2-c2ccc(O[C@H]3O[C@H](CO)[C@@H](O)[C@H](O)[C@@H]3O)c(Cl)c2)c1,93.0
O=C(c1ccc(Cl)cc1NS(=O)(=O)c1cccc2nsnc12)N1CCCCC1,99.5
O=C(c1ccccc1)c1ccc2n1CCC2C(=O)O,99.2
O=C(c1cccn2ccnc12)N1CCN(CCc2ccc(F)cc2F)CC1,67.4
O=C1C(NS(=O)(=O)/C=C/c2ccc(Cl)s2)CCN1c1ccc(-n2ccnc2CN2CCC(F)C2)cc1F,94.0
O=C1C(NS(=O)(=O)/C=C/c2ccc(Cl)s2)CCN1c1ccc(-n2ccnc2CN2CCCC2)cc1F,92.0
O=C1C(NS(=O)(=O)/C=C/c2ccc(Cl)s2)CCN1c1ccc(-n2ccnc2CN2CCOCC2)cc1F,87.9
O=C1C(O)=C([C@H]2CC[C@H](c3ccc(Cl)cc3)CC2)C(=O)c2ccccc21,87.0
O=C1C2=Nc3ccccc3CN2c2ccc(Cl)cc21,98.7
O=C1CC(=O)N(CCc2ccccc2)C(=O)N1CCc1ccccc1,90.0
O=C1CCc2cc(-c3cccnc3)ccc21,22.0
O=C1CCc2cc(-c3cccnc3)ccc2C1,24.0
O=C1CCc2cc(-c3cccnc3)ccc2N1,61.0
O=C1COCCN1c1ccc(C2CC(c3ccc([N+](=O)[O-])o3)=NO2)cc1,64.3
O=C1COCCN1c1ccc(C2CC(c3ccc([N+](=O)[O-])o3)=NO2)cc1F,70.8
O=C1COCCN1c1ccc(C2CC(c3ccc([N+](=O)[O-])o3)=NO2)cn1,60.2
O=C1Cc2cc(Cn3cc(C(=O)O)c(=O)c4c(F)cccc43)ccc2N1,72.5
O=C1c2cc(C(=O)N3CCCCC3)ccc2-n2c1nc1ccccc1c2=O,98.9
O=C1c2cc(Cl)ccc2-n2c1nc1ncccc1c2=O,94.9
O=C1c2cc([N+](=O)[O-])ccc2-n2c1nc1ccccc1c2=O,96.9
O=C1c2ccc(Cl)cc2-n2c1nc1ccccc1c2=O,99.0
O=C1c2ccccc2-n2c1nc1c(c2=O)CCCC1,95.7
O=C1c2ccccc2-n2c1nc1ccccc1c2=O,95.9
O=C1c2oc(-c3ccc(Cl)cc3)cc2Cc2cc(N3CCNCC3)ccc2N1Cc1ccccc1-c1cncnc1,98.4
O=C[C@H](C[C@@H]1CCNC1=O)NC(=O)[C@H](CC1CCCCC1)NC(=O)OCc1cccc(Cl)c1,98.0
O=S(=O)(NCCO)c1ccc(-c2ccnc3[nH]c(C4CC4)cc23)cc1,93.4
O=S(=O)(Nc1cc(Cl)ccc1Cn1ccnn1)c1ccc(Cl)c(Cl)c1,99.75
O=S(=O)(c1cccc(Nc2nc(-c3cncnc3)nc3cccc(-c4ccccc4)c23)c1)N1CCOCC1,99.5
O=S1(=O)CCC(Oc2ccc3c(c2)CCC2(CCN(C4CCC4)CC2)O3)CC1,77.0
O=[N+]([O-])c1ccc(C2=NOC(c3ccc(N4CCOCC4)c(F)c3)C2)o1,93.4
O=[N+]([O-])c1ccc(C2=NOC(c3ccc(N4CCOCC4)cc3)C2)o1,96.2
O=[N+]([O-])c1ccc(C2=NOC(c3ccc(N4CCOCC4)nc3)C2)o1,96.7
O=[N+]([O-])c1ccc(C2=NOC(c3ccc(N4CCSCC4)cc3)C2)o1,98.5
O=[N+]([O-])c1ccc(C2=NOC(c3ccc(N4CC[S+]([O-])CC4)cc3)C2)o1,77.7
O=[N+]([O-])c1ccc2c(c1)CCN2c1ccc(O[C@H]2O[C@H](CO)[C@@H](O)[C@H](O)[C@@H]2O)c(Cl)c1,99.0
O=[N+]([O-])c1ccc2c(c1)CCN2c1ccc(O[C@H]2O[C@H](CO)[C@@H](O)[C@H](O)[C@@H]2O)cc1,95.0
O=[N+]([O-])c1ccc2c(ccn2-c2ccc(O[C@H]3O[C@H](CO)[C@@H](O)[C@H](O)[C@@H]3O)c(Cl)c2)c1,99.0
O=[N+]([O-])c1ccc2c(ccn2-c2ccc(O[C@H]3O[C@H](CO)[C@@H](O)[C@H](O)[C@@H]3O)c(F)c2)c1,95.0
O=[N+]([O-])c1cn2c(n1)OC[C@@H](OCc1ccc(OC(F)(F)F)cc1)C2,94.0
O=[N+]([O-])c1cn2c(n1)OC[C@H](Oc1ccc(OC(F)(F)F)cc1)C2,85.2
O=[N+]([O-])c1cn2c(n1)O[C@@H](COc1ccc(-c3ccc(F)cc3)nc1)CC2,96.5
O=c1[nH]c(=O)c(Cc2cccc(C(F)(F)F)c2)c([C@H]2CC[C@@H](c3ccccc3)CC2)[nH]1,99.9
O=c1[nH]ccc2cc(O[C@H]3CCCNC3)ccc12,6.0
O=c1cc(-c2ccc(N3CCCC3)cc2)oc2c1ccc1cc[nH]c12,99.9
O=c1cc(COc2cc(Cl)cc(Cl)c2)[nH][nH]1,98.0
O=c1ccc2ncc(F)c3c2n1C[C@@]3(O)CN1CCC(NCc2cc3c(cn2)OCCO3)CC1,22.25
OC(Cn1cncn1)(Cn1cncn1)c1ccc(F)cc1F,23.7
OCCCc1cc(-c2cncc(OC[C@@H]3CCN3)c2)on1,0.4
OCCN(CCO)c1nc(N2CCCCC2)c2nc(N(CCO)CCO)nc(N3CCCCC3)c2n1,90.0
OCCn1cc(-c2cnc3nnn(Cc4ccc5ncccc5c4)c3n2)cn1,84.0
OC[C@@H]1[C@@H](O)[C@H](O)[C@@H](O)CN1CCCCCCOC1CCCCCC1,71.0
OC[C@@H]1[C@@H](O)[C@H](O)[C@@H](O)CN1CCCCCCOCc1ccccc1,52.0
OC[C@@H]1[C@@H](O)[C@H](O)[C@@H](O)CN1CCCCCCOc1cc(F)ccc1F,74.0
OC[C@@H]1[C@@H](O)[C@H](O)[C@@H](O)CN1CCCCCCOc1cccc(C(F)(F)F)c1,93.0
OC[C@@H]1[C@@H](O)[C@H](O)[C@@H](O)CN1CCCCCCOc1cccc(F)c1,78.0
OC[C@H]1O[C@H](Oc2ccc(-c3cnc4[nH]ccc4c3)cc2Cl)[C@@H](O)[C@@H](O)[C@@H]1O,90.0
OC[C@H]1O[C@H](Oc2ccc(-n3ccc4cc(C(F)(F)F)ccc43)cc2Cl)[C@@H](O)[C@@H](O)[C@@H]1O,99.0
OC[C@H]1O[C@H](Oc2ccc(-n3ccc4cc(Cl)cnc43)cc2Cl)[C@@H](O)[C@@H](O)[C@@H]1O,96.0
OC[C@H]1O[C@H](Oc2ccc(-n3ccc4ccccc43)cc2Cl)[C@@H](O)[C@@H](O)[C@@H]1O,98.0
OC[C@H]1O[C@H](Oc2ccc(-n3ccc4ccccc43)cc2F)[C@@H](O)[C@@H](O)[C@@H]1O,98.0
OC[C@H]1O[C@H](Oc2ccc(N3CCc4ccccc43)cc2)[C@@H](O)[C@@H](O)[C@@H]1O,97.0
OC[C@H]1O[C@H](Oc2ccc(N3CCc4ccccc43)cc2Cl)[C@@H](O)[C@@H](O)[C@@H]1O,99.0
Oc1cc(O)c2c(c1)O[C@@H](c1ccc(O)c(O)c1)[C@H](O)C2,85.0
Oc1ccc(Nc2ncc(-c3ccncc3-c3ccccc3Cl)s2)cc1,100.0
[3H]C(C1=C(C)c2ccc(OCc3ccc(CCC)cc3OC)cc2CC1)N1CC(C(=O)O)C1,96.8
c1ccc(Nc2nc3c(s2)CCCc2n[nH]cc2-3)nc1,99.4
c1ccc(Nc2nc3c(s2)CCc2n[nH]cc2-3)nc1,99.2
c1ccc2oc(Oc3ccc(OCCN4CCCCC4)cc3)nc2c1,96.0
c1cnc(Nc2nc3c(s2)CCCc2n[nH]cc2-3)nc1,96.9
c1cnc(Nc2nc3c(s2)CCc2n[nH]cc2-3)nc1,96.4
