Molecule ChEMBL ID,Smiles,Standard Value
CHEMBL322553,CCOc1ccc(C(CC(N)=O)N2C(=O)c3ccccc3C2=O)cc1OCC,5600
CHEMBL126450,CCOC(=O)CCCn1cnc2cccc(Cl)c2c1=O,25000
CHEMBL126283,CCOC(=O)CCCCn1cnc2cc(OC)c(OC)cc2c1=O,6000
CHEMBL1567543,CC(C)n1c(SCCCc2ccccc2)nc2c1c(=O)[nH]c(=O)n2C,20000
CHEMBL1345225,C/C=C/Cn1c(SCc2ccc(Cl)cc2)nc2c1c(=O)[nH]c(=O)n2C,20000
CHEMBL170855,CCOC(=O)CCCn1c(=O)c2c(nc(S)n2C)n(C)c1=O,100000
CHEMBL174253,CCOC(=O)CCCn1c(=O)c2ccccc2n(C)c1=O,55000
CHEMBL172224,CCCn1c(=O)n(CCCC(=O)O)c(=O)c2nccnc21,200000
CHEMBL341012,CCOC(=O)CCCn1c(Nc2ccc(N=[N+]=[N-])cc2)nc2cc(OC)c(OC)cc2c1=O,50000
CHEMBL3936729,CCn1c(=O)c2cnc3c(OC)cccc3c2n(CCCF)c1=O,900
CHEMBL3986932,COc1cccc2c1ncc1c(=O)n(-c3ccc4c(c3)OCO4)c(=O)n(C3CCN(S(C)(=O)=O)CC3)c12,8
CHEMBL4110900,COc1cccc2c1ncc1c(=O)n(-c3cccc(Cl)c3)c(=O)n([C@@H]3CCNC3)c12,31
CHEMBL3642445,COc1ccc2c(c1)C(=O)N(C[C@@]1(C#Cc3ccc([C@@]4(CN)NC(=O)NC4=O)cc3)NC(=O)NC1=O)C2,122
CHEMBL3639391,Cn1cc(-c2ccc3c(c2)C(=O)N(C[C@@]2(C#Cc4cccnc4)NC(=O)NC2=O)C3)cn1,10000001
CHEMBL3640306,COc1ccc2c(c1)C(=O)N(C[C@@]1(C#Cc3ccc4c(c3)c(N)nn4CCN(C)C)NC(=O)NC1=O)C2,101
CHEMBL435014,CCOC(=O)CCCn1cnc2ccc(F)cc2c1=O,25000
CHEMBL320567,NC(=O)CC(c1ccccc1)N1C(=O)c2ccccc2C1=O,260000
CHEMBL109316,COc1ccc(C(CC(=O)O)N2C(=O)c3ccccc3C2=O)cc1OC,60000
CHEMBL1719080,CN(C(=O)c1ccccc1)C(c1ccccc1)c1c[nH]c2ccccc12,20000
CHEMBL1412853,Cc1ccc(S(=O)(=O)n2c(N)nc3ccccc32)cc1,20000
CHEMBL3740948,Nc1cccc(-n2cc(C(=O)N3CCN(C(=O)c4coc5ccccc5c4=O)CC3)c3ccccc32)c1,10000
CHEMBL4846484,CCCCCCCOCCNC(=O)[C@H](CCCCN)NCc1ccccc1,30000
CHEMBL4793685,c1ccc(-c2cccc3ccncc23)cc1,25300
CHEMBL127466,CCOC(=O)CCn1ccc2cc(OC)c(OC)cc2c1=O,50000
CHEMBL3971594,COC1C(COC(=O)CCC(=O)OC[C@H](NC(=O)OCC2c3ccccc3-c3ccccc32)C(=O)O)OC(O)[C@H](OCc2ccccc2)[C@H]1OCc1ccccc1,46000
CHEMBL327083,COC(=O)CC(c1ccc(OC)c(OC)c1)N1C(=O)c2cccc([N+](=O)[O-])c2C1=O,64000
CHEMBL124743,CCOC(=O)CCCn1cnc2ccccc2c1=O,25000
CHEMBL340346,CCOC(=O)CCCn1ccc2cc(O)c(O)cc2c1=O,2000
CHEMBL279785,CNC(=O)[C@@H](NC(=O)[C@H](CC(C)C)[C@H](O)C(=O)NO)C(C)(C)C,1001
CHEMBL4751792,CC(C)(O)c1ncc(-c2ccc3ncc(Cl)c(NCc4ccccc4)c3c2)cn1,25000
CHEMBL126806,CCOC(=O)CCCOc1nc(N(C)C)nc2cc(OC)c(OC)cc12,25000
CHEMBL11440,O=C1CCC(N2C(=O)c3c(F)c(F)c(F)c(F)c3C2=O)C(=O)N1,400
CHEMBL1397246,COc1ccc(-c2cc(N)n(S(=O)(=O)c3ccc(C(C)(C)C)cc3)n2)cc1OC,20000
CHEMBL1331314,CCCn1c(SCC(=O)Nc2nc3c(s2)CCCC3)nc2c1c(=O)n(C)c(=O)n2C,2120
CHEMBL172669,CCOC(=O)CCCCn1c(=O)c2c(ncn2C)n(C)c1=O,11000
CHEMBL171989,CCCn1c(=O)n(CCCC(=O)OCC)c(=O)c2c1ncn2C,5000
CHEMBL3806135,CC[C@H](C)[C@H](NC(=O)[C@H](Cc1c[nH]c2ccccc12)NC(=O)[C@H](CCC(=O)O)NC(=O)[C@H](CC(C)C)NC(=O)[C@@H](NC(=O)[C@H](CCSC)NC(=O)[C@H](CCCNC(=N)N)NC(=O)[C@H](C)NC(=O)[C@H](Cc1ccc(O)cc1)NC(=O)[C@H](CCC(N)=O)NC(=O)[C@H](CCC(=O)O)NC(=O)[C@H](C)NC(=O)[C@H](Cc1ccccc1)NC(=O)[C@H](Cc1c[nH]c2ccccc12)NC(=O)[C@H](CCCCN)NC(=O)[C@H](CCC(=O)O)NC(=O)[C@@H](N)CCC(N)=O)C(C)C)C(=O)N[C@@H](CCC(=O)O)C(=O)N[C@@H](CCCCN)C(=O)N[C@@H](CCC(=O)O)C(=O)N[C@@H](CC(C)C)C(=O)N[C@@H](CCCCN)C(=O)N[C@@H](CCC(=O)O)C(=O)N[C@@H](CO)C(=O)N[C@@H](CC(C)C)C(=O)O,20700
CHEMBL109264,COc1ccc(C(CC(=O)NCc2ccccc2)N2C(=O)c3ccccc3C2=O)cc1OC,84000
CHEMBL4128990,Cl.O=C1/C(=C/c2ccncc2)Cc2c(O)cccc21,2140
CHEMBL127144,CCOC(=O)CCCn1ccc2ccccc2c1=O,5000
CHEMBL127003,CCOC(=O)CCCCn1ccc2cc(OC)c(OC)cc2c1=O,21000
CHEMBL321032,N#Cc1cccc(C(CC(N)=O)N2C(=O)c3ccccc3C2=O)c1,89000
CHEMBL4779359,CN1CCN(Cc2ccc(-c3c[nH]c4ccncc34)c(OCCc3ccc(-c4cccc5ccncc45)cc3)c2)CC1,29
CHEMBL127192,CCOC(=O)CCCn1cnc2cc(F)c(F)cc2c1=O,25000
CHEMBL4868242,Cc1c(-c2ccc(NC(=O)c3c(F)cccc3F)cc2)cccc1-c1nn(C)c(=O)o1,694.5
CHEMBL4790350,CCC(Nc1c(Cl)cnc2ccc(-c3cnc(C(C)(C)O)nc3)cc12)c1ccccc1F,35
CHEMBL4748417,CC(C)C(Nc1c(Cl)cnc2ccc(-c3cnc(C(C)(C)O)nc3)cc12)c1ccccc1F,57
CHEMBL4755052,C[C@@H](Nc1c(Cl)cnc2ccc(-c3cnc(N4CCN(CC(=O)O)CC4)nc3)cc12)c1ccccc1F,115
CHEMBL1603938,Cc1ccc(C)c(SCC(=O)OC/C(O)=C(\C#N)c2nc3ccccc3[nH]2)c1,20000
CHEMBL1519375,C/C=C/Cn1c(SCCCc2ccccc2)nc2c1c(=O)[nH]c(=O)n2C,8490
CHEMBL172619,CCOC(=O)CCCn1c(=O)c2nc(-c3ccccc3)cnc2n(C)c1=O,200000
CHEMBL127154,CCOC(=O)CCCn1c(Nc2ccc(Br)cc2)nc2cc(OC)c(OC)cc2c1=O,50000
CHEMBL125674,CCOC(=O)CCCn1cc(Br)c2cc(OC)c(OC)cc2c1=O,51000
CHEMBL3931657,COc1cccc2c1ncc1c(=O)n(-c3cccc(Cl)c3)c(=O)n(C3CCN(C(=O)c4ccccc4)CC3)c12,1
CHEMBL169239,CCOC(=O)CCCn1c(=O)c2nccnc2n(C)c1=O,12000
CHEMBL3642557,COc1ccc2c(c1)C(=O)N(CC1(C#Cc3ccc(/N=C(\NC#N)NC4CC4)cc3)NC(=O)NC1=O)C2,268
CHEMBL3640355,COc1ccc2c(c1)C(=O)N(C[C@@]1(C#Cc3ccc(-c4nc(-c5cnn(C)c5)ccc4OC(=O)C(C)(C)C)cc3)NC(=O)NC1=O)C2,42.75
CHEMBL3640362,COc1ccc2c(c1)C(=O)N(C[C@@]1(C#Cc3cccc(N4CCSCC4)n3)NC(=O)NC1=O)C2,4316
CHEMBL3640370,COc1ccc2c(c1)C(=O)N(C[C@@]1(C#Cc3ccc(-c4ncccc4OC(=O)C(C)(C)C)cc3)NC(=O)NC1=O)C2,341.55
CHEMBL3640373,COc1ccc2c(c1)C(=O)N(C[C@@]1(C#Cc3ccc(-c4cnccc4OC)nc3)NC(=O)NC1=O)C2,5377
CHEMBL1287882,COc1ccc2c(c1)C(=O)N(C[C@@]1(C#Cc3ccc(N4CCNCC4)cc3)NC(=O)NC1=O)C2,205
CHEMBL3642434,COc1ccc2c(c1)C(=O)N(C[C@@]1(C#Cc3cncc(-c4ccc(N)nc4)c3)NC(=O)NC1=O)C2,513.5
CHEMBL3642457,COc1ccc2c(c1)C(=O)N(C[C@@]1(C#Cc3cncc(-c4csc(N)n4)c3)NC(=O)NC1=O)C2,811
CHEMBL3642476,COc1ccc2c(c1)C(=O)N(C[C@@]1(C#Cc3ccc(C(O)(O)C(F)(F)F)cc3)NC(=O)NC1=O)C2,257.8
CHEMBL3642480,COc1ccc2c(c1)C(=O)N(C[C@]1(C#Cc3cncc(C(=O)NN)c3)NC(=O)NC1=O)C2,1001
CHEMBL3642505,COc1ccc2c(c1)C(=O)N(C[C@@]1(C#Cc3ccc(/C(=N/O)N4CCCN(C(C)C)CC4)cc3)NC(=O)NC1=O)C2,47
CHEMBL3642511,COc1ccc2c(c1)C(=O)N(C[C@@]1(C#Cc3ccc(C(N=O)N4CCN(C)CC4)cc3)NC(=O)NC1=O)C2,65
CHEMBL3642512,COc1ccc2c(c1)C(=O)N(C[C@@]1(C#Cc3ccc(C(N=O)N4CCC(=O)CC4)cc3)NC(=O)NC1=O)C2,86
CHEMBL3642531,COc1ccc2c(c1)C(=O)N(C[C@@]1(C#Cc3cccnc3-c3cccnc3)NC(=O)NC1=O)C2,2113
CHEMBL3640322,COc1ccc2c(c1F)C(=O)N(C[C@@]1(C#Cc3ccc(C(CN)N4CCC(N)C4)cc3)NC(=O)NC1=O)C2,109
CHEMBL3640343,CCN1CCN(Cc2ccc(C#C[C@]3(CN4Cc5ccc(OC)c(F)c5C4=O)NC(=O)NC3=O)cn2)CC1,156
CHEMBL170267,CCOC(=O)c1ccc(Cn2c(=O)c3c(nc(S)n3C)n(C)c2=O)cc1,200000
CHEMBL126249,CCOC(=O)CCCn1c(Cl)nc2cc(OC)c(OC)cc2c1=O,48000
CHEMBL3741278,Nc1cccc(-n2cc(C(=O)N3CCN(C(=O)c4coc5ccccc5c4=O)CC3)c3cc(N)ccc32)c1,40000
CHEMBL3740564,O=C(NCCCNC(=O)c1cn(S(=O)(=O)c2ccccc2)c2ccccc12)c1coc2ccccc2c1=O,20000
CHEMBL72511,CNC(=O)[C@@H](NC(=O)[C@H](c1ccc(OC)cc1)[C@H](CO)C(=O)NO)C(C)(C)C,48
CHEMBL4783749,C[C@@H](Nc1c(Cl)cnc2ccc(-c3cnc(C(C)(C)O)nc3)cc12)c1cc(N)ccc1F,37
CHEMBL4787001,C[C@@H](Nc1c(Cl)cnc2ccc(-c3cnc(C(C)(C)O)nc3)cc12)c1ccccc1F,110
CHEMBL4742834,CC(Nc1c(Cl)cnc2ccc(-c3cnc(C(C)(C)O)nc3)cc12)c1ccc(F)cc1,840
CHEMBL1525854,COc1ccc(-c2cc(=O)oc3cc(OCC(=O)Nc4ccc(CCO)cc4)ccc23)cc1,20000
CHEMBL1595790,Cc1ccc2oc(N=C(N)NC(=O)C(C)(C)C)nc2c1,39.1
CHEMBL1450208,Cc1ccc(C(=O)N2CCN(c3ccc(F)cc3)CC2)cc1S(=O)(=O)N1CCCCC1,9820
CHEMBL263480,CCOC(=O)CCCn1c(=O)c2nsnc2n(C)c1=O,25000
CHEMBL127990,COc1cc2ccnc(NCCO)c2cc1OC,55000
CHEMBL126434,COc1cc2ccnc(Nc3cccc(Cl)c3)c2cc1OC,33000
CHEMBL127989,CCOC(=O)CCCn1c(N)nc2cc(OC)c(OC)cc2c1=O,25000
CHEMBL1567543,CC(C)n1c(SCCCc2ccccc2)nc2c1c(=O)[nH]c(=O)n2C,20000
CHEMBL1519375,C/C=C/Cn1c(SCCCc2ccccc2)nc2c1c(=O)[nH]c(=O)n2C,18200
CHEMBL1731457,Nc1nc2ccccc2n1S(=O)(=O)c1cccc2ccccc12,20000
CHEMBL1702238,N#Cc1ccc(S(=O)(=O)n2c(N)nc3ccccc32)cc1,20000
CHEMBL3740051,CN(CCN(C)C(=O)c1cn(S(=O)(=O)c2cccc(N)c2)c2ccccc12)C(=O)c1coc2ccccc2c1=O,25000
CHEMBL3640416,CCN1CCN(C(=O)C2CCC(=O)N2c2ccc(OC)c(C#C[C@]3(CN4Cc5ccc(OC)cc5C4=O)NC(=O)NC3=O)n2)CC1,3363
CHEMBL3642464,COc1ccc2c(c1)C(=O)N(C[C@@]1(C#Cc3cncc(NS(C)(=O)=O)c3)NC(=O)NC1=O)C2,386
CHEMBL3642471,COc1ccc2c(c1Cl)C(=O)N(CC1(C#Cc3cccnc3)NC(=O)NC1=O)C2,1001
CHEMBL3642477,COc1ccc2c(c1)C(=O)N(C[C@@]1(C#Cc3ccc(-c4noc(C)n4)cc3)NC(=O)NC1=O)C2,2430
CHEMBL3642495,COc1ccc2c(c1)C(=O)N(C[C@@]1(C#Cc3cccc(C(N=O)N4CCOCC4)c3)NC(=O)NC1=O)C2,274
CHEMBL3642497,CCN1CCN(C(N=O)c2cncc(C#C[C@]3(CN4Cc5ccc(OC)cc5C4=O)NC(=O)NC3=O)c2)CC1,435
CHEMBL3640312,COc1ccc2c(c1)C(=O)N(C[C@@]1(C#Cc3ccc4c(=O)[nH][nH]c4c3)NC(=O)NC1=O)C2,156
CHEMBL3640398,COc1ccc2c(c1)C(=O)N(CC1(C#Cc3cccc4c3CCC43NC(=O)NC3=O)NC(=O)NC1=O)C2,1000
CHEMBL3740702,O=C(c1coc2ccccc2c1=O)N1CCN(C(=O)c2cn(S(=O)(=O)c3ccccc3)c3ccccc23)CC1,15000
CHEMBL3742137,Cc1cc2occ(C(=O)N(C)CCN(C)C(=O)c3cn(-c4cccc(C(F)(F)F)c4)c4ccccc34)c(=O)c2cc1C,60000
CHEMBL3740334,Nc1cccc(S(=O)(=O)n2cc(C(=O)N3CCN(C(=O)c4coc5ccccc5c4=O)CC3)c3ccccc32)c1,40000
CHEMBL3740080,O=C(c1coc2ccccc2c1=O)N1CCN(C(=O)c2cn(-c3cccc([N+](=O)[O-])c3)c3ccc([N+](=O)[O-])cc23)CC1,15000
CHEMBL3741940,O=C(c1coc2ccccc2c1=O)N1CCN(C(=O)c2cn(S(=O)(=O)c3cccc([N+](=O)[O-])c3)c3ccccc23)CC1,20000
CHEMBL3740334,Nc1cccc(S(=O)(=O)n2cc(C(=O)N3CCN(C(=O)c4coc5ccccc5c4=O)CC3)c3ccccc32)c1,20000
CHEMBL3740948,Nc1cccc(-n2cc(C(=O)N3CCN(C(=O)c4coc5ccccc5c4=O)CC3)c3ccccc32)c1,20000
CHEMBL129792,CCOC(=O)CCCn1cnc2ccc(Br)cc2c1=O,25000
CHEMBL3741275,CN(CCN(C)C(=O)c1cn(S(=O)(=O)c2cccc([N+](=O)[O-])c2)c2ccccc12)C(=O)c1coc2ccccc2c1=O,20000
CHEMBL3640319,COc1ccc2c(c1F)C(=O)N(C[C@@]1(C#Cc3ccc(C4(O)CCNCC4)cc3)NC(=O)NC1=O)C2,137
CHEMBL3640349,CCN1CCN(C(C)c2ccc(C#C[C@]3(CN4Cc5ccc(OC)c(F)c5C4=O)NC(=O)NC3=O)cc2)CC1,695.1
CHEMBL3640368,COc1ccc2c(c1F)C(=O)N(C[C@@]1(C#Cc3ccc(-c4nc(N5CCC(=O)CC5)ccc4O)cc3)NC(=O)NC1=O)C2,123.85
CHEMBL3642469,COc1ccc2c(c1)C(=O)N(C[C@@]1(C#Cc3ccc(C(N=O)c4ccc(F)cc4)cc3)NC(=O)NC1=O)C2,954
CHEMBL3642470,COc1ccc2c(c1)C(=O)N(C[C@@]1(C#Cc3ccc(C(N=O)C4CCN(C)CC4)cc3)NC(=O)NC1=O)C2,40
CHEMBL3642478,COc1ccc2c(c1)C(=O)N(C[C@@]1(C#Cc3cncc(-c4noc(C(N)=O)n4)c3)NC(=O)NC1=O)C2,712.9
CHEMBL4202770,CS(=O)(=O)c1ccc(-c2ccc3ncc(S(=O)(=O)N4CCC(C#N)(c5ccccc5)CC4)n3n2)cc1,8000
CHEMBL127478,CCOC(=O)CCCn1cc(C(C)=O)c2cc(OC)c(OC)cc2c1=O,15000
CHEMBL3971431,CCNC(=O)N1CCC(n2c(=O)n(-c3cccc(Cl)c3)c(=O)c3cnc4c(OC)cccc4c32)CC1,0.6
CHEMBL3917179,COc1cccc2c1ncc1c(=O)n(-c3ccc4c(c3)OCO4)c(=O)n(C3CCNCC3)c12,450
CHEMBL3740564,O=C(NCCCNC(=O)c1cn(S(=O)(=O)c2ccccc2)c2ccccc12)c1coc2ccccc2c1=O,40000
CHEMBL3639413,COc1ccc2c(c1)C(=O)N(C[C@@]1(C#Cc3ccc(C(=O)NS(C)(=O)=O)nc3)NC(=O)NC1=O)C2,1368
CHEMBL3640329,COc1ccc2c(c1)C(=O)N(C[C@@]1(C#Cc3ccc(C(=O)N4CCC(N5CCCCC5)CC4)cc3)NC(=O)NC1=O)C2,400.6
CHEMBL3640334,COc1ccc2c(c1F)C(=O)N(C[C@@]1(C#Cc3ccc(CN4CCc5ccc(F)cc5C4)nc3)NC(=O)NC1=O)C2,4980
CHEMBL3640338,CCN1CCN(c2ccc(OC)c(-c3ccc(C#C[C@]4(CN5Cc6ccc(OC)cc6C5=O)NC(=O)NC4=O)cc3)n2)CC1,573.3
CHEMBL3640344,COc1ccc2c(c1F)C(=O)N(C[C@@]1(C#Cc3ccc(CN4CCN(c5ccncc5)CC4)nc3)NC(=O)NC1=O)C2,228
CHEMBL3640363,COc1ccc2c(c1)C(=O)N(C[C@@]1(C#Cc3ccc(-c4cccc(N5CCSCC5)n4)cc3)NC(=O)NC1=O)C2,1000001
CHEMBL3640423,COc1ccc2c(c1)C(=O)N(C[C@@]1(C#Cc3ncc(C(N=O)N4CCN(c5cnccn5)CC4)cc3OC)NC(=O)NC1=O)C2,515
CHEMBL3640430,COc1ccc(N2CCC2=O)nc1C#C[C@]1(CN2Cc3ccc(OC)c(F)c3C2=O)NC(=O)NC1=O,1171
CHEMBL3741883,O=C(c1coc2ccccc2c1=O)N1CCN(Cc2cn(-c3cccc(C(F)(F)F)c3)c3ccccc23)CC1,20000
CHEMBL3644495,CCn1c(=O)c2cnc3c(Cl)cccc3c2n(C2CCCC2)c1=O,2500
CHEMBL3644503,COc1cccc2c1ncc1c(=O)n(-c3cccc(Cl)c3)c(=O)n([C@@H]3CCN(S(C)(=O)=O)C3)c12,29
CHEMBL3644496,CCCc1cccc2c1ncc1c(=O)n(CC)c(=O)n(C3CCCC3)c12,2600
CHEMBL4206211,O=S(=O)(NCC1CCCO1)c1cnc2ccc(-c3cncc(F)c3)nn12,4000
CHEMBL4211218,COc1ccc(-c2ccc3ncc(S(=O)(=O)NCC4CCCO4)n3n2)cn1,6000
CHEMBL4208563,CCN1CCN(S(=O)(=O)c2cnc3ccc(-c4ccc(OC)cc4)nn23)CC1,20000
CHEMBL4217242,CCN1CCN(S(=O)(=O)c2cnc3ccc(-c4cccnc4)nn23)CC1,15000
CHEMBL4203548,N#CC1(c2ccccc2)CCN(S(=O)(=O)c2cnc3ccc(Cl)nn23)CC1,25000
CHEMBL4207994,O=S(=O)(c1cnc2ccc(Cl)nn12)N1CCN(Cc2ccccc2)CC1,30000
CHEMBL4207908,O=S(=O)(c1cnc2ccc(Cl)nn12)N1CCN(c2ccccc2)CC1,30000
CHEMBL4212813,O=S(=O)(c1cnc2ccc(Cl)nn12)N1CCN(c2ccccn2)CC1,30000
CHEMBL4206575,NS(=O)(=O)c1cnc2ccc(Cl)nn12,28000
CHEMBL126867,CCOC(=O)CCCN1CNc2cc(N)ccc2C1=O,5000
CHEMBL3741926,O=C(c1ccc2ccccc2c1)N1CCN(Cc2cn(-c3cccc(C(F)(F)F)c3)c3ccccc23)CC1,40000
CHEMBL3640313,COc1ccc2c(c1)C(=O)N(C[C@@]1(C#Cc3ccc4c(N)nn(C)c4c3)NC(=O)NC1=O)C2,1114.5
CHEMBL3640394,COc1ccc2c(c1F)C(=O)N(C[C@@]1(C#Cc3ccc(C4(C(N)=O)CCN(C)CC4)cc3)NC(=O)NC1=O)C2,152
CHEMBL3640418,COc1ccc2c(c1)C(=O)N(C[C@@]1(C#Cc3ccc(-c4nnc(N)o4)cc3)NC(=O)NC1=O)C2,244
CHEMBL3642427,COc1ccc2c(c1)C(=O)N(C[C@@]1(C#Cc3nc(-c4ccc(C#N)nc4)ccc3OC)NC(=O)NC1=O)C2,10000001
CHEMBL4128842,Cl.O=C1/C(=C/c2ccncc2)Cc2cccc(O)c21,2250
CHEMBL4127754,Cl.O=C1/C(=C/c2cccnc2)Cc2ccc(O)cc21,2710
CHEMBL4127950,Cl.O=C1/C(=C/c2cccnc2)Cc2c(O)cccc21,4800
CHEMBL4748417,CC(C)C(Nc1c(Cl)cnc2ccc(-c3cnc(C(C)(C)O)nc3)cc12)c1ccccc1F,826
CHEMBL113442,COC(=O)CC(c1ccc(OC)c(OC)c1)N1C(=O)c2cccc(O)c2C1=O,15000
CHEMBL3953457,COc1cccc2c1ncc1c(=O)n(-c3cccc(S(C)(=O)=O)c3)c(=O)n(C3CCCC3)c12,280
CHEMBL3640364,COc1ccc2c(c1F)C(=O)N(C[C@@]1(C#Cc3ccc(-c4cccc(N5CCSCC5)n4)cc3)NC(=O)NC1=O)C2,4154
CHEMBL3640380,COc1ccc2c(c1)C(=O)N(C[C@@]1(C#Cc3ccc(-n4cncn4)cc3)NC(=O)NC1=O)C2,1140
CHEMBL3640385,COc1ccc2c(c1F)C(=O)N(C[C@@]1(C#Cc3ccc4c(c3)C3(CC4)NC(=O)NC3=O)NC(=O)NC1=O)C2,367
CHEMBL3640388,COc1ccc2c(c1)C(=O)N(C[C@@]1(C#Cc3ccc(Nc4c(N)c(=O)c4=O)cc3)NC(=O)NC1=O)C2,306
CHEMBL3642451,COc1ccc2c(c1)C(=O)N(C[C@@]1(C#Cc3ccc(C(=O)NO)cc3OC)NC(=O)NC1=O)C2,146
CHEMBL3642507,COc1ccc2c(c1)C(=O)N(C[C@@]1(C#Cc3ccc(C/N=N/c4ccccc4)cc3)NC(=O)NC1=O)C2,1224
CHEMBL3642530,COc1ccc2c(c1)C(=O)N(C[C@@]1(C#Cc3ccc(-c4cnn(C)c4)nc3)NC(=O)NC1=O)C2,1026
CHEMBL3958848,COc1cccc2c1ncc1c(=O)n(-c3cccc(C)c3)c(=O)n(C3CCC(C)CC3)c12,1
CHEMBL4649816,O=C1C[C@H](Nc2ncnc3[nH]cnc23)CN1Cc1ccccc1,109
CHEMBL3741761,Cc1cc2occ(CN3CCN(Cc4cn(-c5cccc(C(F)(F)F)c5)c5ccccc45)CC3)c(=O)c2cc1C,15000
CHEMBL3642444,COc1ccc2c(c1)C(=O)N(C[C@@]1(C#Cc3ccc([C@@]4(CN5Cc6ccc(OC)cc6C5=O)NC(=O)NC4=O)cc3)NC(=O)NC1=O)C2,849
CHEMBL3642448,COc1ccc2c(c1)C(=O)N(C[C@@]1(C#Cc3ccc(CCNC(=O)C(F)(F)F)s3)NC(=O)NC1=O)C2,930
CHEMBL3642452,COc1ccc2c(c1)C(=O)N(C[C@@]1(C#Cc3ccc(-n4ccnc4)cc3OC)NC(=O)NC1=O)C2,786
CHEMBL3642449,COc1ccc2c(c1)C(=O)N(C[C@@]1(C#Cc3ccc(C4=NCCN4)cc3)NC(=O)NC1=O)C2,227
CHEMBL171452,Cn1c(=O)[nH]c(=O)c2[nH]c(S)nc21,200000
CHEMBL126646,CCOC(=O)CCCn1c(Nc2ccccc2)nc2cc(OC)c(OC)cc2c1=O,25000
CHEMBL110110,COc1ccc(C(CCO)N2C(=O)c3ccccc3C2=O)cc1OC,7500
CHEMBL368515,Cn1c(=O)n(CCCC(=O)O)c(=O)c2ccccc21,200000
CHEMBL1541475,N#C/C(=C(/O)COC(=O)CSc1ccc(Cl)cc1)c1nc2ccccc2[nH]1,20000
CHEMBL1730320,O=C(C1CC1)N1CCc2cc(S(=O)(=O)N3CCN(c4ccc(Cl)cc4)CC3)ccc21,20000
CHEMBL1500624,Cc1ccc(C(=O)Nc2sc3c(c2C(=O)O)CCCC3)o1,20000
CHEMBL1736760,N#Cc1ccc(C(=O)Nc2nc3ccccc3n2Cc2ccc(Cl)cc2)cc1,20000
CHEMBL1721154,COC(=O)c1c(NC(=O)c2cccc(F)c2)sc2c1CCC(C)C2,20000
CHEMBL1364793,CCC(=O)N1c2ccc(S(=O)(=O)N3CCN(c4ccc([N+](=O)[O-])cc4)CC3)cc2CC1C,4880
CHEMBL1732865,CN(C)c1ccc(C(=O)Nc2nc3ccccc3n2Cc2ccc(Cl)cc2)cc1,20000
CHEMBL1526705,O=C(CCc1ccccc1)Nc1sc2c(c1C(=O)O)CCCC2,20000
CHEMBL1528258,Cc1cccc(Nc2nc(N)nc(CCl)n2)c1,20000
CHEMBL4794492,CC(Nc1c(Cl)cnc2ccc(-c3cnc(C(C)(C)O)nc3)cc12)c1ccccc1C(F)(F)F,407
CHEMBL4745102,C[C@@H](Nc1ccnc2ccc(-c3cnc(C(C)(C)O)nc3)cc12)c1cc(N2CCCC2)ccc1F,25000
CHEMBL4758143,CC(Nc1c(Cl)cnc2c(Cl)cc(-c3cnc(C(C)(C)O)nc3)cc12)c1ccccc1F,25000
CHEMBL4748132,CC(Nc1c(Cl)cnc2cc(F)c(-c3cnc(C(C)(C)O)nc3)cc12)c1ccccc1F,64
CHEMBL4744981,CC(Nc1c(Cl)cnc2c(F)cc(-c3cnc(C(C)(C)O)nc3)cc12)c1ccccc1F,224
CHEMBL3913144,COc1cccc2c1ncc1c(=O)n(-c3cccc(Cl)c3)c(=O)n(C3CCCC3)c12,9
CHEMBL3955760,COc1cccc2c1ncc1c(=O)n(-c3cccc(Cl)c3)c(=O)n(C3CCN(S(=O)(=O)C(C)C)CC3)c12,0.4
CHEMBL3932863,COc1cccc2c1ncc1c(=O)n(-c3cccc(Cl)c3)c(=O)n(C3CCN(S(=O)(=O)N(C)C)CC3)c12,0.4
CHEMBL3640356,CCN1CCN(c2cccc(-c3ccc(C#C[C@]4(CN5Cc6ccc(OC)c(F)c6C5=O)NC(=O)NC4=O)cc3)n2)CC1,605.65
CHEMBL1288000,COc1ccc2c(c1)C(=O)N(C[C@@]1(C#Cc3ccc(-c4ncccc4O)cc3)NC(=O)NC1=O)C2,117
CHEMBL4208862,CCN1CCN(S(=O)(=O)c2cnc3ccc(-c4ccc(OC)nc4)nn23)CC1,20000
CHEMBL4216705,Nc1ncc(-c2ccc3ncc(S(N)(=O)=O)n3n2)cc1C(F)(F)F,4000
CHEMBL125787,COc1cc2ccnc(Nc3cccc(Br)c3)c2cc1OC,37000
CHEMBL3640409,COc1ccc2c(c1)C(=O)N(C[C@@]1(C#Cc3nc(C(=O)N4CCN(C)CC4)ccc3OC)NC(=O)NC1=O)C2,2961
CHEMBL3642443,COc1ccc2c(c1)C(=O)N(C[C@@]1(C#Cc3ccc(C4(CN5Cc6cc(O)ccc6C5=O)NC(=O)NC4=O)cc3)NC(=O)NC1=O)C2,419
CHEMBL3640314,COc1ccc2c(c1)C(=O)N(C[C@@]1(C#Cc3ccc4c(C)n[nH]c4c3)NC(=O)NC1=O)C2,2948
CHEMBL3640405,COc1ccc2c(c1)C(=O)N(C[C@@]1(C#Cc3ccc(N4C(=O)CCC4(C(=O)O)C(C)(C)O)nc3)NC(=O)NC1=O)C2,578
CHEMBL1731580,CC(C)C(=O)Nc1nc2ccccc2n1Cc1ccc(Cl)cc1,20000
CHEMBL57267,Cc1ccc2c(c1)sc(-c1ccc(N(C)C)cc1)[n+]2C,762
CHEMBL1567684,COc1ccc(CN(C)S(=O)(=O)c2nnc(NC(=O)c3cccc(F)c3)s2)cc1,8030
CHEMBL1426966,Cc1ccc(CSc2nc(O)c(C#N)c(-c3ccccc3)n2)cc1,8200
CHEMBL1732490,COC(=O)CC1=NN(c2nc3ccccc3s2)C(=O)/C1=C(/C)Nc1ccccc1,37.3
CHEMBL1387990,Cc1c(C(=O)OCC(=O)c2c(N)n(CC(C)C)c(=O)n(C)c2=O)oc2ccccc12,20000
CHEMBL1714724,COC(=O)c1c(NC(=O)c2ccc(Cl)cc2)sc2c1CCCC2,20000
CHEMBL1333554,CC(=O)Nc1nc2ccccc2n1Cc1ccc(Cl)cc1,20000
CHEMBL67930,Cc1ccc(-c2nc3ccccc3s2)cc1,20000
CHEMBL1382232,Cc1cc(SCC(=O)OC/C(O)=C(\C#N)c2nc3ccccc3[nH]2)c(C)cc1Br,20000
CHEMBL1725712,Cc1ccc(N2CCN(S(=O)(=O)c3ccc4c(c3)CC(C)N4C(=O)C3CC3)CC2)cc1,20000
CHEMBL111544,COC(=O)CC(c1ccc(OC)c(OC)c1)N1C(=O)c2c(Cl)ccc(Cl)c2C1=O,7900
CHEMBL1708503,Cn1nc(-c2ccc(Cl)cc2)cc1C(=O)NC1CCCc2c1cnn2-c1ccccc1F,2720
CHEMBL1565083,COc1ccccc1CNc1ncnc2sccc12,4190
CHEMBL4852939,CCCCCCCCCCCCCCOCC(CNC(=O)[C@H](CCCCN)NCc1ccccc1)OCCCCCCCCCCCCCC.Cl,30000
CHEMBL23150,O=C1/C(=C/c2ccncc2)Cc2ccccc21,5750
CHEMBL4130207,Cl.O=C1/C(=C/c2ccncc2)Cc2ccc(O)cc21,1990
CHEMBL4211883,Nc1ncc(-c2ccc3ncc(S(=O)(=O)N4CCN(c5ccccn5)CC4)n3n2)cc1C(F)(F)F,11000
CHEMBL423609,CCCCCCn1c(=O)c2c(n(C)c1=O)NC(O)N2,50000
CHEMBL1338507,Cc1cc(Br)ccc1SCC(=O)OC/C(O)=C(\C#N)c1nc2ccccc2[nH]1,20000
CHEMBL1489105,Oc1nc(/C=C/c2ccccc2C(F)(F)F)cc(C(F)(F)F)n1,11300
CHEMBL1710228,O=C(Nc1ccc(Cl)cc1)c1ccc(CCN2CCc3ccccc3C2)cc1,20000
CHEMBL354263,COC(=O)c1ccc(Cn2c(=O)c3c(ncn3C)n(C)c2=O)cc1,200000
CHEMBL3640302,O=C1NC(=O)[C@](C#Cc2cccnc2)(CN2Cc3ccc(I)cc3C2=O)N1,100001
CHEMBL3640305,COc1ccc2c(c1)C(=O)N(C[C@@]1(C#Cc3ccc(C(O)C4CCN(C)CC4)cc3)NC(=O)NC1=O)C2,244.5
CHEMBL3640307,COc1ccc2c(c1)C(=O)N(C[C@@]1(C#Cc3ccc4c(c3)c(N)nn4C)NC(=O)NC1=O)C2,2903.5
CHEMBL3640321,COc1ccc2c(c1)C(=O)N(C[C@@]1(C#Cc3ccc(C(CN)N4CCC(NC(=O)OC(C)(C)C)C4)cc3)NC(=O)NC1=O)C2,316
CHEMBL3640332,COc1ccc2c(c1F)C(=O)N(C[C@@]1(C#Cc3ccc(CN4CCSCC4)nc3)NC(=O)NC1=O)C2,587.5
CHEMBL3640367,COc1ccc2c(c1F)C(=O)N(C[C@@]1(C#Cc3ccc(-c4nc(-c5cccnc5)ccc4O)c(F)c3)NC(=O)NC1=O)C2,118.7
CHEMBL3640384,COc1ccc2c(c1)C(=O)N(C[C@@]1(C#Cc3ccc(-c4c(N)n[nH]c4C)cc3)NC(=O)NC1=O)C2,488
CHEMBL3640414,COc1ccc2c(c1)C(=O)N(C[C@@]1(C#Cc3ccc(-n4c(C)n[nH]c4=O)cc3)NC(=O)NC1=O)C2,243
CHEMBL3640429,COCCN1CCN(c2ccc(OC)c(C#C[C@]3(CN4Cc5ccc(OC)cc5C4=O)NC(=O)NC3=O)n2)CC1,5710.4
CHEMBL4204753,O=S(=O)(c1cnc2ccc(-c3cccnc3)nn12)N1CCN(c2ccccn2)CC1,11000
CHEMBL4204585,COc1cccc(CNS(=O)(=O)c2cnc3ccc(-c4cncc(C(F)(F)F)c4)nn23)c1,30000
CHEMBL1328062,Cc1ccc(O)c(N=Cc2cc(Cc3ccccc3)cc([N+](=O)[O-])c2O)c1,20000
CHEMBL1412853,Cc1ccc(S(=O)(=O)n2c(N)nc3ccccc32)cc1,20000
CHEMBL1299637,CC(C)(C)c1ccc(-c2noc(CCC(=O)NCc3ccco3)n2)cc1,6760
CHEMBL1462906,N#Cc1c(O)nc(SCc2cccc(C(F)(F)F)c2)nc1-c1ccccc1,8050
CHEMBL1611733,CCCCCCCn1c(=O)c(C(=O)Nc2cnccn2)c(O)c2ccccc21,3180
CHEMBL1732803,COc1ccc(F)c(-c2nc(CN3CCN(c4ncnc5ccccc45)CC3)c(C)o2)c1,3800
CHEMBL1487641,CC(=O)Nc1nc2ccccc2n1Cc1ccccc1,20000
CHEMBL1703493,CC(=O)Nc1nc2ccccc2n1S(=O)(=O)c1ccc(Cl)cc1,20000
CHEMBL1712964,COC(=O)CC1=NN(c2ccccc2)C(=O)/C1=C/Nc1ccc(C)cc1,20000
CHEMBL1501470,COc1ccc2oc(C[S+]([O-])c3ccccc3)c(C(=O)O)c2c1,20000
CHEMBL1393375,C=CCN(c1ccccc1OC)S(=O)(=O)c1ccc(Cl)c(C(=O)Nc2ccc(N3CCOCC3)cc2)c1,13200
CHEMBL1472084,COC(=O)c1scc(S(=O)(=O)C(C)C)c1NN=C(C#N)C(=O)c1ccc(Cl)cc1,10900
CHEMBL1734509,CN(C)c1ccc(NC(=O)c2ccc(CN3CCc4ccccc4C3)cc2)cc1,1830
CHEMBL1578700,O=C(c1ccc(S(=O)(=O)c2ccccc2Cl)c([N+](=O)[O-])c1)N1CCN(Cc2ccccc2)CC1,6580
CHEMBL4280147,Cc1nc(Nc2cnc3ccccc3c2)c(C)c(C)c1O,540
CHEMBL125632,CCOC(=O)CCCn1cc(F)c2cc(OC)c(OC)cc2c1=O,20000
CHEMBL3805016,CC[C@H](C)[C@H](NC(=O)[C@H](CCC(N)=O)NC(=O)[C@H](Cc1ccccc1)NC(=O)[C@H](Cc1c[nH]c2ccccc12)NC(=O)[C@H](CCCCN)NC(=O)[C@H](Cc1c[nH]c2ccccc12)NC(=O)[C@H](Cc1ccccc1)NC(=O)[C@H](CCC(=O)O)NC(=O)[C@H](CCC(N)=O)NC(=O)[C@H](CC(C)C)NC(=O)[C@H](Cc1c[nH]c2ccccc12)NC(=O)[C@H](CCCCN)NC(=O)[C@H](CCCCN)NC(=O)[C@H](Cc1ccc(O)cc1)NC(=O)[C@H](CC(C)C)NC(=O)[C@H](CCC(=O)O)NC(=O)[C@H](CCC(=O)O)NC(=O)[C@H](CCC(N)=O)NC(=O)[C@H](CCC(N)=O)NC(=O)[C@@H](N)CCCNC(=N)N)C(=O)N[C@@H](C)C(=O)N[C@@H](CC(C)C)C(=O)N[C@@H](CCC(N)=O)C(=O)N[C@@H](CC(C)C)C(=O)N[C@@H](CC(=O)O)C(=O)O,32600
CHEMBL255489,Cc1cc2occ(CN(C)CCN(C)Cc3cn(-c4cccc(C(F)(F)F)c4)c4ccccc34)c(=O)c2cc1C,15000
CHEMBL1452157,C/C(Cl)=C\Cn1c(NCCc2ccccc2)nc2c1c(=O)n(C)c(=O)n2C,5210
CHEMBL1336829,CCCCn1c(SCC(=O)Nc2nnc(CC)s2)nc2c1c(=O)n(C)c(=O)n2C,13100
CHEMBL3640348,CCN1CCN(Cc2ccc(C#C[C@]3(CN4Cc5ccc(OC)c(F)c5C4=O)NC(=O)NC3=O)cc2F)CC1,249.8
CHEMBL3642441,COc1ccc2c(c1F)C(=O)N(C[C@@]1(C#Cc3ccc4c(c3)CCC43NC(=O)NC3=O)NC(=O)NC1=O)C2,186
CHEMBL3642499,CCCCN1CCN(/C(=N/O)c2ccc(C#C[C@]3(CN4Cc5ccc(OC)cc5C4=O)NC(=O)NC3=O)cc2)CC1,74
CHEMBL3640335,COc1ccc2c(c1)C(=O)N(C[C@@]1(C#Cc3ccc(-c4ccccc4O)cc3)NC(=O)NC1=O)C2,652.1
CHEMBL3642529,COc1ccc2c(c1)C(=O)N(C[C@@]1(C#Cc3ccc(-c4c(C)nn(C)c4C)nc3)NC(=O)NC1=O)C2,9028
CHEMBL3642547,COc1ccc2c(c1)C(=O)N(CC1(C#Cc3cccnc3NCCN(C)C)NC(=O)NC1=O)C2,1996
CHEMBL3642556,COc1ccc2c(c1)C(=O)N(C[C@@]1(C#Cc3ccc(-c4cn[nH]c4N)cc3)NC(=O)NC1=O)C2,236
CHEMBL3952484,CCn1c(=O)c2cnc3c(OC)cccc3c2n(C2CCCC2)c1=O,180
CHEMBL1542558,COc1ccc(NC(C)=O)cc1S(=O)(=O)Nc1ccc(OCc2ccccc2)cc1,18000
CHEMBL1717353,O=C(C1CC1)N1CCc2cc(S(=O)(=O)N3CCN(c4ccc([N+](=O)[O-])cc4)CC3)ccc21,12400
CHEMBL1449663,O=C(Nc1sc2c(c1C(=O)O)CCCC2)c1ccc(Cl)cc1,13400
CHEMBL1380813,Cc1oc(-c2ccccc2Cl)nc1CSc1nc(O)c2c(n1)CCCC2,3090
CHEMBL1531328,Cn1nccc1C(=O)NC1CCCc2c1cnn2-c1ccccc1F,4280
CHEMBL3892871,CCCn1c(=O)n(CC)c(=O)c2cnc3c(OC)cccc3c21,680
CHEMBL3969462,CCCCn1c(=O)n(CC)c(=O)c2cnc3c(OC)cccc3c21,390
CHEMBL3978166,CCn1c(=O)c2cnc3c(OC)cc(F)cc3c2n(C2CCCC2)c1=O,920
CHEMBL3903807,COc1cccc2c1ncc1c(=O)n(-c3cccc(Cl)c3)c(=O)n([C@H]3CCN(C(=O)OC(C)(C)C)C3)c12,2
CHEMBL355433,Cn1c(=O)n(CCCC(=O)O)c(=O)c2nsnc21,200000
CHEMBL3644504,COc1cccc2c1ncc1c(=O)n(-c3cccc(Cl)c3)c(=O)n([C@H]3CCN(S(C)(=O)=O)C3)c12,29
CHEMBL1724688,O=C(Nc1nc2ccccc2n1Cc1ccccc1Cl)c1ccco1,20000
CHEMBL1529494,Cc1cc(Cl)ccc1OCC(=O)Nc1ccccc1NS(=O)(=O)c1cccs1,12300
CHEMBL1532172,O=C(Nc1sc2c(c1C(=O)O)CCCC2)C(=O)N1CCOCC1,20000
CHEMBL1384652,CCCCn1c(SCC(=O)Nc2nnc(C(C)C)s2)nc2c1c(=O)n(C)c(=O)n2C,5820
CHEMBL1569954,CCOc1ccc(NC(=O)c2ccc(CN3CCc4ccccc4C3)cc2)cc1,2050
CHEMBL1325227,Cc1oc(-c2cccc3ccccc23)nc1CN1CCN(c2ncnc3ccccc23)CC1,20000
CHEMBL1450407,COc1ccc(N2CCN(S(=O)(=O)c3ccc4c(c3)CC(C)N4C(=O)C3CC3)CC2)cc1,3850
CHEMBL65374,O=C(Nc1cccc([N+](=O)[O-])c1)c1cc2ccccc2cc1O,2200
CHEMBL1461631,Cn1nccc1C(=O)NC1CCCc2c1cnn2-c1ccc(C(C)(C)C)cc1,200
CHEMBL2316207,O=C(NCCN1CCOCC1)c1ccc2c(c1)C(=O)c1ccc(Nc3ccc(F)c(NC(=O)c4ccccc4)c3)cc1CC2,38
CHEMBL354257,COC(=O)/C=C\Cn1c(=O)c2nccnc2n(C)c1=O,25000
CHEMBL1718730,COC(=O)c1c(NC(=O)C=Cc2cccs2)sc2c1CCC(C)C2,5680
CHEMBL1388356,Cc1cccc(-n2nc3c4c(ccc3c2O)C(=O)c2ccccc2C4=O)c1,16300
CHEMBL1700643,Nc1nc2ccccc2n1Cc1ccccc1Cl,12500
CHEMBL1562608,CCC(=O)Nc1nc2ccccc2n1Cc1ccccc1Cl,20000
CHEMBL1699128,CC(C)(C)c1ccc(-c2nc3ccccc3s2)cc1,246
CHEMBL1730320,O=C(C1CC1)N1CCc2cc(S(=O)(=O)N3CCN(c4ccc(Cl)cc4)CC3)ccc21,20000
CHEMBL108710,CCOC(=O)CCCn1ccc2cc(OC(=O)OCC)c(OC(=O)OCC)cc2c1=O,11000
CHEMBL1342760,Cc1ccc(NC(=O)c2ccc(CN3CCc4ccccc4C3)cc2)cc1,20000
CHEMBL1377340,CCCCCn1c(=O)c(C(=O)Nc2ccccc2S(N)(=O)=O)c(O)c2ccccc21,3440
CHEMBL1733280,CC(=O)N1c2ccc(S(=O)(=O)N3CCN(c4ccc(C)cc4)CC3)cc2CC1C,4320
CHEMBL3640386,COc1ccc2c(c1)C(=O)N(C[C@@]1(C#Cc3ccc(Nc4c(NCCN5CCOCC5)c(=O)c4=O)cc3)NC(=O)NC1=O)C2,169
CHEMBL3640390,COc1ccc2c(c1F)C(=O)N(C[C@@]1(C#Cc3cncc(F)c3)NC(=O)NC1=O)C2,305
CHEMBL126817,CCOC(=O)CCCn1cnc2ccc(N)cc2c1=O,4000
CHEMBL414243,CCOC(=O)CCCOc1nc(Cl)nc2cc(OC)c(OC)cc12,68000
CHEMBL127291,CCOC(=O)CCCn1cnc2ccc([N+](=O)[O-])cc2c1=O,25000
CHEMBL628,CC(=O)CCCCn1c(=O)c2c(ncn2C)n(C)c1=O,85000
CHEMBL128952,CNC(=O)CCCn1cc(Br)c2cc(OC)c(OC)cc2c1=O,100000
CHEMBL4793441,C[C@@H]1CN(c2ncc(-c3ccc4c(c3)N(Cc3ccccc3OC(F)F)C(C)(C)C4=O)cn2)CCN1C(=O)CO,189
CHEMBL4743885,CC(Nc1c(Cl)cnc2ccc(-c3cnc(C(C)(C)O)nc3)cc12)c1ccccn1,264
CHEMBL4797699,CCOc1ncc(-c2ccc3ncc(Cl)c(N[C@H](C)c4ccccc4F)c3c2)cn1,15
CHEMBL1377693,O=C(Nc1ccc(Oc2cccnc2)nc1)c1ccc(C(F)(F)F)cc1,2790
CHEMBL1333593,COc1cc(C(=O)Nc2scc(-c3ccc(Br)cc3)c2C(=O)O)cc(OC)c1OC,6880
CHEMBL1433326,COc1ccc(C(=O)Cn2c(N)nc3ccccc32)cc1,20000
CHEMBL1450483,CCCCCn1c(=O)c(C(=O)Nc2cnccn2)c(O)c2ccccc21,20000
CHEMBL1581027,CCOC(=O)c1c(NC(=O)CN2CCOCC2)sc2c1CC(C)(C)OC2,20000
CHEMBL1703491,Cc1cc(C(=O)NC2CCCc3c2cnn3-c2ccccc2F)n(C)n1,20000
CHEMBL1732890,N#Cc1ccc(N2CCN(S(=O)(=O)c3ccc4c(c3)CCN4C(=O)C3CC3)CC2)cc1,13300
CHEMBL1733271,O=C(NC1CCCc2c1cnn2-c1ccccc1F)c1cc(-c2ccccc2)n[nH]1,10700
CHEMBL1464332,Cc1oc2c(C)c3oc(=O)c(CCC(=O)O)c(C)c3cc2c1-c1ccccc1,5030
CHEMBL1525546,Fc1ccc(NC(S)=Nc2nccs2)cc1,20000
CHEMBL1562819,Cc1onc(-c2ccccc2)c1C(=O)Nc1ncc([N+](=O)[O-])s1,6310
CHEMBL1706335,O=C(CSc1nc2scc(-c3ccccc3)c2c(=O)[nH]1)Nc1ccc(C(F)(F)F)cc1,752
CHEMBL1370066,Cc1ccc(Cn2c(NC(=O)c3ccco3)nc3ccccc32)cc1,20000
CHEMBL1716673,CCC(=O)N1CCc2cc(S(=O)(=O)N3CCN(c4ccc(C(C)=O)cc4)CC3)ccc21,20000
CHEMBL1716972,CC(=O)N1CCc2cc(S(=O)(=O)N3CCN(c4ccc([N+](=O)[O-])cc4)CC3)ccc21,20000
CHEMBL125522,CCOC(=O)CCCOc1nc(Nc2ccc(Br)cc2)nc2cc(OC)c(OC)cc12,25000
CHEMBL110956,COC(=O)CC(c1ccc(OC)c(OC)c1)N1C(=O)c2cc3ccccc3cc2C1=O,4700
CHEMBL1708215,COc1ccc(NC(=O)c2ccc(CN3CCCCC3)cc2)cc1,20000
CHEMBL4764418,Cc1ccc(C)c(Nc2c(Cl)c(C)nc3ccc(-c4cnc(C(C)(C)O)nc4)cc23)c1,51
CHEMBL4751792,CC(C)(O)c1ncc(-c2ccc3ncc(Cl)c(NCc4ccccc4)c3c2)cn1,82
CHEMBL4759848,C[C@@H](Nc1c(Cl)cnc2ccc(-c3cnc(C(C)(C)O)nc3)cc12)c1cc(C#N)ccc1F,48
CHEMBL4789269,Cc1ccc(C)c(Nc2c(Cl)cnc3ccc(Br)cc23)c1,840
CHEMBL4781182,Cc1ccc(C)c(Nc2c(C)cnc3ccc(-c4cnc(C(C)(C)O)nc4)cc23)c1,107
CHEMBL4764418,Cc1ccc(C)c(Nc2c(Cl)c(C)nc3ccc(-c4cnc(C(C)(C)O)nc4)cc23)c1,196
CHEMBL4777142,CC(C)(O)c1ncc(-c2ccc3ncc(Cl)c(NC(C)(C)c4ccccc4)c3c2)cn1,25000
CHEMBL4762023,CC(Nc1c(Cl)cnc2ccc(-c3cnc(C(C)(C)O)nc3)cc12)c1ccccc1F,190
CHEMBL4785988,C[C@@H](Nc1c(Cl)cnc2ccc(-c3cnc(N4CCS(=O)(=O)CC4)nc3)cc12)c1ccccc1F,152
CHEMBL126945,CCOC(=O)CCCn1cc(CN)c2cc(OC)c(OC)cc2c1=O,13000
CHEMBL3640419,CCNc1nnc(-c2ccc(C#C[C@]3(CN4Cc5ccc(OC)cc5C4=O)NC(=O)NC3=O)cc2)o1,269
CHEMBL1595049,CCCCCn1c(SCCc2ccccc2)nc2c1c(=O)[nH]c(=O)n2C,20000
CHEMBL1305007,CC1(C)Cc2c(sc(NC(=O)C(=O)N3CCCCC3)c2C(=O)O)CO1,20000
CHEMBL1346782,O=C(Nc1sc2c(c1C(=O)O)CCCC2)c1ccccc1Cl,12900
CHEMBL1706542,CCC(=O)N1CCc2cc(S(=O)(=O)N3CCN(c4ccc(C#N)cc4)CC3)ccc21,20000
CHEMBL1299281,CCOC(=O)N1CCN(C(=O)c2ccc(Cn3c(=S)[nH]c4ccc(Br)cc4c3=O)cc2)CC1,4690
CHEMBL1715638,COc1ccc(NC(=O)c2ccc(CN3CCc4ccccc43)cc2)cc1,20000
CHEMBL1712058,CC1Cc2cc(S(=O)(=O)N3CCN(c4ccccc4)CC3)ccc2N1C(=O)C1CC1,15300
CHEMBL1360862,Cc1ccc(S(=O)(=O)NCc2ccc(C(=O)N3CCN(c4ccc([N+](=O)[O-])cc4)CC3)cc2)cc1,11400
CHEMBL1706382,CN(C)c1ccc(NC(=O)c2ccc(CN3CCCCC3)cc2)cc1,20000
CHEMBL1569174,CCOC(=O)c1ccc(NC(=O)c2ccc(CN3CCc4ccccc4C3)cc2)cc1,140
CHEMBL1302600,CC(/C=C/c1ccccc1)=NNC(=O)c1cccc(Br)c1,20000
CHEMBL1706800,CC1CCc2c(sc(NC(=O)c3ccc(Br)cc3)c2C(=O)O)C1,6820
CHEMBL1538784,CC(=O)c1ccc(N2CCN(S(=O)(=O)c3ccc4c(c3)CC(C)N4C(=O)C3CC3)CC2)cc1,3185
CHEMBL1731586,CN(C)c1ccc(NC(=O)c2ccc(CN3CCc4ccccc43)cc2)cc1,5370
CHEMBL1434007,Cc1ccc(S(=O)(=O)n2c(=S)[nH]c3cc(C)ccc32)cc1,20000
CHEMBL1612423,O=C(Nc1ccc(Cl)cc1)c1ccc(CN2CCc3ccccc3C2)cc1,4655
CHEMBL1712022,CCOc1ccc(C(=O)NC2CCCc3c2cnn3-c2ccccc2F)cc1,20000
CHEMBL1410618,CCC(=O)Nc1nc2ccccc2n1Cc1ccc(Cl)cc1,20000
CHEMBL1411903,Cc1ccc(S(=O)(=O)n2c(C)nc3ccccc32)cc1,20000
CHEMBL1446570,CS(=O)(=O)c1ccc2nc(NC(=O)c3cccc(NS(=O)(=O)c4ccc(F)c(F)c4)c3)sc2c1,16900
CHEMBL1708434,CC(=O)Nc1nc2ccccc2n1S(=O)(=O)c1ccc(C)cc1,20000
CHEMBL1729430,CC(C)(C)NC(=S)NNC=C1C=C(Br)C(=O)C(Br)=C1,15600
CHEMBL171406,CCOC(=O)CCn1c(=O)c2c(ncn2C)n(C)c1=O,10000
CHEMBL3640309,COc1ccc2c(c1)C(=O)N(C[C@@]1(C#Cc3ccc(-c4cc(N)[nH]n4)cc3)NC(=O)NC1=O)C2,128
CHEMBL3640317,COc1ccc2c(c1)C(=O)N(C[C@@]1(C#Cc3ccc(C4CCN(C)CC4)nc3)NC(=O)NC1=O)C2,244.9
CHEMBL3640366,COc1ccc2c(c1F)C(=O)N(C[C@@]1(C#Cc3ccc(-c4nc(-c5cccnc5)ccc4O)cc3)NC(=O)NC1=O)C2,105.65
CHEMBL1726554,COc1ccc(-c2cc(N)n(S(=O)(=O)c3cccc([N+](=O)[O-])c3)n2)cc1OC,20000
CHEMBL114343,COC(=O)CC(c1ccc(OC)c(OC)c1)N1C(=O)c2ccc(N)cc2C1=O,380
CHEMBL1595049,CCCCCn1c(SCCc2ccccc2)nc2c1c(=O)[nH]c(=O)n2C,20000
CHEMBL1452157,C/C(Cl)=C\Cn1c(NCCc2ccccc2)nc2c1c(=O)n(C)c(=O)n2C,5660
CHEMBL1468879,C=CCn1c(SCCCc2ccccc2)nc2c1c(=O)[nH]c(=O)n2C,20000
CHEMBL1325644,Cc1cc(NC(=O)c2ccc(C)s2)n(-c2nc3ccccc3[nH]2)n1,20000
CHEMBL1401026,CN(C)S(=O)(=O)c1cccc(CSCc2cccc(S(=O)(=O)N(C)C)c2)c1,2090
CHEMBL1706542,CCC(=O)N1CCc2cc(S(=O)(=O)N3CCN(c4ccc(C#N)cc4)CC3)ccc21,20000
CHEMBL1415184,Cc1cc(C(=O)NC2CCCc3c2cnn3-c2cccc(C)c2C)n(C)n1,703
CHEMBL1319304,CCCCCn1c(=O)[nH]c2cc(C(=O)N3CCN(Cc4ccc5c(c4)OCO5)CC3)ccc2c1=O,1180
CHEMBL1445206,COc1ccc(C(=O)NC(=S)N(C)C2CCCCC2)cc1Br,20000
CHEMBL1407805,Nc1nc2ccccc2n1S(=O)(=O)c1ccc([N+](=O)[O-])cc1,20000
CHEMBL1411091,O=C(CSc1nc(O)c2c(-c3ccccc3)csc2n1)NC1CCCCC1,20000
CHEMBL1400601,CN(Cc1ccc(F)cc1)S(=O)(=O)c1nnc(NC(=O)c2ccccc2)s1,15100
CHEMBL1420187,CC(=O)c1ccc(N2CCN(S(=O)(=O)c3ccc4c(c3)CC(C)N4C(C)=O)CC2)cc1,6500
CHEMBL1363341,Cc1ccc(S(=O)(=O)n2c(N)nc3cc(C)c(C)cc32)cc1,20000
CHEMBL1726092,CCCCNCC(=O)Nc1sc2c(c1C(=O)O)CCCC2,20000
CHEMBL1726725,CCOc1ccc(NC(=O)c2ccc(CN3CCCCC3)cc2)cc1,20000
CHEMBL1727158,CSc1ccc(NC(=O)c2ccc(CN3CCCCC3)cc2)cc1,19600
CHEMBL1487136,Cc1cc(C(=O)NC2CCCc3c2cnn3-c2ccc(C)c(C)c2)n(C)n1,79.3
CHEMBL1412853,Cc1ccc(S(=O)(=O)n2c(N)nc3ccccc32)cc1,20000
CHEMBL3640297,COc1ccc2c(c1F)C(=O)N(C[C@@]1(C#Cc3ccc4c(=O)[nH][nH]c4c3)NC(=O)NC1=O)C2,226.45
CHEMBL3640326,CCN1CCN(C(=O)c2ccc(C#C[C@]3(CN4Cc5ccc(OC)cc5C4=O)NC(=O)NC3=O)cc2)CC1,446
CHEMBL3640393,COc1ccc2c(c1F)C(=O)N(C[C@@]1(C#Cc3ccc(C4(C#N)CCN(C)CC4)cc3)NC(=O)NC1=O)C2,669
CHEMBL3640400,COc1ccc2c(c1)C(=O)N(C[C@@]1(C#Cc3nc(-c4n[nH]c(=O)n4C4CCN(C)CC4)ccc3OC)NC(=O)NC1=O)C2,2189
CHEMBL3640427,COc1ccc2c(c1)C(=O)N(C[C@@]1(C#Cc3nc(N4C[C@H](O)CC4=O)ccc3OC)NC(=O)NC1=O)C2,1132
CHEMBL347547,c1ccc(Cn2cnc3ccccc32)cc1,204000
CHEMBL127042,CCCn1c(=O)n(CCCC(=O)OCC)c(=O)c2nccnc21,3000
CHEMBL1305184,CC(C)Sc1nc2c(c(=O)[nH]c(=O)n2C)n1Cc1ccccc1,20000
CHEMBL1332003,O=C(Nc1nc2ccccc2n1Cc1ccc(Cl)cc1)c1ccco1,20000
CHEMBL1519375,C/C=C/Cn1c(SCCCc2ccccc2)nc2c1c(=O)[nH]c(=O)n2C,62670
CHEMBL1314048,Nc1nc2ccccc2n1Cc1ccc(Cl)cc1,8920
CHEMBL1530557,CC1Sc2ccc(S(=O)(=O)N3CCC(C(=O)Nc4ccc(Cl)cc4)CC3)cc2NC1=O,3150
CHEMBL1711273,CC1CCc2c(sc(NC(=O)c3ccc(Cl)cc3)c2C(=O)O)C1,4410
CHEMBL1525940,O=C(/C=C/c1cccs1)Nc1sc2c(c1C(=O)O)CCCC2,20000
CHEMBL1569174,CCOC(=O)c1ccc(NC(=O)c2ccc(CN3CCc4ccccc4C3)cc2)cc1,1400
CHEMBL1392142,Cc1cc(C(=O)COC(=O)c2ccccc2O)c(C)n1Cc1cccs1,39.1
CHEMBL1316316,COc1ccc(S(=O)(=O)n2c(N)nc3ccccc32)cc1,20000
CHEMBL1706944,O=C(Nc1ccc(Cl)c(Cl)c1)c1ccc(CN2CCc3ccccc3C2)cc1,20000
CHEMBL1305184,CC(C)Sc1nc2c(c(=O)[nH]c(=O)n2C)n1Cc1ccccc1,20000
CHEMBL1702956,Nc1nc2ccccc2n1S(=O)(=O)c1ccc(C(F)(F)F)cc1,20000
CHEMBL1725440,CC(C)C(=O)N(C)C(c1ccccc1)c1c[nH]c2ccccc12,20000
CHEMBL171272,CCOC(=O)CCCn1c(=O)c2nc(CC)c(CC)nc2n(C)c1=O,130000
CHEMBL3640320,COc1ccc2c(c1F)C(=O)N(C[C@@]1(C#Cc3ccc(C(CN)N4CCC(NC(=O)OC(C)(C)C)C4)cc3)NC(=O)NC1=O)C2,303
CHEMBL3640374,COc1ccc2c(c1)C(=O)N(C[C@@]1(C#Cc3ccc(C4(CNS(C)(=O)=O)NC(=O)NC4=O)cc3)NC(=O)NC1=O)C2,176
CHEMBL4777142,CC(C)(O)c1ncc(-c2ccc3ncc(Cl)c(NC(C)(C)c4ccccc4)c3c2)cn1,10000
CHEMBL4764442,C[C@@H](Nc1c(Cl)cnc2ccc(-c3ccc(C(C)(C)O)cc3)cc12)c1ccccc1F,47
CHEMBL552443,O=C(O)c1c(NC(=O)N2CCOCC2)sc2c1CCCC2,20000
CHEMBL1699379,CCC(=O)N1CCc2cc(S(=O)(=O)N3CCN(c4ccc(Cl)cc4)CC3)ccc21,20000
CHEMBL1709366,Cn1nccc1C(=O)N[C@@H]1CCCc2c1cnn2-c1ccccc1F,20000
CHEMBL1405985,O=C(CSc1ccccc1NS(=O)(=O)c1ccccc1F)Nc1nnc(C(F)(F)F)s1,4630
CHEMBL1535050,Nc1nc2ccccc2n1C(=O)c1ccc(F)cc1,20000
CHEMBL1320366,COC(=O)c1c(NC(=O)c2ccccc2)sc2c1CC(C)(C)OC2,20000
CHEMBL126511,CCOC(=O)CCCn1cnc2cc([N+](=O)[O-])ccc2c1=O,25000
CHEMBL3326318,Cc1cc2occ(CN(C)CCN(C)Cc3cn(-c4cccc(C(F)(F)F)c4)c4ccccc34)c(=O)c2cc1C.Cl,20300
CHEMBL3642435,COc1ccc2c(c1)C(=O)N(C[C@@]1(C#Cc3cncc(-c4cn[nH]c4)c3)NC(=O)NC1=O)C2,260
CHEMBL3642479,COc1ccc2c(c1)C(=O)N(C[C@@]1(C#Cc3cncc(C(=O)NN)c3)NC(=O)NC1=O)C2,432
CHEMBL3642492,COc1ccc2c(c1)C(=O)N(C[C@@]1(C#Cc3ccc(/C(=N/O)N4CCCN(C)CC4)cc3)NC(=O)NC1=O)C2,45
CHEMBL3642493,COc1ccc2c(c1)C(=O)N(C[C@@]1(C#Cc3ccc(/C(=N/O)N4CCC4)cc3)NC(=O)NC1=O)C2,186
CHEMBL3642517,CCN1CCN(C(N=O)c2ccc(C#C[C@]3(CN4Cc5ccc(OC)cc5C4=O)NC(=O)NC3=O)cn2)CC1,87
CHEMBL3642535,COc1ccc2c(c1F)C(=O)N(C[C@@]1(C#Cc3cccnc3C)NC(=O)NC1=O)C2,193
CHEMBL3640327,COc1ccc2c(c1)C(=O)N(C[C@@]1(C#Cc3ccc(C(=O)N4CCN(C5CC5)CC4)cc3)NC(=O)NC1=O)C2,1158
CHEMBL3640352,COc1ccc2c(c1F)C(=O)N(C[C@@]1(C#Cc3ccc(-c4nc(-c5cnn(C)c5)ccc4O)c(F)c3)NC(=O)NC1=O)C2,75.4
CHEMBL3640377,COc1ccc2c(c1)C(=O)N(C[C@@]1(C#Cc3ccc(C4=NCCN4)c(C)c3)NC(=O)NC1=O)C2,504
CHEMBL3640378,COc1ccc2c(c1)C(=O)N(C[C@@]1(C#Cc3ccc(N4CCNC4=O)cc3)NC(=O)NC1=O)C2,1618
CHEMBL3640401,CCN1CCN(C(=O)C2CCC(=O)N2c2ccc(C#C[C@]3(CN4Cc5ccc(OC)cc5C4=O)NC(=O)NC3=O)cc2)CC1,113
CHEMBL3640311,COc1ccc2c(c1)C(=O)N(C[C@@]1(C#Cc3ccc4c(=O)[nH]n(C)c4c3)NC(=O)NC1=O)C2,456
CHEMBL3640408,COc1ccc2c(c1)C(=O)N(C[C@@]1(C#Cc3ccc(NC(=O)C4CCN(C)CC4)cc3)NC(=O)NC1=O)C2,78
CHEMBL3642426,COc1ccc2c(c1)C(=O)N(C[C@@]1(C#Cc3nc(-c4cncc(C#N)c4)ccc3OC)NC(=O)NC1=O)C2,1790
CHEMBL3642430,COc1ccc2c(c1)C(=O)N(C[C@@]1(C#Cc3ccc(C(c4ccc[nH]4)c4ccc[nH]4)cc3)NC(=O)NC1=O)C2,1199
CHEMBL3642436,COc1ccc2c(c1)C(=O)N(C[C@@]1(C#Cc3cncc(-c4ccc(C(N)=O)cc4)c3)NC(=O)NC1=O)C2,361
CHEMBL3642442,COc1ccc2c(c1)C(=O)N(C[C@@]1(C#Cc3ccc(C4(CN)NC(=O)NC4=O)cc3)NC(=O)NC1=O)C2,229
CHEMBL1700774,COc1ccc(-c2cc(N)n(S(=O)(=O)c3ccc(F)c(C)c3)n2)cc1,19900
CHEMBL1444568,CCCCn1c(CN2CCN(c3cccc(Cl)c3)CC2)nc2c1c(=O)n(C)c(=O)n2C,3350
CHEMBL1491481,CCCn1c(SCCc2ccccc2)nc2c1c(=O)[nH]c(=O)n2C,20000
CHEMBL3642537,COc1ccc2c(c1)C(=O)N(C[C@@]1(C#Cc3ccc(/N=C(\N)NC#N)cc3)NC(=O)NC1=O)C2,150
CHEMBL419204,COc1cc(OC)cc(C(CC(N)=O)N2C(=O)c3ccccc3C2=O)c1,39000
CHEMBL3640420,COc1ccc2c(c1)C(=O)N(C[C@@]1(C#Cc3nc(N)ccc3O)NC(=O)NC1=O)C2,808
CHEMBL3642485,COc1ccc2c(c1)C(=O)N(C[C@@]1(C#Cc3ccc(C4(C5CCC5)NC(=O)NC4=O)cc3)NC(=O)NC1=O)C2,382
CHEMBL3642488,COc1ccc2c(c1)C(=O)N(C[C@@]1(C#Cc3ccc4oc(C5(C)NC(=O)NC5=O)cc4c3)NC(=O)NC1=O)C2,292
CHEMBL3642539,COc1ccc2c(c1)C(=O)N(C[C@@]1(C#Cc3ccc(-c4ccccc4O)nc3)NC(=O)NC1=O)C2,2090
CHEMBL3642429,COc1ccc2c(c1)C(=O)N(C[C@@]1(C#Cc3ccc(N(c4cccnc4)C4CCNCC4)nc3)NC(=O)NC1=O)C2,430
CHEMBL3640397,COc1ccc2c(c1F)C(=O)N(C[C@@]1(C#Cc3ccc(N4C(=O)NC5(CC5)C4=O)c(F)c3)NC(=O)NC1=O)C2,148
CHEMBL3642453,COc1ccc2c(c1)C(=O)N(C[C@@]1(C#Cc3cc(Br)ccc3O)NC(=O)NC1=O)C2,10001
CHEMBL3642527,COc1ccc2c(c1)C(=O)N(C[C@@]1(C#Cc3cccnc3-c3cn[nH]c3)NC(=O)NC1=O)C2,927
CHEMBL3642528,COc1ccc2c(c1F)C(=O)N(C[C@@]1(C#Cc3cccnc3)NC(=O)NC1=O)C2,134
CHEMBL1718692,CC(=O)N1CCc2cc(S(=O)(=O)N3CCN(c4ccc(Cl)cc4)CC3)ccc21,20000
CHEMBL1728652,CCOC(=O)c1ccc(NC(=O)c2ccc(CCN3CCc4ccccc4C3)cc2)cc1,10800
CHEMBL1299751,O=C(c1ccc(S(=O)(=O)Cc2ccccc2Cl)c([N+](=O)[O-])c1)N1CCN(c2ccccn2)CC1,4530
CHEMBL1719472,CCc1cc(C(=O)NC2CCCc3c2cnn3-c2ccccc2F)no1,20000
CHEMBL1607187,O=C(Nc1ccc(S(=O)(=O)N2CCCCC2)cc1)c1ccc(CN2CCc3ccccc3C2)cc1,616
CHEMBL1720861,CCOc1ccc(NC(=O)c2ccc(CCN3CCc4ccccc4C3)cc2)cc1,20000
CHEMBL1700576,N#Cc1ccccc1S(=O)(=O)n1c(N)nc2ccccc21,20000
CHEMBL1336829,CCCCn1c(SCC(=O)Nc2nnc(CC)s2)nc2c1c(=O)n(C)c(=O)n2C,13000
CHEMBL1363341,Cc1ccc(S(=O)(=O)n2c(N)nc3cc(C)c(C)cc32)cc1,20000
CHEMBL3642498,COc1ccc2c(c1)C(=O)N(C[C@@]1(C#Cc3cncc(C(N=O)N4CCCN(C)CC4)c3)NC(=O)NC1=O)C2,1322
CHEMBL3642509,COc1ccc2c(c1)C(=O)N(C[C@@]1(C#Cc3ccc(C(N=O)N4CCOCC4)cc3)NC(=O)NC1=O)C2,100
CHEMBL3642515,COc1ccc2c(c1)C(=O)N(C[C@@]1(C#Cc3ccc(C(N=O)N4CCOCC4)s3)NC(=O)NC1=O)C2,571
CHEMBL3642533,COc1ccc2c(c1)C(=O)N(C[C@@]1(C#Cc3ccc(C(C(N)=O)N4CCCNCC4)cc3)NC(=O)NC1=O)C2,302
CHEMBL3642555,COc1ccc2c(c1)C(=O)N(C[C@@]1(C#Cc3ccc(N4CCCCC4=O)cc3)NC(=O)NC1=O)C2,1394
CHEMBL3642560,COc1ccc2c(c1)C(=O)N(C[C@@]1(C#Cc3ccc4c(c3)CCCC43NC(=O)NC3=O)NC(=O)NC1=O)C2,137
CHEMBL3642563,COc1ccc2c(c1)C(=O)N(C[C@@]1(C#Cc3ccc4c(c3)CCC43NC(=O)NC3=O)NC(=O)NC1=O)C2,151
CHEMBL3640339,COc1ccc2c(c1)C(=O)N(C[C@@]1(C#Cc3ccc(-c4nc(-c5cnn(C)c5)ccc4O)cc3)NC(=O)NC1=O)C2,61
CHEMBL3640347,COc1ccc2c(c1F)C(=O)N(C[C@@]1(C#Cc3ccc(CN4CCN(C5CCCCC5)CC4)cc3)NC(=O)NC1=O)C2,255.4
CHEMBL3640371,COc1ccc2c(c1F)C(=O)N(C[C@@]1(C#Cc3ccc(-c4ncccc4O)cc3)NC(=O)NC1=O)C2,96
CHEMBL3639392,CCN1CCN(C(=O)C2CCC(=O)N2c2ccc(C#C[C@]3(CN4Cc5ccc(OC)c(F)c5C4=O)NC(=O)NC3=O)cc2)CC1,152
CHEMBL126912,COc1cc2ccn(CCCC(=O)O)c(=O)c2cc1OC,100000
CHEMBL340097,COc1cc2ccnc(Nc3ccc(Cl)cc3)c2cc1OC,35000
CHEMBL1419822,Cn1c(=O)[nH]c(=O)c2c1nc([N+](=O)[O-])n2Cc1ccccc1,1320
CHEMBL76297,CNC(=O)[C@@H](NC(=O)[C@H](c1ccccc1)[C@H](CO)C(=O)NO)C(C)(C)C,928
CHEMBL3640315,COc1ccc2c(c1)C(=O)N(C[C@@]1(C#Cc3ccc4c(CN(C)C)n[nH]c4c3)NC(=O)NC1=O)C2,163
CHEMBL502604,CCCCCCCCCCCCCCO[C@H]1[C@@H](OC)O[C@H](C[N+](C)(C)C2CCCC2)[C@@H](O)[C@@H]1OCCCCCCCCCCCCCC,6000
CHEMBL1427550,CSC(S)=NN=Cc1ccc(Br)cc1,20000
CHEMBL1734357,O=C(Nc1nc2ccccc2n1Cc1ccc(Cl)cc1)C1CCCCC1,20000
CHEMBL1417851,COCCn1c(C)cc(C(=O)COC(=O)c2ccccc2Br)c1C,39.1
CHEMBL1716085,COC(=O)c1c(NC(=O)C(=O)N2CCCCC2)sc2c1CC(C)(C)OC2,20000
CHEMBL1735630,O=C(Cc1ccccc1)Nc1nc2ccccc2n1Cc1ccc(Cl)cc1,20000
CHEMBL3642519,COc1ccc2c(c1)C(=O)N(C[C@@]1(C#Cc3ccc(C4(C)NC(=O)NC4=S)cc3)NC(=O)NC1=O)C2,398
CHEMBL3642538,CCN1CCC(C(=O)OC)(c2ccc(C#C[C@]3(CN4Cc5ccc(OC)cc5C4=O)NC(=O)NC3=O)cc2)CC1,288
CHEMBL3642549,COc1ccc2c(c1)C(=O)N(C[C@@]1(C#Cc3ccc(NCCN(C)C)nc3)NC(=O)NC1=O)C2,419
CHEMBL187092,C[C@@]1(O)CCCN(S(=O)(=O)c2ccc(OCc3ccc(F)cc3Cl)cc2)[C@H]1C(=O)NO,10.4
CHEMBL1524014,CCc1cc(C(=O)NC2CCCc3c2cnn3-c2cccc(C)c2C)n(C)n1,179
CHEMBL1534716,O=C(Nc1nc2ccccc2n1Cc1ccccc1)c1ccco1,20000
CHEMBL1302130,CC(Nc1ncnc2sccc12)c1ccccc1,2350
CHEMBL1700826,CCOc1ccc(NC(=O)c2ccc(CN3CCc4ccccc43)cc2)cc1,20000
CHEMBL1519375,C/C=C/Cn1c(SCCCc2ccccc2)nc2c1c(=O)[nH]c(=O)n2C,18600
CHEMBL1717950,O=C(Nc1nc2ccccc2n1Cc1ccccc1Cl)c1cccs1,20000
CHEMBL1521474,Nc1nc2ccccc2n1S(=O)(=O)c1ccc(Cl)cc1,20000
CHEMBL1603938,Cc1ccc(C)c(SCC(=O)OC/C(O)=C(\C#N)c2nc3ccccc3[nH]2)c1,20000
CHEMBL1727785,COc1ccc(C(=O)Nc2sc3c(c2C(=O)O)CC(C)(C)OC3)cc1OC,20000
CHEMBL1321508,Nc1nc2ccccc2n1S(=O)(=O)c1ccccc1,20000
CHEMBL1502127,Cc1ccccc1/C=C1\Sc2ccc(C(=O)N3CCN(c4ccccn4)CC3)cc2N(C)C1=O,6220
CHEMBL1718809,O=C(Nc1nc2ccccc2n1Cc1ccccc1Cl)C1CCCCC1,20000
CHEMBL1709705,CCC(=O)N1c2ccc(S(=O)(=O)N3CCN(c4ccc(Cl)cc4)CC3)cc2CC1C,584
CHEMBL1468181,CC(C)(C)c1ccc(C(=O)O/N=C(\N)c2ccccn2)cc1,952
CHEMBL1571150,Cc1cccc(-n2ncc3c2CCCC3NC(=O)C2(C(N)=O)CC2)c1C,14500
CHEMBL1492752,Cn1nccc1C(=O)NC1CCCc2c1cnn2-c1ccc(F)cc1F,712
CHEMBL1554526,Nc1nc2ccccc2n1C(=O)c1ccc(Cl)cc1Cl,3180
CHEMBL1525735,Cc1ccc(NC(=O)C2CCN(S(=O)(=O)c3ccc4c(c3)NC(=O)C(C)S4)CC2)cc1Cl,2840
CHEMBL1542483,NC(=O)C1CCN(c2ccc(S(=O)(=O)N3CCC(Cc4ccccc4)CC3)cn2)CC1,12400
CHEMBL1720257,CC(=O)N1c2ccc(S(=O)(=O)N3CCN(c4ccc(Cl)cc4)CC3)cc2CC1C,5760
CHEMBL1573795,COc1cccc(C(=O)Nc2sc3c(c2C(=O)O)CCCC3)c1,20000
CHEMBL1411912,O=C(Nc1ccc(S(=O)(=O)N2CCOCC2)cc1)c1ccc(CN2CCc3ccccc3C2)cc1,627
CHEMBL1701407,COC(=O)CC1=NN(c2nc3ccccc3s2)C(=O)/C1=C(/C)Nc1ccc(OC)cc1,39.1
CHEMBL3964458,COc1cccc2c1ncc1c(=O)n(-c3cccc(C#N)c3)c(=O)n(C3CCCC3)c12,123
CHEMBL3642559,COc1ccc2c(c1)C(=O)N(C[C@@]1(C#Cc3ccc(N4CCC5(CC4)NC(=O)NC5=O)nc3)NC(=O)NC1=O)C2,347.7
CHEMBL333333,CCOC(=O)CCCn1cnc2cc(O)c(O)cc2c1=O,48000
CHEMBL1453730,Cc1oc(-c2cc(F)ccc2F)nc1CN1CCN(c2ncnc3ccccc23)CC1,5970
CHEMBL1329930,CCCOc1ccc(C=NN=C(S)Nc2ccccc2[N+](=O)[O-])c(O)c1,880
CHEMBL1561275,Cc1nn(-c2ccccc2)c2nc(C(Cl)(Cl)Cl)nc(O)c12,6620
CHEMBL1394462,COc1ccc(-c2cc(N)n(S(=O)(=O)c3ccccc3)n2)cc1OC,20000
CHEMBL1299367,CCCCn1c(SCC(=O)c2ccccc2)nc2c1c(=O)[nH]c(=O)n2C,20000
CHEMBL1327036,Nc1cc(-c2ccccc2)nn1S(=O)(=O)c1c(F)c(F)c(F)c(F)c1F,20000
CHEMBL1405076,O=C(O)c1c(-n2cccc2)sc2c1CCCC2,20000
CHEMBL1706268,CC(=O)N1CCc2cc(S(=O)(=O)N3CCN(c4ccc(C#N)cc4)CC3)ccc21,8790
CHEMBL1531328,Cn1nccc1C(=O)NC1CCCc2c1cnn2-c1ccccc1F,14600
CHEMBL418836,COC(=O)CC(c1ccc(OC)c(OC)c1)N1C(=O)c2cc(Cl)c(Cl)cc2C1=O,13000
CHEMBL3913808,COc1cccc2c1ncc1c(=O)n(-c3ccccc3)c(=O)n(C3CCCC3)c12,1300
CHEMBL3644500,COc1cccc2c1ncc1c(=O)n(-c3ccc4c(c3)OCO4)c(=O)n(C3CCCC3)c12,2
CHEMBL3960339,COc1cccc2c1ncc1c(=O)n(-c3cccc(Cl)c3)c(=O)n(C3CCN(S(=O)(=O)c4ccccc4)CC3)c12,1
CHEMBL3938524,COc1cccc2c1ncc1c(=O)n(-c3cccc(Cl)c3)c(=O)n(C3CCC(C(=O)O)CC3)c12,1
CHEMBL3741883,O=C(c1coc2ccccc2c1=O)N1CCN(Cc2cn(-c3cccc(C(F)(F)F)c3)c3ccccc23)CC1,10000
CHEMBL3739952,Cc1ccc2occ(CN(C)CCN(C)Cc3cn(-c4cccc(C(F)(F)F)c4)c4ccccc34)c(=O)c2c1,10000
CHEMBL3740702,O=C(c1coc2ccccc2c1=O)N1CCN(C(=O)c2cn(S(=O)(=O)c3ccccc3)c3ccccc23)CC1,40000
CHEMBL3642554,COc1ccc2c(c1)C(=O)N(C[C@@]1(C#Cc3ccc(C(N=O)N4[C@H](C)CNC[C@@H]4C)cc3)NC(=O)NC1=O)C2,327
CHEMBL3938519,CCCCCCCCCCCCCCO[C@H]1C(O)O[C@H](COC(=O)CCC(=O)OC[C@H](NC(=O)OCC2c3ccccc3-c3ccccc32)C(=O)O)C(OC)[C@@H]1OCCCCCCCCCCCCCC,3000
CHEMBL3983488,CCCCCCCCCCCCCCO[C@@H]1[C@@H](OCCCCCCCCCCCCCC)[C@@H](OC)O[C@H](COC(=O)CCC(=O)OC[C@H](NC(=O)OCC2c3ccccc3-c3ccccc32)C(=O)O)[C@H]1OC,500
CHEMBL3644497,CCn1c(=O)c2cnc3c(C(C)C)cccc3c2n(C2CCCC2)c1=O,20000
CHEMBL3984643,CCn1c(=O)c2cnc3c(C)cccc3c2n(C2CCCC2)c1=O,500
CHEMBL3977927,COc1cccc2c1ncc1c(=O)n(C)c(=O)n(C3CCCC3)c12,1400
CHEMBL3644498,COc1cccc2c1ncc1c(=O)n(-c3cc(C)cs3)c(=O)n(C3CCCC3)c12,30
CHEMBL3925334,COc1cccc2c1ncc1c(=O)n(-c3ccc(C)cc3)c(=O)n(C3CCCC3)c12,163
CHEMBL3982748,COc1cccc2c1ncc1c(=O)n(-c3cccc(SC)c3)c(=O)n(C3CCCC3)c12,74
CHEMBL3966213,COc1cccc2c1ncc1c(=O)n(-c3cccc(Cl)c3)c(=O)n([C@H]3CCNC3)c12,1000
CHEMBL3945875,COc1cccc2c1ncc1c(=O)n(-c3cccc(Cl)c3)c(=O)n(C3CCC(NS(C)(=O)=O)CC3)c12,6
CHEMBL1287908,COc1ccc2c(c1)C(=O)N(C[C@@]1(C#Cc3ccc(CC4CCN(C)CC4)nc3)NC(=O)NC1=O)C2,194.9
CHEMBL3640426,COc1ccc2c(c1)C(=O)N(C[C@@]1(C#Cc3nc(N4C(=O)CC[C@H]4CO)ccc3OC)NC(=O)NC1=O)C2,1542
CHEMBL1731582,CC(=O)c1ccc(N2CCN(S(=O)(=O)c3ccc4c(c3)CCN4C(=O)C3CC3)CC2)cc1,16600
CHEMBL1721926,CCC(=O)N1c2ccc(S(=O)(=O)N3CCN(c4ccc(C(C)=O)cc4)CC3)cc2CC1C,1630
CHEMBL1354394,O=C(Nc1nc2c(F)cc(F)cc2s1)c1ccc([N+](=O)[O-])o1,19700
CHEMBL1314048,Nc1nc2ccccc2n1Cc1ccc(Cl)cc1,20000
CHEMBL1424982,CCOC(=O)c1c(NC(=O)c2cccs2)sc2c1CC(C)(C)OC2,20000
CHEMBL1735926,CC(=O)N1c2ccc(S(=O)(=O)N3CCN(c4ccc([N+](=O)[O-])cc4)CC3)cc2CC1C,3270
CHEMBL1597561,Cc1cc(C(=O)COC(=O)c2ccccc2Br)c(C)n1CC1CCCO1,45.6
CHEMBL1519988,Cc1ccc(S(=O)(=O)n2cnc3ccccc32)cc1,20000
CHEMBL1702900,Cc1ccc([N+](=O)[O-])cc1NC(=O)c1cc(Cl)c2ccccc2c1O,206
CHEMBL1556990,CC1(C)Cc2c(sc(NC(=O)c3ccco3)c2C(=O)O)CO1,20000
CHEMBL1723582,O=C(Nc1ccc(F)cc1)c1ccc(CN2CCc3ccccc32)cc1,20000
CHEMBL1529395,CCn1nc(C)cc1C(=O)NC1CCCc2c1cnn2-c1ccc(C)c(C)c1,4430
CHEMBL1481570,CCC(=O)Nc1nc2ccccc2n1Cc1ccccc1,20000
CHEMBL1612423,O=C(Nc1ccc(Cl)cc1)c1ccc(CN2CCc3ccccc3C2)cc1,491
CHEMBL1468596,COc1ccc(N2CCN(S(=O)(=O)c3ccc4c(c3)NC(=O)C(C)S4)CC2)cc1,10200
CHEMBL1599782,CCOC(=O)c1c(C)[nH]c(C)c1C(=O)CSc1nc2ccccc2c(=O)n1-c1ccc(CC)cc1,11100
CHEMBL1334593,CCCCn1c(=O)c(C(=O)Nc2cnccn2)c(O)c2ccccc21,4920
CHEMBL110421,COC(=O)CC(c1ccc(OC)c(OC)c1)N1C(=O)c2cccc(N)c2C1=O,450
CHEMBL111503,CCNC(=O)CC(c1ccc(OC)c(OC)c1)N1C(=O)c2ccccc2C1=O,53000
CHEMBL1386167,COCCn1c(SCCCc2ccccc2)nc2c1c(=O)[nH]c(=O)n2C,20000
CHEMBL1698072,Nc1cc(NC(=O)c2ccc3ccccc3c2O)ccc1Cl,20000
CHEMBL1349185,CC1CCc2c(sc(NC(=O)c3cccs3)c2C(=O)O)C1,20000
CHEMBL1312200,O=C(CSc1nc2ccccc2c(=O)n1Cc1ccccc1)Nc1ccc(Br)cc1C(=O)O,5700
CHEMBL1364793,CCC(=O)N1c2ccc(S(=O)(=O)N3CCN(c4ccc([N+](=O)[O-])cc4)CC3)cc2CC1C,4090
CHEMBL1729147,Nc1nc2ccccc2n1C(=O)Cc1ccccc1,20000
CHEMBL1608707,COc1ccc(CNc2ncnc3sccc23)cc1OC,13000
CHEMBL1710033,O=C(Nc1ccc(Br)cc1)c1ccc(CN2CCc3ccccc3C2)cc1,1500
CHEMBL1727369,CCc1cc(C(=O)NC2CCCc3c2cnn3-c2ccc(F)cc2F)no1,20000
CHEMBL1719188,O=C(Nc1sc2c(c1C(=O)O)CCCC2)c1ccc(Br)cc1,2250
CHEMBL1542713,O=C(COc1ccc2c(-c3ccccc3)cc(=O)oc2c1)Nc1cccnc1,4590
CHEMBL1729457,CCC1CCc2c(sc(NC(=O)c3ccccc3Br)c2C(=O)OC)C1,20000
CHEMBL1346587,COc1ccc(-c2cc(N)n(S(=O)(=O)c3c(F)c(F)c(F)c(F)c3F)n2)cc1OC,10300
CHEMBL1345225,C/C=C/Cn1c(SCc2ccc(Cl)cc2)nc2c1c(=O)[nH]c(=O)n2C,20000
CHEMBL1562608,CCC(=O)Nc1nc2ccccc2n1Cc1ccccc1Cl,16900
CHEMBL1466495,Cc1ccc(SCc2cc(O)nc(SCC(=O)Nc3cc(Cl)ccc3Cl)n2)cc1,8650
CHEMBL545531,COc1cc2ccn(CCCC(=O)OCCN3CCOCC3)c(=O)c2cc1OC.Cl,10000
CHEMBL1713298,O=C(Nc1ccc(OC(F)(F)F)cc1)c1ccc(CN2CCc3ccccc3C2)cc1,24.4
CHEMBL1701407,COC(=O)CC1=NN(c2nc3ccccc3s2)C(=O)/C1=C(/C)Nc1ccc(OC)cc1,4125
CHEMBL1731774,Cn1nccc1C(=O)N[C@H]1CCCc2c1cnn2-c1ccccc1F,994
CHEMBL4211594,N#CC1(c2ccccc2)CCN(S(=O)(=O)c2cnc3ccc(-c4cncc(C(F)(F)F)c4)nn23)CC1,20000
CHEMBL4212270,CCN1CCN(S(=O)(=O)c2cnc3ccc(-c4cncc(F)c4)nn23)CC1,30000
CHEMBL1408298,CCOc1cccc(C=NN=C(S)Nc2ccccc2[N+](=O)[O-])c1O,414
CHEMBL1424118,Nc1nc(CCl)nc(Nc2ccc3ccccc3c2)n1,11100
CHEMBL1325856,COCCn1c(C)cc(C(=O)COC(=O)c2cccc(O)c2)c1C,704
CHEMBL1543504,CCc1cc2c3c(c1)C(C)CC(C)(C)N3C(=O)/C2=C1\SC(=O)NC1=O,8160
CHEMBL1346782,O=C(Nc1sc2c(c1C(=O)O)CCCC2)c1ccccc1Cl,20000
CHEMBL1700889,CC(=O)N1c2ccc(S(=O)(=O)N3CCN(c4ccccc4)CC3)cc2CC1C,14100
CHEMBL1721360,O=C(Nc1ccc(F)cc1)c1ccc(CN2CCCCC2)cc1,20000
CHEMBL4205907,N#CC1(c2ccccc2)CCN(S(=O)(=O)c2cnc3ccc(-c4cncc(F)c4)nn23)CC1,30000
CHEMBL63,COc1ccc(C2CNC(=O)C2)cc1OC1CCCC1,500
CHEMBL255489,Cc1cc2occ(CN(C)CCN(C)Cc3cn(-c4cccc(C(F)(F)F)c4)c4ccccc34)c(=O)c2cc1C,22000
CHEMBL1728408,O=C(Nc1nc2ccccc2n1Cc1ccc(Cl)cc1)c1ccccc1,20000
CHEMBL1333821,O=C(CSc1nc(O)c2c(-c3ccccc3)csc2n1)Nc1ccccc1,1960
CHEMBL1332003,O=C(Nc1nc2ccccc2n1Cc1ccc(Cl)cc1)c1ccco1,20000
CHEMBL1412853,Cc1ccc(S(=O)(=O)n2c(N)nc3ccccc32)cc1,20000
CHEMBL1386167,COCCn1c(SCCCc2ccccc2)nc2c1c(=O)[nH]c(=O)n2C,20000
CHEMBL1727981,O=C(Nc1ccc(Cl)c([N+](=O)[O-])c1)c1ccc2ccccc2c1O,870
CHEMBL1568877,O=C(Nc1cccc([N+](=O)[O-])c1)c1ccc2ccccc2c1O,4720
CHEMBL3145165,Cc1ccc2cccc(N=Cc3c(C)[nH]n(-c4ccccc4)c3=O)c2n1,20000
CHEMBL1380946,NC(=O)c1ccc(N2CCN(S(=O)(=O)c3ccccc3)CC2)c([N+](=O)[O-])c1,20000
CHEMBL1388113,c1ccc(CNc2ncnc3scc(-c4cccs4)c23)nc1,3220
CHEMBL1600776,C=CCC1(CC=C)CCCN1C(=O)c1cc(COc2ccc(C)nc2)on1,4240
CHEMBL1719579,O=C(Nc1ccc(CN2CCc3ccccc3C2)cc1)c1ccc(Cl)cc1,20000
CHEMBL1508723,COc1cccc(Nc2nc3ccccc3nc2NS(=O)(=O)c2cccs2)c1,12300
CHEMBL1701049,O=C(Nc1nc2ccccc2n1Cc1ccccc1Cl)c1ccc(Cl)cc1,20000
CHEMBL1562608,CCC(=O)Nc1nc2ccccc2n1Cc1ccccc1Cl,20000
CHEMBL126805,CCOC(=O)CCCOc1nc(Nc2ccccc2)nc2cc(OC)c(OC)cc12,25000
CHEMBL338765,CCOC(=O)CCCn1ccc2cc(OC)c(OC)cc2c1=O,5000
CHEMBL419775,CCOC(=O)CCn1cnc2cc(OC)c(OC)cc2c1=O,9000
CHEMBL1526705,O=C(CCc1ccccc1)Nc1sc2c(c1C(=O)O)CCCC2,20000
CHEMBL1495977,COC(=O)c1ccc2nc(Nc3nc4ccc(F)cc4s3)sc2c1,462
CHEMBL1704728,CSc1ccc(NC(=O)c2ccc(CN3CCc4ccccc4C3)cc2)cc1,372
CHEMBL1341697,O=[N+]([O-])c1ccc(Cl)c(/C=C/c2cc(C(F)(F)F)nc(O)n2)c1,10300
CHEMBL1521474,Nc1nc2ccccc2n1S(=O)(=O)c1ccc(Cl)cc1,20000
CHEMBL1705002,COC(=O)CC1=NN(c2nc3ccccc3s2)C(=O)/C1=C(/C)Nc1ccc(Cl)cc1,36.9
CHEMBL1704929,Cc1ccccc1C(=O)Nc1nc2ccccc2n1Cc1ccc(Cl)cc1,20000
CHEMBL1705298,COc1ccc(-c2nc(CN3CCN(c4ncnc5ccccc45)CC3)c(C)o2)cc1,4080
CHEMBL1369879,c1ccc(-c2csc3ncnc(NCc4ccccn4)c23)cc1,4230
CHEMBL1484482,O=C(c1ccc(S(=O)(=O)N2CCCCC2)cc1)N1CCN(CCN2C(=O)c3cccc4cccc(c34)C2=O)CC1,5550
CHEMBL1370183,CCOC(=O)C1=C(Cc2ccc(Cl)cc2)C(=O)c2ccccc2C1=O,6240
CHEMBL1387232,CC(=O)Nc1nc2ccccc2n1Cc1ccccc1Cl,19900
CHEMBL1361156,CC(=O)Nc1ccc(NC(=O)c2ccc(CN3CCc4ccccc4C3)cc2)cc1,20000
CHEMBL1481689,Cc1nc(CN(C)C(=O)c2cc(COc3ccc4ncccc4c3)on2)cs1,20000
CHEMBL3640432,COc1ccc2c(c1)C(=O)N(C[C@@]1(C#Cc3nc(-c4cnc(N(C)C)nc4)ccc3OC)NC(=O)NC1=O)C2,10001
CHEMBL3640380,COc1ccc2c(c1)C(=O)N(C[C@@]1(C#Cc3ccc(-n4cncn4)cc3)NC(=O)NC1=O)C2,1140
CHEMBL3642459,COc1ccc2c(c1)C(=O)N(C[C@@]1(C#Cc3cncc(-c4cc[nH]n4)c3)NC(=O)NC1=O)C2,678
CHEMBL3642500,COc1ccc2c(c1)C(=O)N(C[C@@]1(C#Cc3ccc(C(N=O)N4CCN(C5CCCCC5)CC4)cc3)NC(=O)NC1=O)C2,76
CHEMBL3642502,COc1ccc2c(c1)C(=O)N(C[C@@]1(C#Cc3ccc(C(N=O)N4CCN(c5ccccc5)CC4)cc3)NC(=O)NC1=O)C2,278
CHEMBL3642504,CCN1CCN(C(CO)c2ccc(C#C[C@]3(CN4Cc5ccc(OC)cc5C4=O)NC(=O)NC3=O)cc2)CC1,504
CHEMBL3642523,COc1ccc2c(c1)C(=O)N(C[C@@]1(C#Cc3ccc(C(C)(C)C(N)=O)cc3)NC(=O)NC1=O)C2,517
CHEMBL3642550,COc1ccc2c(c1)C(=O)N(C[C@@]1(C#Cc3cccnc3-c3cncnc3)NC(=O)NC1=O)C2,1593
CHEMBL110949,CCCOc1ccc(C(CC(N)=O)N2C(=O)c3ccccc3C2=O)cc1OCCC,55000
CHEMBL1387448,CC1(C)Cc2c(sc(NC(=O)c3ccccc3)c2C(=O)O)CO1,20000
CHEMBL3741215,Cc1ccc2occ(CN3CCN(Cc4cn(-c5cccc(C(F)(F)F)c5)c5ccccc45)CC3)c(=O)c2c1,15000
CHEMBL63,COc1ccc(C2CNC(=O)C2)cc1OC1CCCC1,200
CHEMBL170920,CCOC(=O)CCCn1c(=O)c2nccnc2n(CC(C)C)c1=O,20000
CHEMBL88935,COC(=O)CC(c1ccc(OC)c(OC)c1)N1C(=O)c2ccccc2C1=O,2900
CHEMBL1699379,CCC(=O)N1CCc2cc(S(=O)(=O)N3CCN(c4ccc(Cl)cc4)CC3)ccc21,20000
CHEMBL1717116,COc1ccc(N2CCN(S(=O)(=O)c3ccc4c(c3)CC(C)N4C(C)=O)CC2)cc1,4300
CHEMBL1372308,Cc1c(O)ccc2c(-c3ccccc3)cc(=O)oc12,6620
CHEMBL1372398,O=C(c1ccc(S(=O)(=O)c2cccc(Cl)c2)c([N+](=O)[O-])c1)N1CCN(c2ccccn2)CC1,4430
CHEMBL1732337,CC1Cc2cc(S(=O)(=O)N3CCN(c4ccc([N+](=O)[O-])cc4)CC3)ccc2N1C(=O)C1CC1,236
CHEMBL1384893,COc1ccc(CNS(=O)(=O)c2ccc3c(c2)CC(C)N3C(=O)C2CC2)cc1,20000
CHEMBL1323512,Cl.O=[N+]([O-])c1ccc(O)c(Nc2ncnc3ccc(Br)cc23)c1,6280
CHEMBL1569988,CC(C)(C)c1ccc(C(=O)O/N=C(\N)c2ccccc2)cc1,1510
CHEMBL1698552,O=C(Nc1nc2ccccc2n1Cc1ccc(Cl)cc1)c1ccc(F)cc1,20000
CHEMBL1698647,Cc1cc(C(=O)NC2CCCc3c2cnn3-c2ccccc2F)n(Cc2ccc(F)cc2)n1,20000
CHEMBL1700026,CCC(=O)N1CCc2cc(S(=O)(=O)N3CCN(c4ccc([N+](=O)[O-])cc4)CC3)ccc21,20000
CHEMBL352725,CCCCn1c(=O)n(CCCC(=O)OCC)c(=O)c2nccnc21,15000
CHEMBL174254,CCCCCCCn1c(=O)c2nsnc2n(C)c1=O,75000
CHEMBL3948031,COc1cccc2c1ncc1c(=O)n(-c3cccc(Cl)c3)c(=O)n(C3CCCCC3)c12,4
CHEMBL3962096,COc1cccc2c1ncc1c(=O)n(-c3ccc4c(c3)OCO4)c(=O)n(C3CCN(C(=O)OC(C)(C)C)CC3)c12,1
CHEMBL1441295,N#C/C(=C(/O)COC(=O)CSc1ccc2ccccc2c1)c1nc2ccccc2[nH]1,20000
CHEMBL1735377,N#Cc1cccc(NC(=O)CSc2nc3scc(-c4ccccc4)c3c(=O)[nH]2)c1,20000
CHEMBL1434502,Cc1ccc2c(c1)CCCN2S(=O)(=O)c1cccc(C(=O)Nc2ccccc2C(=O)O)c1,7520
CHEMBL1699379,CCC(=O)N1CCc2cc(S(=O)(=O)N3CCN(c4ccc(Cl)cc4)CC3)ccc21,20000
CHEMBL1717510,O=C(Nc1nc2ccccc2n1Cc1ccc(Cl)cc1)c1ccc(Cl)cc1,20000
CHEMBL1736791,O=C(Nc1ccc(S(=O)(=O)O)cc1)c1ccc(CN2CCc3ccccc3C2)cc1,20000
CHEMBL1537124,CC(=O)N1c2ccc(S(=O)(=O)N3CCC(C(=O)Nc4cccc(C)n4)CC3)cc2CC1C,6020
CHEMBL1439726,CC1(C)Cc2c(sc(NC(=O)c3ccccc3Cl)c2C(=O)O)CO1,20000
CHEMBL1327276,COCC1CCN(C(=O)c2cc(COc3ccc4ncccc4c3)on2)CC1,4810
CHEMBL1703685,COc1ccc(-c2cc(C(=O)NC3CCCc4c3cnn4-c3ccccc3F)n(C)n2)cc1,1360
CHEMBL111560,CNC(=O)CC(c1ccc(OC)c(OC)c1)N1C(=O)c2ccccc2C1=O,12000
CHEMBL169795,CCOC(=O)CCCn1c(=O)c2c(nc(Br)n2C)n(C)c1=O,60000
CHEMBL3932267,CCc1cccc(-n2c(=O)c3cnc4c(OC)cccc4c3n(C3CCCC3)c2=O)c1,6
CHEMBL3976439,COc1cccc2c1ncc1c(=O)n(-c3cccc(Cl)c3)c(=O)n(C3CCN(C(C)=O)CC3)c12,2
CHEMBL3954709,COc1cccc2c1ncc1c(=O)n(-c3cccc(Cl)c3)c(=O)n(C3CCN(C(=O)NC(C)C)CC3)c12,0.3
CHEMBL3962756,COc1cccc2c1ncc1c(=O)n(-c3ccccc3Cl)c(=O)n(C3CCC(C)CC3)c12,20
CHEMBL433314,CNC(=O)[C@@H](NC(=O)[C@H](CC(C)C)[C@H](CO)C(=O)NO)C(C)(C)C,1606
CHEMBL3928313,CCn1c(=O)c2cnc3c(OC)cccc3c2n(C(C)C)c1=O,20000
CHEMBL306090,CNC(=O)[C@@H](NC(=O)[C@H](c1ccc(C)cc1)[C@H](CO)C(=O)NO)C(C)(C)C,269
CHEMBL111637,COc1cccc(C(CC(N)=O)N2C(=O)c3ccccc3C2=O)c1,120000
CHEMBL3741278,Nc1cccc(-n2cc(C(=O)N3CCN(C(=O)c4coc5ccccc5c4=O)CC3)c3cc(N)ccc32)c1,40000
CHEMBL3741027,O=C(c1ccccc1)N1CCN(Cc2cn(-c3cccc(C(F)(F)F)c3)c3ccccc23)CC1,15000
CHEMBL255489,Cc1cc2occ(CN(C)CCN(C)Cc3cn(-c4cccc(C(F)(F)F)c4)c4ccccc34)c(=O)c2cc1C,5000
CHEMBL4108792,COc1cccc2c1ncc1c(=O)n(-c3cccc(Cl)c3)c(=O)n([C@@H]3CCN(C(=O)OC(C)(C)C)C3)c12,0.3
CHEMBL3642551,COc1ccc2c(c1)C(=O)N(C[C@@]1(C#Cc3cccnc3-c3ccncc3)NC(=O)NC1=O)C2,2265
CHEMBL3642552,COc1ccc2c(c1)C(=O)N(C[C@@]1(C#Cc3ccc(-c4cn[nH]c4)nc3)NC(=O)NC1=O)C2,372
CHEMBL340827,CCOC(=O)CCCn1cnc2cc(F)ccc2c1=O,25000
CHEMBL3642565,COc1ccc2c(c1)CCN(C[C@@]1(C#Cc3ccc(/C(=N/O)N4CCCN(C)CC4)cc3)NC(=O)NC1=O)C2=O,639
CHEMBL3640301,COc1ccc2c(c1F)C(=O)N(C[C@@]1(C#Cc3ccc4c(c3)CN(C)C(=O)N4)NC(=O)NC1=O)C2,281.3
CHEMBL3640431,COc1ccc2c(c1)C(=O)N(C[C@@]1(C#Cc3ccc(N4CCCCC4)nc3)NC(=O)NC1=O)C2,514
CHEMBL3642438,COc1ccc2c(c1)C(=O)N(C[C@@]1(C#Cc3cnc(N4CCC(=O)CC4)nc3N)NC(=O)NC1=O)C2,1008
CHEMBL1288211,COc1ccc2c(c1)C(=O)N(C[C@@]1(C#Cc3ccc(CC(N)=O)cc3)NC(=O)NC1=O)C2,139
CHEMBL1529741,CC1=C(C(=O)NC2CCCc3c2cnn3-c2cccc(C)c2C)OCCO1,12500
CHEMBL1729511,CC(C)(C)c1ccc(C(=O)O/N=C(\N)c2cccc([N+](=O)[O-])c2)cc1,20000
CHEMBL18701,CCCCOc1cc(CC2CNC(=O)N2)ccc1OC,50000
CHEMBL127198,COc1cc2ccnc(Nc3ccc(Br)cc3)c2cc1OC,38000
CHEMBL170395,CCOC(=O)CCCn1c(=O)c2nccnc2n(Cc2ccccc2)c1=O,175000
CHEMBL127042,CCCn1c(=O)n(CCCC(=O)OCC)c(=O)c2nccnc21,5000
CHEMBL1382232,Cc1cc(SCC(=O)OC/C(O)=C(\C#N)c2nc3ccccc3[nH]2)c(C)cc1Br,20000
CHEMBL3642516,COc1ccc2c(c1)C(=O)N(C[C@@]1(C#Cc3ccc(C(N=O)N4CCN(C)CC4)nc3)NC(=O)NC1=O)C2,87
CHEMBL3642541,CCC1(c2ccc(C#CC3(CN4Cc5ccc(OC)cc5C4=O)NC(=O)NC3=O)cc2)NC(=O)NC1=O,225
CHEMBL3642526,C#C[C@]1(CN2Cc3ccc(OC)c(F)c3C2=O)NC(=O)NC1=O,841
CHEMBL111973,COc1ccc(C(CC(N)=O)N2C(=O)c3ccccc3C2=O)cc1,62000
CHEMBL126246,CCOC(=O)CCCn1cc(C#N)c2cc(OC)c(OC)cc2c1=O,5000
CHEMBL1700382,COc1ccc(C(=O)Nc2nc3ccccc3n2Cc2ccc(Cl)cc2)cc1,20000
CHEMBL1488993,Nc1nc2ccccc2n1CCOc1ccc(Cl)cc1,20000
CHEMBL229012,O=C(Nc1sc2c(c1C(=O)O)CCCC2)c1cccs1,20000
CHEMBL1730398,Cc1cc(C(=O)NC2CCCc3c2cnn3-c2ccccc2F)[nH]n1,20000
CHEMBL1481543,Cc1ccc(C(=O)O/N=C(\N)c2ccccn2)c(C)c1,70.6
CHEMBL1369425,O=C(c1ccc(Cn2c(=S)[nH]c3ccccc3c2=O)cc1)N1CCN(c2ccccn2)CC1,7610
CHEMBL1700382,COc1ccc(C(=O)Nc2nc3ccccc3n2Cc2ccc(Cl)cc2)cc1,20000
CHEMBL1373066,O=C(NC(=S)Nc1sc2c(c1C(=O)O)CCCC2)c1ccccc1,15500
CHEMBL1472304,CN(Cc1cccnc1)C(=O)c1cc(COc2ccc3ncccc3c2)on1,5240
CHEMBL1480238,COC(=O)c1ccc2nc(Nc3nc4c(F)cc(F)cc4s3)sc2c1,230
CHEMBL599890,Cc1nonc1C(=O)NN=Cc1ccc([N+](=O)[O-])o1,20000
CHEMBL1308276,Oc1nc(/C=C/c2ccc(Cl)cc2Cl)cc(C(F)(F)F)n1,3750
CHEMBL1335978,COc1cc(C(=O)Nc2sc3c(c2C(=O)O)CCC(C)C3)cc(OC)c1OC,7410
CHEMBL1491541,CCCc1nc(SCC(=O)N2CCC(Cc3ccccc3)CC2)c2c(=O)n(C)c(=O)n(C)c2n1,11000
CHEMBL322814,COC(=O)CC(c1ccc(OC)c(OC)c1)N1C(=O)c2ccc([N+](=O)[O-])cc2C1=O,34000
CHEMBL127149,CCOC(=O)CCCn1cnc2cc(OC)c(OC)c([N+](=O)[O-])c2c1=O,11000
CHEMBL89890,COc1ccc(C(CC(N)=O)N2C(=O)c3ccccc3C2=O)cc1OC,12000
CHEMBL1698072,Nc1cc(NC(=O)c2ccc3ccccc3c2O)ccc1Cl,20000
CHEMBL1314651,COc1ccc(-c2cc(N)n(S(=O)(=O)c3ccc(Cl)cc3)n2)cc1OC,20000
CHEMBL1711631,Nc1nc2ccccc2n1S(=O)(=O)c1ccc(Cl)c(Cl)c1,20000
CHEMBL124456,CNC(=O)CCCn1ccc2cc(OC)c(OC)cc2c1=O,100000
CHEMBL127148,CCOC(=O)CCCn1cnc2cc(OC)c(OC)c(N)c2c1=O,15000
CHEMBL1515929,COc1ccc(-c2cc(N)n(S(=O)(=O)c3ccc(F)cc3)n2)cc1OC,20000
CHEMBL1711872,Cc1ccccc1S(=O)(=O)n1c(N)nc2ccccc21,20000
CHEMBL1705192,CC(C)c1ccc(S(=O)(=O)n2c(N)nc3ccccc32)cc1,20000
CHEMBL126415,CCOC(=O)CCCn1ccc2cc(OC(C)=O)c(OC(C)=O)cc2c1=O,9000
CHEMBL3741720,CN(CCN(C)C(=O)c1cn(S(=O)(=O)c2ccccc2)c2ccccc12)C(=O)c1coc2ccccc2c1=O,60000
CHEMBL3741940,O=C(c1coc2ccccc2c1=O)N1CCN(C(=O)c2cn(S(=O)(=O)c3cccc([N+](=O)[O-])c3)c3ccccc23)CC1,40000
CHEMBL3740080,O=C(c1coc2ccccc2c1=O)N1CCN(C(=O)c2cn(-c3cccc([N+](=O)[O-])c3)c3ccc([N+](=O)[O-])cc23)CC1,20000
CHEMBL3741027,O=C(c1ccccc1)N1CCN(Cc2cn(-c3cccc(C(F)(F)F)c3)c3ccccc23)CC1,20000
CHEMBL3972551,CCCCn1c(=O)n(-c2cccc(C)c2)c(=O)c2cnc3c(OC)cccc3c21,1
CHEMBL3966151,COc1cccc2c1ncc1c(=O)n(-c3cccc(Cl)c3)c(=O)n(C3CCN(C(=O)OC(C)(C)C)CC3)c12,1
CHEMBL3911773,COc1cccc2c1ncc1c(=O)n(-c3ccc(Cl)cc3)c(=O)n(C3CCC(C)CC3)c12,0.9
CHEMBL1586616,N#CC(c1ccccc1)c1ccc2c(C(F)(F)F)cc(C(F)(F)F)nc2n1,5880
CHEMBL1538154,COc1ccc(-c2cc(C)no2)cc1S(=O)(=O)N1CCN(c2ccc(F)cc2)CC1,4690
CHEMBL3898279,CCn1c(=O)c2cnc3c(OC)cccc3c2n(CC(C)C)c1=O,1100
CHEMBL3644499,COc1cccc2c1ncc1c(=O)n(-c3cccc(C)c3)c(=O)n(C3CCCC3)c12,6
CHEMBL3947142,COc1cccc2c1ncc1c(=O)n(-c3cccc(Cl)c3)c(=O)n(C3CCNCC3)c12,5
CHEMBL3986640,COc1cccc2c1ncc1c(=O)n(-c3cccc(Cl)c3)c(=O)n(CC3CCN(S(C)(=O)=O)CC3)c12,2
CHEMBL3326315,O=C1Sc2c(S(=O)(=O)Nc3ccc(O)cc3)cc(S(=O)(=O)Nc3ccc(O)cc3)c3cccc1c23,25300
CHEMBL3314616,O=S(=O)(Nc1ccc(O)c(Cl)c1)c1ccc(F)cc1,100000
CHEMBL3640296,COc1ccc2c(c1)C(=O)N(C[C@@]1(C#Cc3ccc(C(N)C(F)(F)F)cc3)NC(=O)NC1=O)C2,1086
CHEMBL3640425,COc1ccc2c(c1)C(=O)N(C[C@@]1(C#Cc3nc(-c4cccc(C#N)c4)ccc3OC)NC(=O)NC1=O)C2,1000001
CHEMBL3642465,COc1ccc2c(c1)C(=O)N(C[C@@]1(C#Cc3cncc(NS(=O)(=O)C(C)C)c3)NC(=O)NC1=O)C2,1001
CHEMBL3741720,CN(CCN(C)C(=O)c1cn(S(=O)(=O)c2ccccc2)c2ccccc12)C(=O)c1coc2ccccc2c1=O,60000
CHEMBL1447125,Cc1cccc(Nc2nc(N)nc(CCl)n2)c1C,9450
CHEMBL1595779,CSc1ccccc1OCc1cc(C(=O)N2CCC(c3ccncc3)CC2)no1,3220
CHEMBL1504170,COc1ccc(N2CCN(C(=O)c3ccc(CNS(=O)(=O)c4ccc(C)cc4)cc3)CC2)cc1,20000
CHEMBL1606820,CC(C)(C)C(=O)/N=C(\N)Nc1nc2ccccc2o1,16500
CHEMBL1729949,CSc1ccc(NC(=O)c2ccc(CN3CCc4ccccc43)cc2)cc1,20000
CHEMBL1607172,Cc1ccccc1C(=O)N1CCN(c2ccc(NC(=O)c3ccc4c(c3)OCCO4)cc2)CC1,4730
CHEMBL1732655,CCCCn1c(SCCCc2ccccc2)nc2c1c(=O)[nH]c(=O)n2C,17700
CHEMBL1448844,C/C=C/Cn1c(SCc2ccccc2)nc2c1c(=O)[nH]c(=O)n2C,20000
CHEMBL3326315,O=C1Sc2c(S(=O)(=O)Nc3ccc(O)cc3)cc(S(=O)(=O)Nc3ccc(O)cc3)c3cccc1c23,14000
CHEMBL3916613,CCn1c(=O)c2cnc3c(OC)cc(Cl)cc3c2n(C2CCCC2)c1=O,3500
CHEMBL111111,COC(=O)CC(c1ccc(OC)c(OC)c1)N1C(=O)c2ccc(C(C)(C)C)cc2C1=O,4200
CHEMBL3642472,COc1ccc2c(c1)C(=O)N(C[C@@]1(C#Cc3cc(Cl)cnc3N)NC(=O)NC1=O)C2,10001
CHEMBL3642456,COc1ccc2c(c1)C(=O)N(C[C@@]1(C#Cc3c(C)ncc(C(=O)O)c3O)NC(=O)NC1=O)C2,699
CHEMBL169882,Cn1c(=O)n(CCCC(=O)O)c(=O)c2nccnc21,200000
CHEMBL4060030,Nc1nccc(N(Cc2ccccc2)c2ccccc2-c2cccc(-c3cnc(N4CCNCC4)nc3)c2)n1,1100
CHEMBL1491481,CCCn1c(SCCc2ccccc2)nc2c1c(=O)[nH]c(=O)n2C,20000
CHEMBL1331314,CCCn1c(SCC(=O)Nc2nc3c(s2)CCCC3)nc2c1c(=O)n(C)c(=O)n2C,3310
CHEMBL368458,CCCn1c(=O)n(CCCC(=O)OCC)c(=O)c2nsnc21,18000
CHEMBL1444568,CCCCn1c(CN2CCN(c3cccc(Cl)c3)CC2)nc2c1c(=O)n(C)c(=O)n2C,5690
CHEMBL3356478,O=S(=O)(Nc1cc(Cl)c(O)c(Cl)c1)c1ccc2ccccc2c1,100000
CHEMBL126816,CCOC(=O)CCCn1cnc2cc(N)ccc2c1=O,9000
CHEMBL339952,CCOC(=O)CCCn1cnc2ccc(Cl)cc2c1=O,25000
CHEMBL1733730,Nc1nc2ccccc2n1S(=O)(=O)c1ccc(OC(F)(F)F)cc1,20000
CHEMBL1725059,Nc1nc2ccccc2n1S(=O)(=O)c1ccc(F)cc1,20000
CHEMBL171179,CCCCCn1c(=O)n(CCCC(=O)OCC)c(=O)c2nccnc21,16000
CHEMBL323009,NC(=O)CC(c1ccc2ccccc2c1)N1C(=O)c2ccccc2C1=O,51000
CHEMBL3640406,COc1ccc2c(c1F)C(=O)N(C[C@@]1(C#Cc3cncc(NC(=O)C4CCN(C)CC4)c3)NC(=O)NC1=O)C2,86
CHEMBL255489,Cc1cc2occ(CN(C)CCN(C)Cc3cn(-c4cccc(C(F)(F)F)c4)c4ccccc34)c(=O)c2cc1C,1300
CHEMBL1299367,CCCCn1c(SCC(=O)c2ccccc2)nc2c1c(=O)[nH]c(=O)n2C,20000
CHEMBL3640316,COc1ccc2c(c1)C(=O)N(C[C@@]1(C#Cc3ccc4c(-c5ccncc5)n[nH]c4c3)NC(=O)NC1=O)C2,1005.4
CHEMBL334207,COc1cc2ccnc(Nc3ccccc3)c2cc1OC,100000
CHEMBL127390,CCOC(=O)CCCn1c(N=[N+]=[N-])nc2cc(OC)c(OC)cc2c1=O,14000
CHEMBL355042,CCOC(=O)CCCn1c(=O)c2nccnc2n(C2CCOC2)c1=O,19000
CHEMBL170259,COC(=O)c1ccc(Cn2c(=O)c3c(nc(Br)n3C)n(C)c2=O)cc1,200000
CHEMBL1411639,Cc1cc(-c2ccc(C)c(S(=O)(=O)N3CCN(c4ccc([N+](=O)[O-])cc4)CC3)c2)on1,2110
CHEMBL1574961,O=S(=O)(Nc1nc2ccccc2[nH]1)c1ccc(Cl)cc1,20000
CHEMBL1532328,O=C(Nc1ccc(F)cc1)c1ccc(CN2CCc3ccccc3C2)cc1,2880
CHEMBL1700405,COc1ccc(NC(=O)c2ccc(CN3CCc4ccccc4C3)cc2)cc1,650
CHEMBL1719980,CC(=O)c1ccc(N2CCN(S(=O)(=O)c3ccc4c(c3)CCN4C(C)=O)CC2)cc1,13200
CHEMBL1332003,O=C(Nc1nc2ccccc2n1Cc1ccc(Cl)cc1)c1ccco1,20000
CHEMBL3640434,COc1ccc2c(c1)C(=O)N(C[C@@]1(C#Cc3nc(-c4ccc(S(=O)(=O)NC5CC5)cc4)ccc3OC)NC(=O)NC1=O)C2,7043
CHEMBL4215614,COc1ccc(-c2ccc3ncc(S(=O)(=O)N4CCC(C#N)(c5ccccc5)CC4)n3n2)cc1OC,500
CHEMBL4212933,O=S(=O)(NCC1CCCO1)c1cnc2ccc(Cl)nn12,30000
CHEMBL127081,CCOC(=O)CCCn1cnc2cc(Cl)ccc2c1=O,25000
CHEMBL320347,NC(=O)CC(c1ccc(Cl)c(Cl)c1)N1C(=O)c2ccccc2C1=O,70000
CHEMBL1448844,C/C=C/Cn1c(SCc2ccccc2)nc2c1c(=O)[nH]c(=O)n2C,20000
CHEMBL1468879,C=CCn1c(SCCCc2ccccc2)nc2c1c(=O)[nH]c(=O)n2C,16800
CHEMBL555277,CCOC(=O)CCCn1cnc2cc(OC)c(OC)c(N)c2c1=O.Cl,20000
CHEMBL126353,CCOC(=O)CCCN1CNc2ccc(N)cc2C1=O,10000
CHEMBL1699939,Nc1cc(-c2ccccc2)nn1S(=O)(=O)c1ccc(F)c(Cl)c1,20000
CHEMBL1354593,Nc1cc(-c2ccc(Cl)cc2)nn1S(=O)(=O)c1c(F)c(F)c(F)c(F)c1F,20000
CHEMBL110972,N#Cc1ccc(C(CC(N)=O)N2C(=O)c3ccccc3C2=O)cc1,150000
CHEMBL414429,CCOC(=O)CCCn1cnc2cc(OC)c(OC)c(Cl)c2c1=O,22000
CHEMBL1465706,O=C(Nc1ccc(S(=O)(=O)N2CCCC2)cc1)c1ccc(CN2CCc3ccccc3C2)cc1,639
CHEMBL1433943,CC1CCN(S(=O)(=O)c2nnc(NC(=O)c3cccc(Cl)c3)s2)CC1,6640
CHEMBL1710033,O=C(Nc1ccc(Br)cc1)c1ccc(CN2CCc3ccccc3C2)cc1,10900
CHEMBL1485417,Cc1cc(C(=O)NC2CCCc3c2cnn3-c2ccc(C(C)(C)C)cc2)nn1C,1440
CHEMBL544359,CCOC(=O)CCCn1cc(N)c2cc(OC)c(OC)cc2c1=O.Cl,37000
CHEMBL4764442,C[C@@H](Nc1c(Cl)cnc2ccc(-c3ccc(C(C)(C)O)cc3)cc12)c1ccccc1F,65
CHEMBL354675,CCOC(=O)Cn1c(=O)c2c(ncn2C)n(C)c1=O,200000
CHEMBL4783333,N#CCc1ccc(-c2cccc3ccncc23)cc1,7960
CHEMBL4743794,CC(Nc1c(Cl)cnc2ccc(-c3cnc(C(C)(C)O)nc3)c(Cl)c12)c1ccccc1F,116
CHEMBL4748132,CC(Nc1c(Cl)cnc2cc(F)c(-c3cnc(C(C)(C)O)nc3)cc12)c1ccccc1F,48
CHEMBL4779059,Cc1ccc(C)c(Nc2c(Cl)cnc3ccc(-c4cnc(C(C)(C)O)nc4)cc23)c1,105
CHEMBL4436748,Nc1c(C(=O)NCc2ccc(C(=O)NCCCC3CCCCC3)cc2)cnn1-c1ccccc1,283
CHEMBL4277438,Cc1nc(Nc2ccc(Cl)nc2)c(C)c(C)c1O,360
CHEMBL338340,CCOC(=O)CCCn1cnc2cc(OC)c(OC)c(N=[N+]=[N-])c2c1=O,25000
CHEMBL4215621,COc1cccc(CNS(=O)(=O)c2cnc3ccc(-c4cnc(N)c(C(F)(F)F)c4)nn23)c1,30000
CHEMBL4204718,COc1cccc(CNS(=O)(=O)c2cnc3ccc(-c4ccc(OC)nc4)nn23)c1,30000
CHEMBL255489,Cc1cc2occ(CN(C)CCN(C)Cc3cn(-c4cccc(C(F)(F)F)c4)c4ccccc34)c(=O)c2cc1C,1200
CHEMBL127259,CCOC(=O)CCCn1cnc2cc(OC)c(OC)cc2c1=O,3000
CHEMBL4878322,CCCCC/C=C\C/C=C\CCCCCCCCOCC(CNC(=O)c1cccc(C2CCNCC2)c1)OCCCCCCCC/C=C\C/C=C\CCCCC,30000
CHEMBL4874060,CCCCCCCCCCCCCCOCC(CNC(=O)[C@H](CCCCN)NC(C)=O)OCCCCCCCCCCCCCC.Cl,30000
CHEMBL4850204,CCCCCCCCCCCCCCOCC(CNC(=O)[C@@H](CCCCN)NC(=O)OCc1ccccc1)OCCCCCCCCCCCCCC.Cl,30000
CHEMBL4877782,CCCCCCCCCCCCCCOCC(CNC(=O)[C@H](CCCCN)NCc1ccc(F)cc1)OCCCCCCCCCCCCCC.Cl,30000
CHEMBL170479,CCOC(=O)CCCn1c(=O)c2c(ncn2C)n(C)c1=O,6000
CHEMBL124975,CCOC(=O)CCCn1cc(Br)c2cc(O)c(O)cc2c1=O,1000
CHEMBL4299667,CC[C@@H](C)[C@@H](NC(=O)[C@@H](CCC(N)=O)NC(=O)[C@@H](CCC(N)=O)NC(=O)[C@@H](Cc1ccccc1)NC(=O)[C@@H](CCC(=O)O)NC(=O)[C@@H](CCC(N)=O)NC(=O)[C@H](NC(=O)[C@@H](CCC(=O)O)NC(=O)[C@@H](CCC(N)=O)NC(=O)[C@H](Cc1c[nH]c2ccccc12)NC(=O)[C@H](CC(N)=O)NC(=O)[C@H](CCCNC(=N)N)NC(=O)[C@H](CCCCN)NC(=O)[C@H](CC(C)C)NC(=O)[C@H](CCC(=O)O)NC(=O)[C@H](CC(=O)O)NC(=O)[C@H](CCC(=O)O)NC(=O)[C@H](C)NC(=O)[C@H](N)CC(=O)O)[C@@H](C)CC)C(=O)N[C@H](CC(C)C)C(=O)N[C@H](CCC(N)=O)C(=O)N[C@H](CCSC)C(=O)N[C@H](Cc1ccccc1)C(=O)N[C@H](Cc1ccccc1)C(=O)N[C@H](CCC(=O)O)C(=O)N[C@H](Cc1c[nH]c2ccccc12)C(=O)N[C@@H](Cc1c[nH]c2ccccc12)C(=O)N[C@@H](CCC(N)=O)C(=O)N[C@H](CCCCN)C(=O)N[C@@H](CC(=O)O)C(=O)O,11900
CHEMBL341096,CCOC(=O)CCCn1cc([N+](=O)[O-])c2cc(OC)c(OC)cc2c1=O,35000
CHEMBL3938310,CCC(C)n1c(=O)c2cnc3c(OC)cccc3c2n(C2CCCC2)c1=O,450
CHEMBL3944621,CCn1c(=O)c2cnc3c(OC)cccc3c2n(C2CCC(C)CC2)c1=O,200
CHEMBL4779860,CC1(C)C(=O)c2ccccc2N1Cc1ccccc1OC(F)F,5300
CHEMBL3958464,COc1cccc2c1ncc1c(=O)n(-c3ccc4c(c3)OCCO4)c(=O)n(C3CCCC3)c12,240
CHEMBL1351584,CC1Cc2cc(S(=O)(=O)N3CCN(c4ccc(Cl)cc4)CC3)ccc2N1C(=O)C1CC1,9520
CHEMBL1728008,CCOc1ccc(C(=O)Nc2ccc(CN3CCc4ccccc4C3)cc2)cc1,20000
CHEMBL1723575,O=C(Nc1nc2ccccc2n1Cc1ccc(Cl)cc1)c1cccs1,20000
CHEMBL1333987,Oc1ccc(N=Nc2ccccc2C(F)(F)F)c2cccnc12,7030
CHEMBL1445071,COc1cc(/C=C2/C(=O)NN(c3cccc(Cl)c3)C2=O)cc(Br)c1O,20000
CHEMBL1714566,O=C(NC1CCCc2c1cnn2-c1ccccc1F)c1ccnn1-c1ccccc1,20000
CHEMBL1306769,CC1CCc2c(sc(NC(=O)/C=C/c3cccs3)c2C(=O)O)C1,9630
CHEMBL3640345,COc1ccc2c(c1)C(=O)N(C[C@@]1(C#Cc3ccc(CN4CCN(c5nccs5)CC4)cc3)NC(=O)NC1=O)C2,3127
CHEMBL3640328,COc1ccc2c(c1)C(=O)N(C[C@@]1(C#Cc3ccc(C(=O)N4CCN(C5CCCCC5)CC4)cc3)NC(=O)NC1=O)C2,578
CHEMBL3642446,COc1ccc2c(c1)C(=O)N(C[C@@]1(C#Cc3cnc4ccccc4c3CO)NC(=O)NC1=O)C2,8897
CHEMBL3642463,CCN1CCN(c2n[nH]c3cc(C#C[C@]4(CN5Cc6ccc(OC)cc6C5=O)NC(=O)NC4=O)ccc23)CC1,187.95
CHEMBL3642520,COc1ccc2c(c1)C(=O)N(C[C@@]1(C#Cc3ccc([C@H]4CCC(=O)N4)cc3)NC(=O)NC1=O)C2,736
CHEMBL3642532,COC(=O)C(c1ccc(C#C[C@]2(CN3Cc4ccc(OC)cc4C3=O)NC(=O)NC2=O)cc1)N1CCCNCC1,566
CHEMBL3642545,COC(=O)Cc1ccc(C#C[C@]2(CN3Cc4ccc(OC)cc4C3=O)NC(=O)NC2=O)cc1,379
CHEMBL3642561,COc1ccc2c(c1)C(=O)N(C[C@@]1(C#Cc3ccc4c(c3)CC[C@]43NC(=O)NC3=O)NC(=O)NC1=O)C2,186
CHEMBL3642566,COc1ccc2c(c1)C(=O)N(C[C@@]1(C#Cc3cccnc3)NC(=O)NC1=O)CC2,10001
CHEMBL3640407,COc1ccc2c(c1)C(=O)N(C[C@@]1(C#Cc3cncc(NC(=O)C4CCN(C)CC4)c3)NC(=O)NC1=O)C2,299
CHEMBL3642490,CCN1CCN(C(N=O)c2ccc(C#C[C@]3(CN4Cc5ccc(OC)cc5C4=O)NC(=O)NC3=O)cc2)CC1,20
CHEMBL3642494,COc1ccc2c(c1)C(=O)N(C[C@@]1(C#Cc3cccc(C(N=O)N4CCN(C)CC4)c3)NC(=O)NC1=O)C2,221
CHEMBL1287881,CCN1CCN(Cc2ccc(C#C[C@]3(CN4Cc5ccc(OC)cc5C4=O)NC(=O)NC3=O)cc2)CC1,238
CHEMBL3642521,COc1ccc2c(c1)C(=O)N(C[C@@]1(C#Cc3ccc(C4(C(N)=O)CC4)cc3)NC(=O)NC1=O)C2,227
CHEMBL3642536,COc1ccc2c(c1F)C(=O)N(C[C@@]1(C#Cc3ccc(C)nc3)NC(=O)NC1=O)C2,396
CHEMBL3642540,CCN1CCC(C(=O)O)(c2ccc(C#C[C@]3(CN4Cc5ccc(OC)cc5C4=O)NC(=O)NC3=O)cc2)CC1,239.8
CHEMBL4873132,CCCCCCCCCCCCCCOCC(CNC(=O)[C@H](CCCCN)NCc1ccc(-c2ccccc2)cc1)OCCCCCCCCCCCCCC.Cl,30000
CHEMBL3642564,CCN1CCN(C(N=O)c2ccc(C#C[C@]3(CN4CCc5cc(OC)ccc5C4=O)NC(=O)NC3=O)cc2)CC1,335
CHEMBL3642562,COc1ccc2c(c1)C(=O)N(C[C@@]1(C#Cc3ccc4c(c3)CC[C@@]43NC(=O)NC3=O)NC(=O)NC1=O)C2,281
CHEMBL3640387,COc1ccc2c(c1)C(=O)N(C[C@@]1(C#Cc3ccc(Nc4c(NCCN(C)C)c(=O)c4=O)cc3)NC(=O)NC1=O)C2,161
CHEMBL4850600,CCCCCCCCCCCCCCOCC(CNC(=O)CC[C@H](NC(=O)OCC1c2ccccc2-c2ccccc21)C(=O)O)OCCCCCCCCCCCCCC.Cl,30000
CHEMBL3640333,COc1ccc2c(c1F)C(=O)N(C[C@@]1(C#Cc3ccc(CN4CCCCC4)nc3)NC(=O)NC1=O)C2,785.1
CHEMBL3640340,CCN1CCN(Cc2ccc(C#C[C@]3(CN4Cc5ccc(OC)c(F)c5C4=O)NC(=O)NC3=O)cc2)CC1,124.6
CHEMBL3640346,COc1ccc2c(c1F)C(=O)N(C[C@@]1(C#Cc3ccc(CN4CCN(c5ccncc5)CC4)cc3)NC(=O)NC1=O)C2,289.6
CHEMBL3640351,COc1ccc2c(c1F)C(=O)N(C[C@@]1(C#Cc3ccc(-c4nc(-c5cnn(C)c5)ccc4O)cc3)NC(=O)NC1=O)C2,87
CHEMBL3640353,CCC(=O)Oc1ccc(-c2cnn(C)c2)nc1-c1ccc(C#C[C@]2(CN3Cc4ccc(OC)cc4C3=O)NC(=O)NC2=O)cc1,55.9
CHEMBL3640358,COc1ccc2c(c1F)C(=O)N(C[C@@]1(C#Cc3ccc(-c4cccc(N5CCN(C6CCCCC6)CC5)n4)cc3)NC(=O)NC1=O)C2,855.6
CHEMBL3640413,COc1ccc2c(c1)C(=O)N(C[C@@]1(C#Cc3ccc(-n4cn[nH]c4=O)cc3)NC(=O)NC1=O)C2,538
CHEMBL3640417,COc1ccc2c(c1)C(=O)N(C[C@@]1(C#Cc3ccccc3C=O)NC(=O)NC1=O)C2,936
CHEMBL3642431,COc1ccc2c(c1)C(=O)N(C[C@@]1(C#Cc3ccc(CCN)cc3)NC(=O)NC1=O)C2,219
CHEMBL63,COc1ccc(C2CNC(=O)C2)cc1OC1CCCC1,12000
CHEMBL3739952,Cc1ccc2occ(CN(C)CCN(C)Cc3cn(-c4cccc(C(F)(F)F)c4)c4ccccc34)c(=O)c2c1,30000
CHEMBL3741215,Cc1ccc2occ(CN3CCN(Cc4cn(-c5cccc(C(F)(F)F)c5)c5ccccc45)CC3)c(=O)c2c1,30000
CHEMBL3742137,Cc1cc2occ(C(=O)N(C)CCN(C)C(=O)c3cn(-c4cccc(C(F)(F)F)c4)c4ccccc34)c(=O)c2cc1C,20000
CHEMBL1569954,CCOc1ccc(NC(=O)c2ccc(CN3CCc4ccccc4C3)cc2)cc1,6050
CHEMBL1472748,O=C(Nc1nnc(S(=O)(=O)N2CCCCCC2)s1)c1ccc(Br)cc1,20000
CHEMBL1482357,O=C(NC(=S)N1CCN(c2ccc(F)cc2)CC1)c1cccs1,20000
CHEMBL3326305,O=C1Nc2ccc(S(=O)(=O)Nc3ccc(O)c(Cl)c3)c3cccc1c23,42300
CHEMBL3326305,O=C1Nc2ccc(S(=O)(=O)Nc3ccc(O)c(Cl)c3)c3cccc1c23,45700
CHEMBL3640360,COc1ccc2c(c1F)C(=O)N(C[C@@]1(C#Cc3ccc(-c4cccc(N5CCOCC5)n4)cc3)NC(=O)NC1=O)C2,1635
CHEMBL3640421,COc1ccc2c(c1)C(=O)N(C[C@@]1(C#Cc3nc(-c4cccc(O)c4)ccc3OC)NC(=O)NC1=O)C2,9906
CHEMBL3642468,COc1ccc2c(c1)C(=O)N(C[C@@]1(C#Cc3c[nH]c4nc(=O)oc-4c3)NC(=O)NC1=O)C2,574
CHEMBL3642481,COc1ccc2c(c1)C(=O)N(C[C@]1(C#Cc3ccc(C(=O)NS(C)(=O)=O)nc3)NC(=O)NC1=O)C2,1001
CHEMBL3642486,COc1ccc2c(c1)C(=O)N(C[C@@]1(C#Cc3ccc(C4(C)NC(=O)NC4=O)s3)NC(=O)NC1=O)C2,208
CHEMBL3642487,COc1ccc2c(c1)C(=O)N(C[C@@]1(C#Cc3csc(C4(C)NC(=O)NC4=O)c3)NC(=O)NC1=O)C2,531
CHEMBL3642489,COc1ccc2c(c1)C(=O)N(C[C@@]1(C#Cc3ccc4oc(C5(C)NC(=O)NC5=O)c(C)c4c3)NC(=O)NC1=O)C2,545
CHEMBL3642506,CO/N=C(\c1ccc(C#C[C@]2(CN3Cc4ccc(OC)cc4C3=O)NC(=O)NC2=O)cc1)N1CCOCC1,1237
CHEMBL3640308,COc1ccc2c(c1)C(=O)N(C[C@@]1(C#Cc3ccc(-c4cc(N)n(C)n4)cc3)NC(=O)NC1=O)C2,223
CHEMBL3640310,COc1ccc2c(c1)C(=O)N(C[C@@]1(C#Cc3ccc4c(c3)c(=O)[nH]n4C)NC(=O)NC1=O)C2,1527
CHEMBL3640331,COc1ccc2c(c1F)C(=O)N(C[C@@]1(C#Cc3ccc(CN4CCOCC4)nc3)NC(=O)NC1=O)C2,698.1
CHEMBL3640341,COc1ccc2c(c1)C(=O)N(C[C@@]1(C#Cc3ccc(-c4nc(-c5cccnc5)ccc4OC(C)=O)cc3)NC(=O)NC1=O)C2,61.65
CHEMBL3640354,COc1ccc2c(c1)C(=O)N(C[C@@]1(C#Cc3ccc(-c4nc(-c5cnn(C)c5)ccc4OC(=O)C(C)C)cc3)NC(=O)NC1=O)C2,47.97
CHEMBL3640399,CCN1CCN(C(=O)C2CC(=O)N(c3ccc(C#C[C@]4(CN5Cc6ccc(OC)cc6C5=O)NC(=O)NC4=O)cc3)C2)CC1,940
CHEMBL3640422,CCN1CCN(/C(=N/O)c2cnc(C#C[C@]3(CN4Cc5ccc(OC)cc5C4=O)NC(=O)NC3=O)c(OC)c2)CC1,204
CHEMBL3640428,COc1ccc2c(c1)C(=O)N(C[C@@]1(C#Cc3nc(N4C(=O)CCC4C)ccc3OC)NC(=O)NC1=O)C2,9537.2
CHEMBL704,Nc1ccc(O)c(C(=O)O)c1,20000
CHEMBL3741926,O=C(c1ccc2ccccc2c1)N1CCN(Cc2cn(-c3cccc(C(F)(F)F)c3)c3ccccc23)CC1,20000
CHEMBL4216431,CS(=O)(=O)c1ccc(-c2ccc3ncc(S(=O)(=O)N4CCN(Cc5ccccc5)CC4)n3n2)cc1,12000
CHEMBL4214427,COc1ccc(-c2ccc3ncc(S(=O)(=O)N4CCN(c5ccccn5)CC4)n3n2)cn1,30000
CHEMBL4206607,N#CC1(c2ccccc2)CCN(S(=O)(=O)c2cnc3ccc(-c4cccnc4)nn23)CC1,7000
CHEMBL4212779,COc1cccc(CNS(=O)(=O)c2cnc3ccc(-c4cncc(F)c4)nn23)c1,6000
CHEMBL4208400,COc1cccc(CNS(=O)(=O)c2cnc3ccc(-c4ccc(S(C)(=O)=O)cc4)nn23)c1,28000
CHEMBL4204426,O=S(=O)(NCC1CCCO1)c1cnc2ccc(-c3cncc(C(F)(F)F)c3)nn12,30000
CHEMBL4213788,CCN1CCN(S(=O)(=O)c2cnc3ccc(-c4cncc(C(F)(F)F)c4)nn23)CC1,9000
CHEMBL4218009,COc1cccc(CNS(=O)(=O)c2cnc3ccc(Cl)nn23)c1,30000
CHEMBL3640350,COc1ccc2c(c1F)C(=O)N(C[C@]1(C#Cc3ccc(CN4CCN(C5CCCCC5)CC4)cc3)NC(=O)NC1=O)C2,100001
CHEMBL4778232,c1ccc(-c2cccc3ccncc23)c(OCCc2ccc(-c3cccc4ccncc34)cc2)c1,1350
CHEMBL4850092,CCCCCCCCCCCCCCOCC(CNC(=O)CCN)OCCCCCCCCCCCCCC.Cl,30000
CHEMBL4878209,CCCCCCCOC(CNC(=O)[C@H](CCCCN)NCc1ccccc1)COC,30000
CHEMBL4862279,CCCCCCCCCCCCCCOCC(CNC(=O)[C@H]1CCCN1)OCCCCCCCCCCCCCC.Cl,30000
CHEMBL4852089,CCCCCCCCCCCCCCOCC(CNC(=O)[C@@H](N)CCCCN)OCCCCCCCCCCCCCC.Cl,30000
CHEMBL255489,Cc1cc2occ(CN(C)CCN(C)Cc3cn(-c4cccc(C(F)(F)F)c4)c4ccccc34)c(=O)c2cc1C,22000
CHEMBL127280,CCOC(=O)CCCn1cnc2cc(OC)c(OC)c(NC(C)=O)c2c1=O,100000
CHEMBL4744981,CC(Nc1c(Cl)cnc2c(F)cc(-c3cnc(C(C)(C)O)nc3)cc12)c1ccccc1F,46
CHEMBL125687,CCOC(=O)CCCn1cc(F)c2c(F)c(OC)c(OC)cc2c1=O,100000
CHEMBL4128396,Cl.O=C1/C(=C/c2ccncc2)Cc2ccccc21,2130
CHEMBL4204234,O=S(=O)(c1cnc2ccc(-c3cncc(F)c3)nn12)N1CCN(c2ccccn2)CC1,28000
CHEMBL4209097,O=S(=O)(c1cnc2ccc(-c3cncc(C(F)(F)F)c3)nn12)N1CCN(c2ccccn2)CC1,11000
CHEMBL4204400,CS(=O)(=O)c1ccc(-c2ccc3ncc(S(=O)(=O)NCC4CCCO4)n3n2)cc1,30000
CHEMBL4217894,O=S(=O)(c1cnc2ccc(-c3cncc(F)c3)nn12)N1CCN(Cc2ccccc2)CC1,30000
CHEMBL3977963,CCn1c(=O)c2cnc3c(OC)cccc3c2n(-c2ccc(OC)c(OC)c2)c1=O,14200
CHEMBL3952042,COC(=O)N1CCC(n2c(=O)n(-c3cccc(Cl)c3)c(=O)c3cnc4c(OC)cccc4c32)CC1,50000
CHEMBL3986436,COc1cccc2c1ncc1c(=O)n(-c3cccc(Cl)c3)c(=O)n(C3CCC(C)CC3)c12,4
CHEMBL3973186,CCn1c(=O)c2cnc3c(OC(F)(F)F)cccc3c2n(C2CCCC2)c1=O,3600
CHEMBL3640330,CCN1CCN(C(=O)c2ccc(C#C[C@]3(CN4Cc5ccc(OC)c(F)c5C4=O)NC(=O)NC3=O)cc2)CC1,307.85
CHEMBL3640404,COc1ccc2c(c1)C(=O)N(C[C@@]1(C#Cc3ccc(N4C(=O)CCC4C(=O)N4CCN(C)CC4)cc3)NC(=O)NC1=O)C2,416
CHEMBL3642433,COc1ccc2c(c1)C(=O)N(C[C@@]1(C#Cc3nc(N4CCN(c5ccncc5)CC4)ccc3OC)NC(=O)NC1=O)C2,7271
CHEMBL2152944,O=C1c2ccc(Nc3ccc(F)cc3F)cc2CCc2ccc(OC[C@H](O)CO)cc21,0
CHEMBL4868376,CCCCCCCCCCCCCCNC(=O)[C@H](CCCCN)NCc1ccccc1,30000
CHEMBL4877472,CCCCC/C=C\CCCCCCCOCC(CNC(=O)c1cccc(C2CCNCC2)c1)OCCCCCCC/C=C\CCCCC,30000
CHEMBL4876723,CCCCCCCCCCCCCCOCC(CNC(=O)C(CC1CCNCC1)NC(=O)OCC1c2ccccc2-c2ccccc21)OCCCCCCCCCCCCCC.Cl,30000
CHEMBL4865889,CCCCCCCCCCCCCCOCC(CNC(=O)[C@@H](CCCCN)NCc1ccccc1)OCCCCCCCCCCCCCC.Cl,30000
CHEMBL4856507,CCCCCCCCCCCCCCOCC(CNC(=O)c1cccc(C2CCNCC2)c1)OCCCCCCCCCCCCCC.Cl,30000
CHEMBL3640357,CCN1CCN(c2cccc(-c3ccc(C#C[C@]4(CN5Cc6ccc(OC)c(F)c6C5=O)NC(=O)NC4=O)cc3F)n2)CC1,808.3
CHEMBL3640392,COc1ccc2c(c1F)C(=O)N(C[C@@]1(C#Cc3cc(F)cnc3Cl)NC(=O)NC1=O)C2,935
CHEMBL3640402,COc1ccc2c(c1)C(=O)N(C[C@@]1(C#Cc3ccc(N4C(=O)CCC4C(=O)NC4CC4)cc3)NC(=O)NC1=O)C2,127
CHEMBL255489,Cc1cc2occ(CN(C)CCN(C)Cc3cn(-c4cccc(C(F)(F)F)c4)c4ccccc34)c(=O)c2cc1C,5000
CHEMBL3740051,CN(CCN(C)C(=O)c1cn(S(=O)(=O)c2cccc(N)c2)c2ccccc12)C(=O)c1coc2ccccc2c1=O,20000
CHEMBL2152944,O=C1c2ccc(Nc3ccc(F)cc3F)cc2CCc2ccc(OC[C@H](O)CO)cc21,0
CHEMBL3741275,CN(CCN(C)C(=O)c1cn(S(=O)(=O)c2cccc([N+](=O)[O-])c2)c2ccccc12)C(=O)c1coc2ccccc2c1=O,40000
CHEMBL3642473,COc1ccc2c(c1)C(=O)N(C[C@@]1(C#Cc3ccnc(SC)n3)NC(=O)NC1=O)C2,3035
CHEMBL3642474,COc1ccc2c(c1)C(=O)N(C[C@]1(C#Cc3ccnc(SC)n3)NC(=O)NC1=O)C2,10001
CHEMBL3642553,COc1ccc2c(c1)C(=O)N(C[C@@]1(C#Cc3ccc(C(N=O)N4CCNC[C@@H]4C)cc3)NC(=O)NC1=O)C2,84
CHEMBL4204861,O=S(=O)(NCC1CCCO1)c1cnc2ccc(-c3cccnc3)nn12,4000
CHEMBL4209925,COc1ccc(-c2ccc3ncc(S(=O)(=O)NCC4CCCO4)n3n2)cc1,4000
CHEMBL4213498,CCN1CCN(S(=O)(=O)c2cnc3ccc(-c4ccc(S(C)(=O)=O)cc4)nn23)CC1,15000
CHEMBL3640403,COc1ccc2c(c1F)C(=O)N(C[C@@]1(C#Cc3ccc(N4C(=O)CCC4C(=O)NC4CC4)cc3)NC(=O)NC1=O)C2,278
CHEMBL3642432,COc1ccc2c(c1)C(=O)N(C[C@@]1(C#Cc3ncc(NCc4nccc(=O)[nH]4)cc3OC)NC(=O)NC1=O)C2,632
CHEMBL3642437,COc1ccc2c(c1)C(=O)N(C[C@@]1(C#Cc3cnc(N)nc3N)NC(=O)NC1=O)C2,1597
CHEMBL3642518,COc1ccc2c(c1)C(=O)N(C[C@@]1(C#Cc3ccc(C4(C)NC(=O)NC4=O)cc3C)NC(=O)NC1=O)C2,490
CHEMBL3642460,COc1ccc2c(c1)C(=O)N(C[C@@]1(C#Cc3ccc4c(N)n[nH]c4c3)NC(=O)NC1=O)C2,309.6
CHEMBL3642475,COc1ccc2c(c1)C(=O)N(C[C@@]1(C#Cc3ccc(F)c(C(O)(O)C(F)(F)F)c3)NC(=O)NC1=O)C2,1178
CHEMBL3642544,COc1ccc2c(c1)C(=O)N(C[C@@]1(C#Cc3ccc(C4(C)NC(=O)NC4=O)c(F)c3)NC(=O)NC1=O)C2,243
CHEMBL4214663,COc1cccc(CNS(=O)(=O)c2cnc3ccc(-c4cccnc4)nn23)c1,300
CHEMBL4212953,O=S(=O)(c1cnc2ccc(-c3cccnc3)nn12)N1CCN(Cc2ccccc2)CC1,18000
CHEMBL4217876,CCN1CCN(S(=O)(=O)c2cnc3ccc(Cl)nn23)CC1,30000
CHEMBL4284433,Cc1nc(Nc2nnc(-c3ccccc3)s2)c(C)c(C)c1O,290
CHEMBL4846103,CCCCCCCCCCCCCCOCC(CNC(=O)[C@H](CCCCN)NC(=O)OCC1c2ccccc2-c2ccccc21)OCCCCCCCCCCCCCC.Cl,30000
CHEMBL4877760,CCCCCCCCCCCCCCOCC(CNC(=O)CCCCCN)OCCCCCCCCCCCCCC.Cl,30000
CHEMBL4845765,CCCCCCCCCCCCCCOCC(CNC(=O)C1(NC(=O)OCc2ccccc2)CCNCC1)OCCCCCCCCCCCCCC.Cl,30000
CHEMBL3642482,COc1ccc2c(c1)C(=O)N(C[C@]1(C#Cc3cnc(N)c(C(=O)O)c3)NC(=O)NC1=O)C2,1001
CHEMBL3642483,COc1ccc2c(c1)C(=O)N(C[C@@]1(C#Cc3cnc(N)c(C(=O)NS(C)(=O)=O)c3)NC(=O)NC1=O)C2,10001
CHEMBL3642510,COc1ccc2c(c1)C(=O)N(C[C@@]1(C#Cc3ccc(C(N=O)N4CCCC4)cc3)NC(=O)NC1=O)C2,641
CHEMBL3642513,COc1ccc2c(c1)C(=O)N(C[C@@]1(C#Cc3ccc(C(N=O)N4CCCCC4)cc3)NC(=O)NC1=O)C2,154
CHEMBL3642542,COc1ccc2c(c1)C(=O)N(C[C@@]1(C#Cc3ccc(C4(C)NC(=O)NC4=O)nc3)NC(=O)NC1=O)C2,544
CHEMBL3642558,COc1ccc2c(c1)C(=O)N(CC1(C#Cc3cnc(N4CCC5(CC4)NC(=O)NC5=O)nc3N)NC(=O)NC1=O)C2,557
CHEMBL3741761,Cc1cc2occ(CN3CCN(Cc4cn(-c5cccc(C(F)(F)F)c5)c5ccccc45)CC3)c(=O)c2cc1C,10000
CHEMBL273019,COc1c(O)cc2c(c1O)[C@@H]1O[C@H](CO)[C@@H](O)[C@H](O)[C@H]1OC2=O,12500
CHEMBL4216524,CS(=O)(=O)c1ccc(-c2ccc3ncc(S(=O)(=O)N4CCN(c5ccccn5)CC4)n3n2)cc1,12000
CHEMBL3894945,COc1cccc2c1ncc1c(=O)n(C(C)C)c(=O)n(C3CCCC3)c12,270
CHEMBL3949836,COc1cccc2c1ncc1c(=O)n(-c3cccs3)c(=O)n(C3CCCC3)c12,410
CHEMBL3938364,COc1cccc2c1ncc1c(=O)n(-c3cccc(Cl)c3)c(=O)n(C3CCN(S(=O)(=O)C4CCS(=O)(=O)C4)CC3)c12,0.4
CHEMBL3642548,COc1ccc2c(c1)C(=O)N(C[C@@]1(C#Cc3cccnc3N3CCOCC3)NC(=O)NC1=O)C2,633
CHEMBL3640410,CCN1CCN(C(=O)c2ccc(OC)c(C#C[C@]3(CN4Cc5ccc(OC)cc5C4=O)NC(=O)NC3=O)n2)CC1,622
CHEMBL3640424,COc1ccc2c(c1)C(=O)N(C[C@@]1(C#Cc3nc(N4C[C@@H](O)CC4=O)ccc3OC)NC(=O)NC1=O)C2,837.1
CHEMBL3640433,COc1ccc2c(c1)C(=O)N(C[C@@]1(C#Cc3nc(-c4ccc(N5CCNCC5)nc4)ccc3OC)NC(=O)NC1=O)C2,2049
CHEMBL3640304,CSc1ccc2c(c1)C(=O)N(C[C@@]1(C#Cc3cccnc3)NC(=O)NC1=O)C2,651.1
CHEMBL3640325,COc1ccc2c(c1)C(=O)N(C[C@@]1(C#Cc3cncc(-c4ccc(O)c(-c5cn[nH]c5)n4)c3)NC(=O)NC1=O)C2,374
CHEMBL3640336,COc1ccc2c(c1)C(=O)N(C[C@@]1(C#Cc3ccc(-c4nc(-c5ccncc5)ccc4O)cc3)NC(=O)NC1=O)C2,65
CHEMBL3640342,CCN1CCN(Cc2ccc(C#C[C@]3(CN4Cc5ccc(OC)cc5C4=O)NC(=O)NC3=O)cn2)CC1,782.3
CHEMBL3640361,COc1ccc2c(c1F)C(=O)N(C[C@@]1(C#Cc3ccc(-c4cccc(N5CCOCC5)n4)c(F)c3)NC(=O)NC1=O)C2,2557
CHEMBL3640365,COc1ccc2c(c1)C(=O)N(C[C@@]1(C#Cc3ccc(-c4ccc(-c5cccc(N6CCSCC6)n5)cc4)cc3)NC(=O)NC1=O)C2,1000001
CHEMBL3640369,COc1ccc2c(c1F)C(=O)N(C[C@@]1(C#Cc3ccc(-c4nc(-c5cnn(C)c5)ccc4OC(=O)C(C)(C)C)c(F)c3)NC(=O)NC1=O)C2,68.45
CHEMBL3640372,COc1ccc2c(c1)C(=O)N(C[C@@]1(C#Cc3ccc(-c4cnccc4C)nc3)NC(=O)NC1=O)C2,2392
CHEMBL3640376,COc1ccc2c(c1)C(=O)N(C[C@@]1(C#Cc3ccc(-n4cnc(CCNC(C)=O)c4)nc3)NC(=O)NC1=O)C2,524
CHEMBL3640379,COc1ccc2c(c1)C(=O)N(C[C@@]1(C#Cc3ccc(-n4ccnc4)cc3)NC(=O)NC1=O)C2,786
CHEMBL3640381,COc1ccc2c(c1)C(=O)N(C[C@@]1(C#Cc3ccc(-c4cccc(C)c4O)nc3)NC(=O)NC1=O)C2,3505
CHEMBL3640382,COc1ccc2c(c1)C(=O)N(C[C@@]1(C#Cc3ccc(-c4ccc(C)[nH]c4=O)nc3)NC(=O)NC1=O)C2,766
CHEMBL3640389,COc1ccc2c(c1F)C(=O)N(C[C@@]1(C#Cc3ccc(C(N=O)N4CCNC[C@@H]4C)c(F)c3)NC(=O)NC1=O)C2,42
CHEMBL3640391,CCN1CCN(C(N=O)c2ccc(C#C[C@]3(CN4Cc5ccc(OC)c(F)c5C4=O)NC(=O)NC3=O)cc2F)[C@@H](C)C1,69
CHEMBL3640298,COc1ccc2c(c1)C(=O)N(C[C@@]1(C#Cc3cc(F)c4c(=O)[nH][nH]c4c3)NC(=O)NC1=O)C2,723
CHEMBL3640300,COc1ccc2c(c1)C(=O)N(C[C@@]1(C#Cc3ccc4c(c3)CN(C)C(=O)N4)NC(=O)NC1=O)C2,507.15
CHEMBL3640303,Cn1cc(-c2ccc3c(c2)C(=O)N(C[C@]2(C#Cc4cccnc4)NC(=O)NC2=O)C3)cn1,10000001
CHEMBL3640323,COc1ccc2c(c1)C(=O)N(C[C@@]1(C#Cc3ccc(C(CN)N4CCC(N)C4)cc3)NC(=O)NC1=O)C2,233
CHEMBL3642462,CCN1CCN(c2n[nH]c3ccc(C#C[C@]4(CN5Cc6ccc(OC)cc6C5=O)NC(=O)NC4=O)cc23)CC1,421.75
CHEMBL3642467,CCOC(=O)Nc1cncc(C#C[C@]2(CN3Cc4ccc(OC)cc4C3=O)NC(=O)NC2=O)c1,1230
CHEMBL3642543,COc1ccc2c(c1)C(=O)N(C[C@@]1(C#Cc3ccc(CC4(C)NC(=O)NC4=O)cc3)NC(=O)NC1=O)C2,1001
CHEMBL4777447,Cc1nc2cc(F)c(-c3cnc(C(C)(C)O)nc3)nc2c(N[C@H](C)c2cc(C#N)ccc2F)c1Cl,27
CHEMBL3642461,COc1ccc2c(c1)C(=O)N(C[C@@]1(C#Cc3ccc4[nH]nc(N)c4c3)NC(=O)NC1=O)C2,520.1
CHEMBL3642466,COc1ccc2c(c1)C(=O)N(C[C@@]1(C#Cc3cncc(NC(C)=O)c3)NC(=O)NC1=O)C2,444
CHEMBL3642524,COc1ccc2c(c1)C(=O)N(C[C@@]1(C#Cc3cccnc3-c3cnn(C)c3)NC(=O)NC1=O)C2,2223
CHEMBL3642525,COc1ccc2c(c1)C(=O)N(C[C@@]1(C#Cc3cccnc3-c3c(C)nn(C)c3C)NC(=O)NC1=O)C2,2535
CHEMBL3640318,COc1ccc2c(c1)C(=O)N(C[C@@]1(C#Cc3ccc(C4(O)CCNCC4)cc3)NC(=O)NC1=O)C2,2390
CHEMBL3640412,CCNc1nnc(-c2ccc(OC)c(C#C[C@]3(CN4Cc5ccc(OC)cc5C4=O)NC(=O)NC3=O)n2)o1,899
CHEMBL3958223,CCOC(=O)Cn1c(=O)c2cnc3c(OC)cccc3c2n(C2CCCC2)c1=O,1000
CHEMBL3921402,COc1cccc2c1ncc1c(=O)n(-c3cccc(Cl)c3)c(=O)n(C3CCC(F)(F)CC3)c12,2
CHEMBL4787790,C[C@@H]1CN(c2ncc(-c3ccc4c(c3)N(Cc3cccnc3C#N)C(C)(C)C4=O)cn2)CCN1C(=O)CO,163
CHEMBL4793924,CC1(C)C(=O)c2ccc(-c3cnc(N4CCN5C(=O)NC[C@@H]5C4)nc3)cc2N1Cc1cccnc1C#N,71
CHEMBL3642534,COc1ccc2c(c1)C(=O)N(C[C@@]1(C#Cc3ccc(C(C(=O)O)N4CCCNCC4)cc3)NC(=O)NC1=O)C2,588
CHEMBL3640324,COc1ccc2c(c1F)C(=O)N(C[C@@]1(C#Cc3ccc(N4CCNCC4)cc3)NC(=O)NC1=O)C2,118
CHEMBL3640335,COc1ccc2c(c1)C(=O)N(C[C@@]1(C#Cc3ccc(-c4ccccc4O)cc3)NC(=O)NC1=O)C2,652.1
CHEMBL3642496,COc1ccc2c(c1)C(=O)N(C[C@@]1(C#Cc3ccc(C(N=O)N4CCN(C5CC5)CC4)cc3)NC(=O)NC1=O)C2,92
CHEMBL3642501,COc1ccc2c(c1)C(=O)N(C[C@@]1(C#Cc3ccc(C(N=O)N4CCN(C5CCCCCC5)CC4)cc3)NC(=O)NC1=O)C2,151
CHEMBL3640383,COc1ccc2c(c1F)C(=O)N(C[C@@]1(C#Cc3ccc(C4(C)NC(=O)NC4=O)c(F)c3)NC(=O)NC1=O)C2,148
CHEMBL3642454,COc1ccc2c(c1)C(=O)N(C[C@@]1(C#Cc3ccc(OC)nc3OC)NC(=O)NC1=O)C2,1001
CHEMBL3642458,COc1ccc2c(c1)C(=O)N(C[C@@]1(C#Cc3ccc(-c4cc[nH]n4)nc3)NC(=O)NC1=O)C2,231
CHEMBL3640299,COc1ccc2c(c1F)C(=O)N(C[C@@]1(C#Cc3cc(F)c4c(=O)[nH][nH]c4c3)NC(=O)NC1=O)C2,383.45
CHEMBL3640396,COc1ccc2c(c1)C(=O)N(C[C@@]1(C#Cc3ccc(-c4ccc(F)cc4O)nc3)NC(=O)NC1=O)C2,9459
CHEMBL3640337,COc1ccc2c(c1)C(=O)N(C[C@@]1(C#Cc3ccc(-c4nc(-c5cccnc5)ccc4O)cc3)NC(=O)NC1=O)C2,80.25
CHEMBL1288726,CCN1CCN(c2ccc(O)c(-c3ccc(C#C[C@]4(CN5Cc6ccc(OC)cc6C5=O)NC(=O)NC4=O)cc3F)n2)CC1,39.75
CHEMBL3640359,COc1ccc2c(c1F)C(=O)N(C[C@@]1(C#Cc3ccc(-c4cccc(N5CCN(C6CCCCC6)CC5)n4)c(F)c3)NC(=O)NC1=O)C2,2431
CHEMBL3640375,COc1ccc2c(c1)C(=O)N(C[C@@]1(C#Cc3ccc(-n4cnc(CCNC(C)=O)c4)cc3)NC(=O)NC1=O)C2,453
CHEMBL4060030,Nc1nccc(N(Cc2ccccc2)c2ccccc2-c2cccc(-c3cnc(N4CCNCC4)nc3)c2)n1,1200
CHEMBL4763268,C[C@H](Nc1c(Cl)cnc2ccc(-c3cnc(C(C)(C)O)nc3)cc12)c1ccccc1,943
CHEMBL4758143,CC(Nc1c(Cl)cnc2c(Cl)cc(-c3cnc(C(C)(C)O)nc3)cc12)c1ccccc1F,106
CHEMBL4789048,CC(Nc1c(Cl)cnc2cnc(-c3cnc(C(C)(C)O)nc3)cc12)c1ccccc1F,400
CHEMBL4741635,CC(Nc1c(Cl)cnc2ncc(-c3cnc(C(C)(C)O)nc3)cc12)c1ccccc1F,207
CHEMBL3642440,COc1ccc2c(c1)C(=O)N(C[C@@]1(C#Cc3cncc(-c4ccc(C(N)=O)o4)c3)NC(=O)NC1=O)C2,776.1
CHEMBL3642447,COc1ccc2c(c1)C(=O)N(C[C@@]1(C#Cc3cc(C(N)=O)ccc3C)NC(=O)NC1=O)C2,417
CHEMBL3642503,COc1ccc2c(c1)C(=O)N(C[C@@]1(C#Cc3ccc4c(c3)C(C)Oc3cccnc3-4)NC(=O)NC1=O)C2,3546
CHEMBL3642522,CNC(=O)C1(c2ccc(C#C[C@]3(CN4Cc5ccc(OC)cc5C4=O)NC(=O)NC3=O)cc2)CC1,443
CHEMBL3640415,COc1ccc2c(c1)C(=O)N(C[C@@]1(C#Cc3ccc(-n4c(-c5cccnc5)n[nH]c4=O)cc3)NC(=O)NC1=O)C2,258
CHEMBL3642484,COc1ccc2c(c1)C(=O)N(C[C@]1(C#Cc3ccc(C(=O)O)s3)NC(=O)NC1=O)C2,10001
CHEMBL4744215,Cc1ccc(C)c(Nc2ccnc3ccc(-c4ccc(C#N)nc4)cc23)c1,25000
CHEMBL4777447,Cc1nc2cc(F)c(-c3cnc(C(C)(C)O)nc3)nc2c(N[C@H](C)c2cc(C#N)ccc2F)c1Cl,30
CHEMBL4794492,CC(Nc1c(Cl)cnc2ccc(-c3cnc(C(C)(C)O)nc3)cc12)c1ccccc1C(F)(F)F,51
CHEMBL4776281,Cc1ccc(C)c(Nc2c(Cl)cnc3ccc(-c4ccc(C#N)nc4)cc23)c1,35
CHEMBL4781606,C[C@@H](Nc1c(Cl)cnc2ccc(-c3cnc(C(C)(C)O)nc3)cc12)c1ccccc1,14
CHEMBL4763313,CC(Nc1c(Cl)cnc2ccc(-c3cnc(C(C)(C)O)nc3)cc12)c1cccc(F)c1,31
CHEMBL4759848,C[C@@H](Nc1c(Cl)cnc2ccc(-c3cnc(C(C)(C)O)nc3)cc12)c1cc(C#N)ccc1F,49
CHEMBL4776179,CC(Nc1c(Cl)cnc2cc(Cl)c(-c3cnc(C(C)(C)O)nc3)cc12)c1ccccc1F,178
CHEMBL4787001,C[C@@H](Nc1c(Cl)cnc2ccc(-c3cnc(C(C)(C)O)nc3)cc12)c1ccccc1F,17
CHEMBL4785988,C[C@@H](Nc1c(Cl)cnc2ccc(-c3cnc(N4CCS(=O)(=O)CC4)nc3)cc12)c1ccccc1F,25
CHEMBL4743779,Cc1ccc(C)c(Cn2c(C(O)c3ccncc3)nc3ccc(-c4cnn(C)c4)cc32)c1,202
CHEMBL4763268,C[C@H](Nc1c(Cl)cnc2ccc(-c3cnc(C(C)(C)O)nc3)cc12)c1ccccc1,25000
CHEMBL4790350,CCC(Nc1c(Cl)cnc2ccc(-c3cnc(C(C)(C)O)nc3)cc12)c1ccccc1F,368
CHEMBL4793073,C[C@@H](Nc1c(Cl)cnc2ccc(-c3cnc(C(C)(C)O)nc3)cc12)c1cc(N2CCCC2)ccc1F,331
CHEMBL4762023,CC(Nc1c(Cl)cnc2ccc(-c3cnc(C(C)(C)O)nc3)cc12)c1ccccc1F,27
CHEMBL4777447,Cc1nc2cc(F)c(-c3cnc(C(C)(C)O)nc3)nc2c(N[C@H](C)c2cc(C#N)ccc2F)c1Cl,25
CHEMBL4763313,CC(Nc1c(Cl)cnc2ccc(-c3cnc(C(C)(C)O)nc3)cc12)c1cccc(F)c1,1037
CHEMBL4783749,C[C@@H](Nc1c(Cl)cnc2ccc(-c3cnc(C(C)(C)O)nc3)cc12)c1cc(N)ccc1F,41
CHEMBL4776179,CC(Nc1c(Cl)cnc2cc(Cl)c(-c3cnc(C(C)(C)O)nc3)cc12)c1ccccc1F,54
CHEMBL4862067,CCCCCCCCCCCCCCOCC(CNC(=O)[C@H]1CC[C@H](N)CC1)OCCCCCCCCCCCCCC.Cl,30000
CHEMBL4877055,CCCCCCCCCCCCCCOCC(CNC(=O)c1cccc(N2CCNCC2)c1)OCCCCCCCCCCCCCC.Cl,30000
CHEMBL4789269,Cc1ccc(C)c(Nc2c(Cl)cnc3ccc(Br)cc23)c1,36
CHEMBL4745102,C[C@@H](Nc1ccnc2ccc(-c3cnc(C(C)(C)O)nc3)cc12)c1cc(N2CCCC2)ccc1F,15125
CHEMBL4776281,Cc1ccc(C)c(Nc2c(Cl)cnc3ccc(-c4ccc(C#N)nc4)cc23)c1,73
CHEMBL4797699,CCOc1ncc(-c2ccc3ncc(Cl)c(N[C@H](C)c4ccccc4F)c3c2)cn1,587
CHEMBL4743794,CC(Nc1c(Cl)cnc2ccc(-c3cnc(C(C)(C)O)nc3)c(Cl)c12)c1ccccc1F,365
CHEMBL5289737,C=CCOc1ccc(C2C(C(=O)OCC)=C(C)NC3S/C(=C\c4ccc(N5CCOCC5)cc4)C(=O)N32)cc1,1160
CHEMBL3644501,COc1cccc2c1ncc1c(=O)n(-c3cccc(Cl)c3)c(=O)n(C3CCN(S(C)(=O)=O)CC3)c12,2.4
CHEMBL5285518,CN(C)CCCOc1ccc(/C=C2\CC/C(=C\c3ccccc3C(F)(F)F)C2=O)cc1,1424
CHEMBL3642439,COc1ccc2c(c1)C(=O)N(C[C@@]1(C#Cc3ccc(N4CCC(=O)CC4)nc3)NC(=O)NC1=O)C2,1001
CHEMBL3642450,COc1ccc2c(c1)C(=O)N(C[C@@]1(C#Cc3ccc(-c4nnc[nH]4)cc3OC)NC(=O)NC1=O)C2,131
CHEMBL3642455,COc1ccc2c(c1)C(=O)N(C[C@@]1(C#Cc3cnc(C)[nH]c3=O)NC(=O)NC1=O)C2,1130
CHEMBL3642491,COc1ccc2c(c1)C(=O)N(C[C@@]1(C#Cc3ccc(C(N=O)N4CCSCC4)cc3)NC(=O)NC1=O)C2,153
CHEMBL3642508,CCN1CCN(c2ccc(O)c(-c3ccc(C#C[C@]4(CN5Cc6ccc(OC)cc6C5=O)NC(=O)NC4=O)cc3)n2)CC1,72.4
CHEMBL3642514,COc1ccc2c(c1)C(=O)N(C[C@@]1(C#Cc3ccc(C(N=O)N4CCN(C)CC4)s3)NC(=O)NC1=O)C2,220
CHEMBL3642546,COc1ccc2c(c1)C(=O)N(CC1(C#Cc3cccnc3N3CCN(C)CC3)NC(=O)NC1=O)C2,1231
CHEMBL4793073,C[C@@H](Nc1c(Cl)cnc2ccc(-c3cnc(C(C)(C)O)nc3)cc12)c1cc(N2CCCC2)ccc1F,94
CHEMBL4743885,CC(Nc1c(Cl)cnc2ccc(-c3cnc(C(C)(C)O)nc3)cc12)c1ccccn1,25000
CHEMBL4787433,C[C@@H](Nc1c(Cl)cnc2ccc(-c3ccc(S(C)(=O)=O)nc3)cc12)c1ccccc1F,909
CHEMBL4648362,Cc1cc2c(-c3ccco3)cnc(N[C@@H]3CCN(C)C[C@H]3C(=O)NC3CCCCC3)c2[nH]c1=O,870
CHEMBL4744215,Cc1ccc(C)c(Nc2ccnc3ccc(-c4ccc(C#N)nc4)cc23)c1,428
CHEMBL4742834,CC(Nc1c(Cl)cnc2ccc(-c3cnc(C(C)(C)O)nc3)cc12)c1ccc(F)cc1,62
CHEMBL4787433,C[C@@H](Nc1c(Cl)cnc2ccc(-c3ccc(S(C)(=O)=O)nc3)cc12)c1ccccc1F,15
CHEMBL4781606,C[C@@H](Nc1c(Cl)cnc2ccc(-c3cnc(C(C)(C)O)nc3)cc12)c1ccccc1,496
CHEMBL3640302,O=C1NC(=O)[C@](C#Cc2cccnc2)(CN2Cc3ccc(I)cc3C2=O)N1,976.7
CHEMBL2391027,CCOC(=O)C1=C(C)N=c2s/c(=C\c3ccc(N4CCOCC4)cc3)c(=O)n2C1c1ccccc1,3310
CHEMBL5282465,CCOC(=O)C1=C(C)NC2S/C(=C\c3ccc(N4CCOCC4)cc3)C(=O)N2C1c1cccs1,890
CHEMBL478482,O=C1/C(=C/c2ccccc2C(F)(F)F)CCC/C1=C\c1ccccc1C(F)(F)F,20570
CHEMBL704,Nc1ccc(O)c(C(=O)O)c1,20600000
CHEMBL5287859,Cc1coc2c1C(=O)c1c3c-2ccc2c3c(n1Cc1ccccc1)C(=O)CC2(C)C,6380
CHEMBL63,COc1ccc(C2CNC(=O)C2)cc1OC1CCCC1,500
CHEMBL5268975,COc1cc(/C=C2\CC/C(=C\c3ccccc3C(F)(F)F)C2=O)ccc1O,629